<?xml version="1.0" encoding="utf-8"?>
<COLLADA xmlns="http://www.collada.org/2005/11/COLLADASchema" version="1.4.1">
	<asset>
		<contributor>
			<author>Mecabricks User</author>
			<authoring_tool>Mecabricks 6.0</authoring_tool>
		</contributor>
		<created>2025-09-04 T 12:49:19</created>
		<modified>2025-09-04 T 12:49:19</modified>
		<unit name="millimeter" meter="0.001"/>
		<up_axis>Y_UP</up_axis>
	</asset>
	<library_effects>
		<effect id="MB|42-effect">
			<profile_COMMON>
				<technique sid="common">
					<phong>
						<diffuse>
							<color sid="diffuse">0.13843161502267545 0.5028864580233624 0.5583403896257968 1</color>
						</diffuse>
						<transparent opaque="A_ONE">
							<color>0.13843161502267545 0.5028864580233624 0.5583403896257968 1</color>
						</transparent>
						<transparency>
							<float sid="transparent">0.7</float>
						</transparency>
						<index_of_refraction>
							<float sid="index_of_refraction">0</float>
						</index_of_refraction>
					</phong>
				</technique>
			</profile_COMMON>
		</effect>
	</library_effects>
	<library_materials>
		<material id="MB|42-material" name="MB|42">
			<instance_effect url="#MB|42-effect"/>
		</material>
	</library_materials>
	<library_geometries>
		<geometry id="3001|MB|42-mesh" name="3001|MB|42">
			<mesh>
				<source id="3001|MB|42-mesh-positions">
					<float_array id="3001|MB|42-mesh-positions-array" count="4710">15.96 0.02 7.96 15.96 9.58 7.96 14.8 0.02 6.8 14.8 8.5 6.8 3.003 0.02 1.244 2.298 0.02 2.298 1.244 0.02 3.003 2.217 0.02 0.918 1.697 0.02 1.697 0.918 0.02 2.217 0.918 8.5 2.217 1.697 8.5 1.697 2.217 8.5 0.918 1.244 8.5 3.003 2.298 8.5 2.298 3.003 8.5 1.244 11.003 8.5 1.244 10.298 8.5 2.298 9.244 8.5 3.003 10.217 8.5 0.918 9.697 8.5 1.697 8.918 8.5 2.217 8 0.02 2.4 8.918 0.02 2.217 9.697 0.02 1.697 10.217 0.02 0.918 9.244 0.02 3.003 10.298 0.02 2.298 11.003 0.02 1.244 3.7 8.5 6.8 3.7 8.5 6.4 3.7 0.15 6.4 3.7 0.15 6.8 14.8 0.15 4.3 14.4 0.15 4.3 14.4 0.15 3.7 14.8 0.15 3.7 14.8 8.5 3.7 14.4 8.5 3.7 14.4 8.5 4.3 14.8 8.5 4.3 0.4 8.5 3.173 0.4 8.5 6.8 0.4 2 6.8 0.4 2 3.173 12 9.58 7.96 12 0.02 6.8 12 0.02 7.96 12 8.5 6.8 8 0.02 7.96 8 0.02 6.8 12.3 8.5 6.4 12.3 8.5 6.8 11.7 8.5 6.8 11.7 8.5 6.4 11.7 0.15 6.4 11.7 0.15 6.8 12.3 0.15 6.8 12.3 0.15 6.4 12 8.5 6.4 12 0.15 6.4 12 0.15 6.8 8 8.5 2.4 4 9.58 7.96 4 0.02 6.8 8 9.58 7.96 4.997 8.5 1.244 5.702 8.5 2.298 6.756 8.5 3.003 5.783 8.5 0.918 6.303 8.5 1.697 7.082 8.5 2.217 7.082 0.02 2.217 6.303 0.02 1.697 5.783 0.02 0.918 6.756 0.02 3.003 5.702 0.02 2.298 4.997 0.02 1.244 4 0.02 7.96 4 8.5 6.8 8 0.02 3.25 4.3 8.5 6.8 4.3 8.5 6.4 4.3 0.15 6.4 4.3 0.15 6.8 4 8.5 6.4 4 0.15 6.4 4 0.15 6.8 8 8.5 6.8 8 8.5 3.25 -15.96 0.02 7.96 -15.96 9.58 7.96 -14.8 0.02 6.8 -14.8 8.5 6.8 -3.003 0.02 1.244 -2.298 0.02 2.298 -1.244 0.02 3.003 -2.217 0.02 0.918 -1.697 0.02 1.697 -0.918 0.02 2.217 -0.918 8.5 2.217 -1.697 8.5 1.697 -2.217 8.5 0.918 -1.244 8.5 3.003 -2.298 8.5 2.298 -3.003 8.5 1.244 -11.003 8.5 1.244 -10.298 8.5 2.298 -9.244 8.5 3.003 -10.217 8.5 0.918 -9.697 8.5 1.697 -8.918 8.5 2.217 -8 0.02 2.4 -8.918 0.02 2.217 -9.697 0.02 1.697 -10.217 0.02 0.918 -9.244 0.02 3.003 -10.298 0.02 2.298 -11.003 0.02 1.244 -3.7 8.5 6.8 -3.7 8.5 6.4 -3.7 0.15 6.4 -3.7 0.15 6.8 -14.8 0.15 4.3 -14.4 0.15 4.3 -14.4 0.15 3.7 -14.8 0.15 3.7 -14.8 8.5 3.7 -14.4 8.5 3.7 -14.4 8.5 4.3 -14.8 8.5 4.3 -0.4 8.5 3.173 -0.4 8.5 6.8 -0.4 2 6.8 -0.4 2 3.173 -12 9.58 7.96 -12 0.02 6.8 -12 0.02 7.96 -12 8.5 6.8 -8 0.02 7.96 -8 0.02 6.8 -12.3 8.5 6.4 -12.3 8.5 6.8 -11.7 8.5 6.8 -11.7 8.5 6.4 -11.7 0.15 6.4 -11.7 0.15 6.8 -12.3 0.15 6.8 -12.3 0.15 6.4 -12 8.5 6.4 -12 0.15 6.4 -12 0.15 6.8 -8 8.5 2.4 0 0.02 3.25 0 0.02 2.4 0 8.5 2.4 0 8.5 3.25 0 2 3.25 0 0.02 7.96 0 9.58 7.96 0 0.02 6.8 0 8.5 6.8 0 2 6.8 -4 9.58 7.96 -4 0.02 6.8 -8 9.58 7.96 -4.997 8.5 1.244 -5.702 8.5 2.298 -6.756 8.5 3.003 -5.783 8.5 0.918 -6.303 8.5 1.697 -7.082 8.5 2.217 -7.082 0.02 2.217 -6.303 0.02 1.697 -5.783 0.02 0.918 -6.756 0.02 3.003 -5.702 0.02 2.298 -4.997 0.02 1.244 -4 0.02 7.96 -4 8.5 6.8 -8 0.02 3.25 -4.3 8.5 6.8 -4.3 8.5 6.4 -4.3 0.15 6.4 -4.3 0.15 6.8 -4 8.5 6.4 -4 0.15 6.4 -4 0.15 6.8 -8 8.5 6.8 -8 8.5 3.25 15.96 0.02 -7.96 15.96 9.58 -7.96 14.8 0.02 -6.8 14.8 8.5 -6.8 3.003 0.02 -1.244 2.298 0.02 -2.298 1.244 0.02 -3.003 2.217 0.02 -0.918 1.697 0.02 -1.697 0.918 0.02 -2.217 0.918 8.5 -2.217 1.697 8.5 -1.697 2.217 8.5 -0.918 1.244 8.5 -3.003 2.298 8.5 -2.298 3.003 8.5 -1.244 11.003 8.5 -1.244 10.298 8.5 -2.298 9.244 8.5 -3.003 10.217 8.5 -0.918 9.697 8.5 -1.697 8.918 8.5 -2.217 8 0.02 -2.4 8.918 0.02 -2.217 9.697 0.02 -1.697 10.217 0.02 -0.918 9.244 0.02 -3.003 10.298 0.02 -2.298 11.003 0.02 -1.244 3.7 8.5 -6.8 3.7 8.5 -6.4 3.7 0.15 -6.4 3.7 0.15 -6.8 14.8 0.15 -4.3 14.4 0.15 -4.3 14.4 0.15 -3.7 14.8 0.15 -3.7 14.8 8.5 -3.7 14.4 8.5 -3.7 14.4 8.5 -4.3 14.8 8.5 -4.3 0.4 8.5 -3.173 0.4 8.5 -6.8 0.4 2 -6.8 0.4 2 -3.173 12 9.58 -7.96 12 0.02 -6.8 12 0.02 -7.96 12 8.5 -6.8 8 0.02 -7.96 8 0.02 -6.8 12.3 8.5 -6.4 12.3 8.5 -6.8 11.7 8.5 -6.8 11.7 8.5 -6.4 11.7 0.15 -6.4 11.7 0.15 -6.8 12.3 0.15 -6.8 12.3 0.15 -6.4 12 8.5 -6.4 12 0.15 -6.4 12 0.15 -6.8 8 8.5 -2.4 12 9.58 0 8 9.58 0 4 9.58 0 8 8.5 0 3.25 0.02 0 2.4 0.02 0 2.4 8.5 0 3.25 8.5 0 11.25 8.5 0 10.4 8.5 0 10.4 0.02 0 11.25 0.02 0 15.96 0.02 0 15.96 9.58 0 14.8 0.02 0 14.8 8.5 0 12 8.5 0 4 8.5 0 4 9.58 -7.96 4 0.02 -6.8 8 9.58 -7.96 4.997 8.5 -1.244 5.702 8.5 -2.298 6.756 8.5 -3.003 5.783 8.5 -0.918 6.303 8.5 -1.697 7.082 8.5 -2.217 7.082 0.02 -2.217 6.303 0.02 -1.697 5.783 0.02 -0.918 6.756 0.02 -3.003 5.702 0.02 -2.298 4.997 0.02 -1.244 4 0.02 -7.96 4 8.5 -6.8 8 0.02 -3.25 4.3 8.5 -6.8 4.3 8.5 -6.4 4.3 0.15 -6.4 4.3 0.15 -6.8 4 8.5 -6.4 4 0.15 -6.4 4 0.15 -6.8 8 8.5 -6.8 8 8.5 -3.25 4.75 8.5 0 5.6 8.5 0 5.6 0.02 0 4.75 0.02 0 -15.96 0.02 -7.96 -15.96 9.58 -7.96 -14.8 0.02 -6.8 -14.8 8.5 -6.8 -3.003 0.02 -1.244 -2.298 0.02 -2.298 -1.244 0.02 -3.003 -2.217 0.02 -0.918 -1.697 0.02 -1.697 -0.918 0.02 -2.217 -0.918 8.5 -2.217 -1.697 8.5 -1.697 -2.217 8.5 -0.918 -1.244 8.5 -3.003 -2.298 8.5 -2.298 -3.003 8.5 -1.244 -11.003 8.5 -1.244 -10.298 8.5 -2.298 -9.244 8.5 -3.003 -10.217 8.5 -0.918 -9.697 8.5 -1.697 -8.918 8.5 -2.217 -8 0.02 -2.4 -8.918 0.02 -2.217 -9.697 0.02 -1.697 -10.217 0.02 -0.918 -9.244 0.02 -3.003 -10.298 0.02 -2.298 -11.003 0.02 -1.244 -3.7 8.5 -6.8 -3.7 8.5 -6.4 -3.7 0.15 -6.4 -3.7 0.15 -6.8 -14.8 0.15 -4.3 -14.4 0.15 -4.3 -14.4 0.15 -3.7 -14.8 0.15 -3.7 -14.8 8.5 -3.7 -14.4 8.5 -3.7 -14.4 8.5 -4.3 -14.8 8.5 -4.3 -0.4 8.5 -3.173 -0.4 8.5 -6.8 -0.4 2 -6.8 -0.4 2 -3.173 -12 9.58 -7.96 -12 0.02 -6.8 -12 0.02 -7.96 -12 8.5 -6.8 -8 0.02 -7.96 -8 0.02 -6.8 -12.3 8.5 -6.4 -12.3 8.5 -6.8 -11.7 8.5 -6.8 -11.7 8.5 -6.4 -11.7 0.15 -6.4 -11.7 0.15 -6.8 -12.3 0.15 -6.8 -12.3 0.15 -6.4 -12 8.5 -6.4 -12 0.15 -6.4 -12 0.15 -6.8 -8 8.5 -2.4 -12 9.58 0 -8 9.58 0 -4 9.58 0 0 9.58 0 0 0.02 -3.25 0 0.02 -2.4 0 8.5 -2.4 0 8.5 -3.25 0 2 -3.25 0 0.02 -7.96 0 9.58 -7.96 0 0.02 -6.8 0 8.5 -6.8 0 2 -6.8 -8 8.5 0 -3.25 0.02 0 -2.4 0.02 0 -2.4 8.5 0 -3.25 8.5 0 -11.25 8.5 0 -10.4 8.5 0 -10.4 0.02 0 -11.25 0.02 0 -15.96 0.02 0 -15.96 9.58 0 -14.8 0.02 0 -14.8 8.5 0 -12 8.5 0 -4 8.5 0 0 8.5 0 -4 9.58 -7.96 -4 0.02 -6.8 -8 9.58 -7.96 -4.997 8.5 -1.244 -5.702 8.5 -2.298 -6.756 8.5 -3.003 -5.783 8.5 -0.918 -6.303 8.5 -1.697 -7.082 8.5 -2.217 -7.082 0.02 -2.217 -6.303 0.02 -1.697 -5.783 0.02 -0.918 -6.756 0.02 -3.003 -5.702 0.02 -2.298 -4.997 0.02 -1.244 -4 0.02 -7.96 -4 8.5 -6.8 -8 0.02 -3.25 -4.3 8.5 -6.8 -4.3 8.5 -6.4 -4.3 0.15 -6.4 -4.3 0.15 -6.8 -4 8.5 -6.4 -4 0.15 -6.4 -4 0.15 -6.8 -8 8.5 -6.8 -8 8.5 -3.25 -4.75 8.5 0 -5.6 8.5 0 -5.6 0.02 0 -4.75 0.02 0 15.96 0.02 7.96 15.96 0.02 7.96 15.96 9.58 7.96 15.96 9.58 7.96 12 9.58 7.96 12 0.02 6.8 14.8 0.02 6.8 14.8 0.02 6.8 14.8 8.5 6.8 14.8 8.5 6.8 3.25 0.02 0 3.003 0.02 1.244 2.298 0.02 2.298 1.244 0.02 3.003 0 0.02 3.25 2.4 0.02 0 2.217 0.02 0.918 1.697 0.02 1.697 0.918 0.02 2.217 0 0.02 2.4 8 0.02 2.4 8.918 0.02 2.217 9.697 0.02 1.697 10.217 0.02 0.918 10.4 0.02 0 9.244 0.02 3.003 10.298 0.02 2.298 11.003 0.02 1.244 11.25 0.02 0 3.7 8.5 6.4 3.7 0.15 6.4 3.7 0.15 6.4 3.7 0.15 6.8 14.4 0.15 4.3 14.4 0.15 4.3 14.4 0.15 3.7 14.4 0.15 3.7 14.8 0.15 4.3 14.8 0.15 3.7 14.4 8.5 3.7 14.4 8.5 4.3 0.4 2 6.8 0.4 2 3.173 8 0.02 6.8 12 0.02 7.96 12 8.5 6.8 15.96 0.02 0 14.8 8.5 0 14.8 0.02 0 8 0.02 7.96 12.3 8.5 6.4 12.3 0.15 6.4 12.3 0.15 6.4 11.7 8.5 6.4 11.7 0.15 6.4 11.7 0.15 6.4 11.7 0.15 6.8 12 0.15 6.4 12.3 0.15 6.8 15.96 9.58 0 8 9.58 7.96 0 9.58 7.96 4 9.58 7.96 0 0.02 6.8 4 0.02 6.8 7.082 0.02 2.217 6.303 0.02 1.697 5.783 0.02 0.918 5.6 0.02 0 6.756 0.02 3.003 5.702 0.02 2.298 4.997 0.02 1.244 4.75 0.02 0 8 0.02 3.25 4.3 8.5 6.4 4.3 0.15 6.4 4.3 0.15 6.4 4.3 0.15 6.8 4 0.15 6.4 4 8.5 6.8 8 8.5 6.8 4 0.02 7.96 0 0.02 7.96 0 8.5 6.8 -15.96 0.02 7.96 -15.96 0.02 7.96 -15.96 9.58 7.96 -15.96 9.58 7.96 -12 9.58 7.96 -12 0.02 6.8 -14.8 0.02 6.8 -14.8 0.02 6.8 -14.8 8.5 6.8 -14.8 8.5 6.8 -3.25 0.02 0 -3.003 0.02 1.244 -2.298 0.02 2.298 -1.244 0.02 3.003 -2.4 0.02 0 -2.217 0.02 0.918 -1.697 0.02 1.697 -0.918 0.02 2.217 -8 0.02 2.4 -8.918 0.02 2.217 -9.697 0.02 1.697 -10.217 0.02 0.918 -10.4 0.02 0 -9.244 0.02 3.003 -10.298 0.02 2.298 -11.003 0.02 1.244 -11.25 0.02 0 -3.7 8.5 6.4 -3.7 0.15 6.4 -3.7 0.15 6.4 -3.7 0.15 6.8 -14.4 0.15 4.3 -14.4 0.15 4.3 -14.4 0.15 3.7 -14.4 0.15 3.7 -14.8 0.15 4.3 -14.8 0.15 3.7 -14.4 8.5 3.7 -14.4 8.5 4.3 -0.4 2 6.8 -0.4 2 3.173 -8 0.02 6.8 -12 0.02 7.96 -12 8.5 6.8 -15.96 0.02 0 -14.8 8.5 0 -14.8 0.02 0 -8 0.02 7.96 -12.3 8.5 6.4 -12.3 0.15 6.4 -12.3 0.15 6.4 -11.7 8.5 6.4 -11.7 0.15 6.4 -11.7 0.15 6.4 -11.7 0.15 6.8 -12 0.15 6.4 -12.3 0.15 6.8 -15.96 9.58 0 -8 9.58 7.96 -4 9.58 7.96 -4 0.02 6.8 -7.082 0.02 2.217 -6.303 0.02 1.697 -5.783 0.02 0.918 -5.6 0.02 0 -6.756 0.02 3.003 -5.702 0.02 2.298 -4.997 0.02 1.244 -4.75 0.02 0 -8 0.02 3.25 -4.3 8.5 6.4 -4.3 0.15 6.4 -4.3 0.15 6.4 -4.3 0.15 6.8 -4 0.15 6.4 -4 8.5 6.8 -8 8.5 6.8 -4 0.02 7.96 15.96 0.02 -7.96 15.96 0.02 -7.96 15.96 9.58 -7.96 15.96 9.58 -7.96 12 9.58 -7.96 12 0.02 -6.8 14.8 0.02 -6.8 14.8 0.02 -6.8 14.8 8.5 -6.8 14.8 8.5 -6.8 3.003 0.02 -1.244 2.298 0.02 -2.298 1.244 0.02 -3.003 0 0.02 -3.25 2.217 0.02 -0.918 1.697 0.02 -1.697 0.918 0.02 -2.217 0 0.02 -2.4 8 0.02 -2.4 8.918 0.02 -2.217 9.697 0.02 -1.697 10.217 0.02 -0.918 9.244 0.02 -3.003 10.298 0.02 -2.298 11.003 0.02 -1.244 3.7 8.5 -6.4 3.7 0.15 -6.4 3.7 0.15 -6.4 3.7 0.15 -6.8 14.4 0.15 -4.3 14.4 0.15 -4.3 14.4 0.15 -3.7 14.4 0.15 -3.7 14.8 0.15 -4.3 14.8 0.15 -3.7 14.4 8.5 -3.7 14.4 8.5 -4.3 0.4 2 -6.8 0.4 2 -3.173 8 0.02 -6.8 12 0.02 -7.96 12 8.5 -6.8 8 0.02 -7.96 12.3 8.5 -6.4 12.3 0.15 -6.4 12.3 0.15 -6.4 11.7 8.5 -6.4 11.7 0.15 -6.4 11.7 0.15 -6.4 11.7 0.15 -6.8 12 0.15 -6.4 12.3 0.15 -6.8 8 9.58 -7.96 0 9.58 -7.96 4 9.58 -7.96 0 0.02 -6.8 4 0.02 -6.8 7.082 0.02 -2.217 6.303 0.02 -1.697 5.783 0.02 -0.918 6.756 0.02 -3.003 5.702 0.02 -2.298 4.997 0.02 -1.244 8 0.02 -3.25 4.3 8.5 -6.4 4.3 0.15 -6.4 4.3 0.15 -6.4 4.3 0.15 -6.8 4 0.15 -6.4 4 8.5 -6.8 8 8.5 -6.8 4 0.02 -7.96 0 0.02 -7.96 0 8.5 -6.8 -15.96 0.02 -7.96 -15.96 0.02 -7.96 -15.96 9.58 -7.96 -15.96 9.58 -7.96 -12 9.58 -7.96 -12 0.02 -6.8 -14.8 0.02 -6.8 -14.8 0.02 -6.8 -14.8 8.5 -6.8 -14.8 8.5 -6.8 -3.003 0.02 -1.244 -2.298 0.02 -2.298 -1.244 0.02 -3.003 -2.217 0.02 -0.918 -1.697 0.02 -1.697 -0.918 0.02 -2.217 -8 0.02 -2.4 -8.918 0.02 -2.217 -9.697 0.02 -1.697 -10.217 0.02 -0.918 -9.244 0.02 -3.003 -10.298 0.02 -2.298 -11.003 0.02 -1.244 -3.7 8.5 -6.4 -3.7 0.15 -6.4 -3.7 0.15 -6.4 -3.7 0.15 -6.8 -14.4 0.15 -4.3 -14.4 0.15 -4.3 -14.4 0.15 -3.7 -14.4 0.15 -3.7 -14.8 0.15 -4.3 -14.8 0.15 -3.7 -14.4 8.5 -3.7 -14.4 8.5 -4.3 -0.4 2 -6.8 -0.4 2 -3.173 -8 0.02 -6.8 -12 0.02 -7.96 -12 8.5 -6.8 -8 0.02 -7.96 -12.3 8.5 -6.4 -12.3 0.15 -6.4 -12.3 0.15 -6.4 -11.7 8.5 -6.4 -11.7 0.15 -6.4 -11.7 0.15 -6.4 -11.7 0.15 -6.8 -12 0.15 -6.4 -12.3 0.15 -6.8 -8 9.58 -7.96 -4 9.58 -7.96 -4 0.02 -6.8 -7.082 0.02 -2.217 -6.303 0.02 -1.697 -5.783 0.02 -0.918 -6.756 0.02 -3.003 -5.702 0.02 -2.298 -4.997 0.02 -1.244 -8 0.02 -3.25 -4.3 8.5 -6.4 -4.3 0.15 -6.4 -4.3 0.15 -6.4 -4.3 0.15 -6.8 -4 0.15 -6.4 -4 8.5 -6.8 -8 8.5 -6.8 -4 0.02 -7.96 -11.082 11.15 -6.217 -11.179 11.4 -5.982 -11.11 11.327 -6.148 -10.483 11.4 -5.517 -10.303 11.15 -5.697 -10.356 11.327 -5.644 -9.783 11.15 -4.918 -10.018 11.4 -4.821 -9.852 11.327 -4.89 -9.855 11.4 -4 -9.6 11.15 -4 -9.675 11.327 -4 -9.783 11.15 -3.082 -10.018 11.4 -3.179 -9.852 11.327 -3.11 -10.303 11.15 -2.303 -10.483 11.4 -2.483 -10.356 11.327 -2.356 -11.082 11.15 -1.783 -11.179 11.4 -2.018 -11.11 11.327 -1.852 -12 11.15 -1.6 -12 11.4 -1.855 -12 11.327 -1.675 -12.821 11.4 -2.018 -12.918 11.15 -1.783 -12.89 11.327 -1.852 -13.697 11.15 -2.303 -13.517 11.4 -2.483 -13.644 11.327 -2.356 -14.217 11.15 -3.082 -13.982 11.4 -3.179 -14.148 11.327 -3.11 -14.4 11.15 -4 -14.145 11.4 -4 -14.325 11.327 -4 -14.217 11.15 -4.918 -13.982 11.4 -4.821 -14.148 11.327 -4.89 -13.517 11.4 -5.517 -13.697 11.15 -5.697 -13.644 11.327 -5.644 -12.918 11.15 -6.217 -12.821 11.4 -5.982 -12.89 11.327 -6.148 -12 11.15 -6.4 -12 11.4 -6.145 -12 11.327 -6.325 -10.937 11.4 -2.986 -10.836 11.4 -4 -10.937 11.4 -5.014 -12 11.4 -2.903 -12 11.4 -4 -12 11.4 -5.097 -13.063 11.4 -2.986 -13.164 11.4 -4 -13.063 11.4 -5.014 -12 9.73 -6.4 -12 9.58 -6.553 -12 9.624 -6.445 -12.977 9.58 -6.359 -12.918 9.73 -6.217 -12.936 9.624 -6.259 -13.805 9.58 -5.805 -13.697 9.73 -5.697 -13.729 9.624 -5.729 -14.359 9.58 -4.977 -14.217 9.73 -4.918 -14.259 9.624 -4.936 -14.553 9.58 -4 -14.4 9.73 -4 -14.445 9.624 -4 -14.359 9.58 -3.023 -14.217 9.73 -3.082 -14.259 9.624 -3.064 -13.805 9.58 -2.195 -13.697 9.73 -2.303 -13.729 9.624 -2.271 -12.977 9.58 -1.641 -12.918 9.73 -1.783 -12.936 9.624 -1.741 -12 9.58 -1.447 -12 9.73 -1.6 -12 9.624 -1.555 -11.023 9.58 -1.641 -11.082 9.73 -1.783 -11.064 9.624 -1.741 -10.195 9.58 -2.195 -10.303 9.73 -2.303 -10.271 9.624 -2.271 -9.641 9.58 -3.023 -9.783 9.73 -3.082 -9.741 9.624 -3.064 -9.447 9.58 -4 -9.6 9.73 -4 -9.555 9.624 -4 -9.641 9.58 -4.977 -9.783 9.73 -4.918 -9.741 9.624 -4.936 -10.195 9.58 -5.805 -10.303 9.73 -5.697 -10.271 9.624 -5.729 -11.023 9.58 -6.359 -11.082 9.73 -6.217 -11.064 9.624 -6.259 -11.082 11.15 1.783 -11.179 11.4 2.018 -11.11 11.327 1.852 -10.483 11.4 2.483 -10.303 11.15 2.303 -10.356 11.327 2.356 -9.783 11.15 3.082 -10.018 11.4 3.179 -9.852 11.327 3.11 -9.855 11.4 4 -9.6 11.15 4 -9.675 11.327 4 -9.783 11.15 4.918 -10.018 11.4 4.821 -9.852 11.327 4.89 -10.303 11.15 5.697 -10.483 11.4 5.517 -10.356 11.327 5.644 -11.082 11.15 6.217 -11.179 11.4 5.982 -11.11 11.327 6.148 -12 11.15 6.4 -12 11.4 6.145 -12 11.327 6.325 -12.821 11.4 5.982 -12.918 11.15 6.217 -12.89 11.327 6.148 -13.697 11.15 5.697 -13.517 11.4 5.517 -13.644 11.327 5.644 -14.217 11.15 4.918 -13.982 11.4 4.821 -14.148 11.327 4.89 -14.4 11.15 4 -14.145 11.4 4 -14.325 11.327 4 -14.217 11.15 3.082 -13.982 11.4 3.179 -14.148 11.327 3.11 -13.517 11.4 2.483 -13.697 11.15 2.303 -13.644 11.327 2.356 -12.918 11.15 1.783 -12.821 11.4 2.018 -12.89 11.327 1.852 -12 11.15 1.6 -12 11.4 1.855 -12 11.327 1.675 -10.937 11.4 5.014 -10.836 11.4 4 -10.937 11.4 2.986 -12 11.4 5.097 -12 11.4 4 -12 11.4 2.903 -13.063 11.4 5.014 -13.164 11.4 4 -13.063 11.4 2.986 -12 9.73 1.6 -12 9.58 1.447 -12 9.624 1.555 -12.977 9.58 1.641 -12.918 9.73 1.783 -12.936 9.624 1.741 -13.805 9.58 2.195 -13.697 9.73 2.303 -13.729 9.624 2.271 -14.359 9.58 3.023 -14.217 9.73 3.082 -14.259 9.624 3.064 -14.553 9.58 4 -14.4 9.73 4 -14.445 9.624 4 -14.359 9.58 4.977 -14.217 9.73 4.918 -14.259 9.624 4.936 -13.805 9.58 5.805 -13.697 9.73 5.697 -13.729 9.624 5.729 -12.977 9.58 6.359 -12.918 9.73 6.217 -12.936 9.624 6.259 -12 9.58 6.553 -12 9.73 6.4 -12 9.624 6.445 -11.023 9.58 6.359 -11.082 9.73 6.217 -11.064 9.624 6.259 -10.195 9.58 5.805 -10.303 9.73 5.697 -10.271 9.624 5.729 -9.641 9.58 4.977 -9.783 9.73 4.918 -9.741 9.624 4.936 -9.447 9.58 4 -9.6 9.73 4 -9.555 9.624 4 -9.641 9.58 3.023 -9.783 9.73 3.082 -9.741 9.624 3.064 -10.195 9.58 2.195 -10.303 9.73 2.303 -10.271 9.624 2.271 -11.023 9.58 1.641 -11.082 9.73 1.783 -11.064 9.624 1.741 -3.082 11.15 -6.217 -3.179 11.4 -5.982 -3.11 11.327 -6.148 -2.483 11.4 -5.517 -2.303 11.15 -5.697 -2.356 11.327 -5.644 -1.783 11.15 -4.918 -2.018 11.4 -4.821 -1.852 11.327 -4.89 -1.855 11.4 -4 -1.6 11.15 -4 -1.675 11.327 -4 -1.783 11.15 -3.082 -2.018 11.4 -3.179 -1.852 11.327 -3.11 -2.303 11.15 -2.303 -2.483 11.4 -2.483 -2.356 11.327 -2.356 -3.082 11.15 -1.783 -3.179 11.4 -2.018 -3.11 11.327 -1.852 -4 11.15 -1.6 -4 11.4 -1.855 -4 11.327 -1.675 -4.821 11.4 -2.018 -4.918 11.15 -1.783 -4.89 11.327 -1.852 -5.697 11.15 -2.303 -5.517 11.4 -2.483 -5.644 11.327 -2.356 -6.217 11.15 -3.082 -5.982 11.4 -3.179 -6.148 11.327 -3.11 -6.4 11.15 -4 -6.145 11.4 -4 -6.325 11.327 -4 -6.217 11.15 -4.918 -5.982 11.4 -4.821 -6.148 11.327 -4.89 -5.517 11.4 -5.517 -5.697 11.15 -5.697 -5.644 11.327 -5.644 -4.918 11.15 -6.217 -4.821 11.4 -5.982 -4.89 11.327 -6.148 -4 11.15 -6.4 -4 11.4 -6.145 -4 11.327 -6.325 -2.937 11.4 -2.986 -2.836 11.4 -4 -2.937 11.4 -5.014 -4 11.4 -2.903 -4 11.4 -4 -4 11.4 -5.097 -5.063 11.4 -2.986 -5.164 11.4 -4 -5.063 11.4 -5.014 -4 9.73 -6.4 -4 9.58 -6.553 -4 9.624 -6.445 -4.977 9.58 -6.359 -4.918 9.73 -6.217 -4.936 9.624 -6.259 -5.805 9.58 -5.805 -5.697 9.73 -5.697 -5.729 9.624 -5.729 -6.359 9.58 -4.977 -6.217 9.73 -4.918 -6.259 9.624 -4.936 -6.553 9.58 -4 -6.4 9.73 -4 -6.445 9.624 -4 -6.359 9.58 -3.023 -6.217 9.73 -3.082 -6.259 9.624 -3.064 -5.805 9.58 -2.195 -5.697 9.73 -2.303 -5.729 9.624 -2.271 -4.977 9.58 -1.641 -4.918 9.73 -1.783 -4.936 9.624 -1.741 -4 9.58 -1.447 -4 9.73 -1.6 -4 9.624 -1.555 -3.023 9.58 -1.641 -3.082 9.73 -1.783 -3.064 9.624 -1.741 -2.195 9.58 -2.195 -2.303 9.73 -2.303 -2.271 9.624 -2.271 -1.641 9.58 -3.023 -1.783 9.73 -3.082 -1.741 9.624 -3.064 -1.447 9.58 -4 -1.6 9.73 -4 -1.555 9.624 -4 -1.641 9.58 -4.977 -1.783 9.73 -4.918 -1.741 9.624 -4.936 -2.195 9.58 -5.805 -2.303 9.73 -5.697 -2.271 9.624 -5.729 -3.023 9.58 -6.359 -3.082 9.73 -6.217 -3.064 9.624 -6.259 -3.082 11.15 1.783 -3.179 11.4 2.018 -3.11 11.327 1.852 -2.483 11.4 2.483 -2.303 11.15 2.303 -2.356 11.327 2.356 -1.783 11.15 3.082 -2.018 11.4 3.179 -1.852 11.327 3.11 -1.855 11.4 4 -1.6 11.15 4 -1.675 11.327 4 -1.783 11.15 4.918 -2.018 11.4 4.821 -1.852 11.327 4.89 -2.303 11.15 5.697 -2.483 11.4 5.517 -2.356 11.327 5.644 -3.082 11.15 6.217 -3.179 11.4 5.982 -3.11 11.327 6.148 -4 11.15 6.4 -4 11.4 6.145 -4 11.327 6.325 -4.821 11.4 5.982 -4.918 11.15 6.217 -4.89 11.327 6.148 -5.697 11.15 5.697 -5.517 11.4 5.517 -5.644 11.327 5.644 -6.217 11.15 4.918 -5.982 11.4 4.821 -6.148 11.327 4.89 -6.4 11.15 4 -6.145 11.4 4 -6.325 11.327 4 -6.217 11.15 3.082 -5.982 11.4 3.179 -6.148 11.327 3.11 -5.517 11.4 2.483 -5.697 11.15 2.303 -5.644 11.327 2.356 -4.918 11.15 1.783 -4.821 11.4 2.018 -4.89 11.327 1.852 -4 11.15 1.6 -4 11.4 1.855 -4 11.327 1.675 -2.937 11.4 5.014 -2.836 11.4 4 -2.937 11.4 2.986 -4 11.4 5.097 -4 11.4 4 -4 11.4 2.903 -5.063 11.4 5.014 -5.164 11.4 4 -5.063 11.4 2.986 -4 9.73 1.6 -4 9.58 1.447 -4 9.624 1.555 -4.977 9.58 1.641 -4.918 9.73 1.783 -4.936 9.624 1.741 -5.805 9.58 2.195 -5.697 9.73 2.303 -5.729 9.624 2.271 -6.359 9.58 3.023 -6.217 9.73 3.082 -6.259 9.624 3.064 -6.553 9.58 4 -6.4 9.73 4 -6.445 9.624 4 -6.359 9.58 4.977 -6.217 9.73 4.918 -6.259 9.624 4.936 -5.805 9.58 5.805 -5.697 9.73 5.697 -5.729 9.624 5.729 -4.977 9.58 6.359 -4.918 9.73 6.217 -4.936 9.624 6.259 -4 9.58 6.553 -4 9.73 6.4 -4 9.624 6.445 -3.023 9.58 6.359 -3.082 9.73 6.217 -3.064 9.624 6.259 -2.195 9.58 5.805 -2.303 9.73 5.697 -2.271 9.624 5.729 -1.641 9.58 4.977 -1.783 9.73 4.918 -1.741 9.624 4.936 -1.447 9.58 4 -1.6 9.73 4 -1.555 9.624 4 -1.641 9.58 3.023 -1.783 9.73 3.082 -1.741 9.624 3.064 -2.195 9.58 2.195 -2.303 9.73 2.303 -2.271 9.624 2.271 -3.023 9.58 1.641 -3.082 9.73 1.783 -3.064 9.624 1.741 4.918 11.15 -6.217 4.821 11.4 -5.982 4.89 11.327 -6.148 5.517 11.4 -5.517 5.697 11.15 -5.697 5.644 11.327 -5.644 6.217 11.15 -4.918 5.982 11.4 -4.821 6.148 11.327 -4.89 6.145 11.4 -4 6.4 11.15 -4 6.325 11.327 -4 6.217 11.15 -3.082 5.982 11.4 -3.179 6.148 11.327 -3.11 5.697 11.15 -2.303 5.517 11.4 -2.483 5.644 11.327 -2.356 4.918 11.15 -1.783 4.821 11.4 -2.018 4.89 11.327 -1.852 4 11.15 -1.6 4 11.4 -1.855 4 11.327 -1.675 3.179 11.4 -2.018 3.082 11.15 -1.783 3.11 11.327 -1.852 2.303 11.15 -2.303 2.483 11.4 -2.483 2.356 11.327 -2.356 1.783 11.15 -3.082 2.018 11.4 -3.179 1.852 11.327 -3.11 1.6 11.15 -4 1.855 11.4 -4 1.675 11.327 -4 1.783 11.15 -4.918 2.018 11.4 -4.821 1.852 11.327 -4.89 2.483 11.4 -5.517 2.303 11.15 -5.697 2.356 11.327 -5.644 3.082 11.15 -6.217 3.179 11.4 -5.982 3.11 11.327 -6.148 4 11.15 -6.4 4 11.4 -6.145 4 11.327 -6.325 5.063 11.4 -2.986 5.164 11.4 -4 5.063 11.4 -5.014 4 11.4 -2.903 4 11.4 -4 4 11.4 -5.097 2.937 11.4 -2.986 2.836 11.4 -4 2.937 11.4 -5.014 4 9.73 -6.4 4 9.58 -6.553 4 9.624 -6.445 3.023 9.58 -6.359 3.082 9.73 -6.217 3.064 9.624 -6.259 2.195 9.58 -5.805 2.303 9.73 -5.697 2.271 9.624 -5.729 1.641 9.58 -4.977 1.783 9.73 -4.918 1.741 9.624 -4.936 1.447 9.58 -4 1.6 9.73 -4 1.555 9.624 -4 1.641 9.58 -3.023 1.783 9.73 -3.082 1.741 9.624 -3.064 2.195 9.58 -2.195 2.303 9.73 -2.303 2.271 9.624 -2.271 3.023 9.58 -1.641 3.082 9.73 -1.783 3.064 9.624 -1.741 4 9.58 -1.447 4 9.73 -1.6 4 9.624 -1.555 4.977 9.58 -1.641 4.918 9.73 -1.783 4.936 9.624 -1.741 5.805 9.58 -2.195 5.697 9.73 -2.303 5.729 9.624 -2.271 6.359 9.58 -3.023 6.217 9.73 -3.082 6.259 9.624 -3.064 6.553 9.58 -4 6.4 9.73 -4 6.445 9.624 -4 6.359 9.58 -4.977 6.217 9.73 -4.918 6.259 9.624 -4.936 5.805 9.58 -5.805 5.697 9.73 -5.697 5.729 9.624 -5.729 4.977 9.58 -6.359 4.918 9.73 -6.217 4.936 9.624 -6.259 4.918 11.15 1.783 4.821 11.4 2.018 4.89 11.327 1.852 5.517 11.4 2.483 5.697 11.15 2.303 5.644 11.327 2.356 6.217 11.15 3.082 5.982 11.4 3.179 6.148 11.327 3.11 6.145 11.4 4 6.4 11.15 4 6.325 11.327 4 6.217 11.15 4.918 5.982 11.4 4.821 6.148 11.327 4.89 5.697 11.15 5.697 5.517 11.4 5.517 5.644 11.327 5.644 4.918 11.15 6.217 4.821 11.4 5.982 4.89 11.327 6.148 4 11.15 6.4 4 11.4 6.145 4 11.327 6.325 3.179 11.4 5.982 3.082 11.15 6.217 3.11 11.327 6.148 2.303 11.15 5.697 2.483 11.4 5.517 2.356 11.327 5.644 1.783 11.15 4.918 2.018 11.4 4.821 1.852 11.327 4.89 1.6 11.15 4 1.855 11.4 4 1.675 11.327 4 1.783 11.15 3.082 2.018 11.4 3.179 1.852 11.327 3.11 2.483 11.4 2.483 2.303 11.15 2.303 2.356 11.327 2.356 3.082 11.15 1.783 3.179 11.4 2.018 3.11 11.327 1.852 4 11.15 1.6 4 11.4 1.855 4 11.327 1.675 5.063 11.4 5.014 5.164 11.4 4 5.063 11.4 2.986 4 11.4 5.097 4 11.4 4 4 11.4 2.903 2.937 11.4 5.014 2.836 11.4 4 2.937 11.4 2.986 4 9.73 1.6 4 9.58 1.447 4 9.624 1.555 3.023 9.58 1.641 3.082 9.73 1.783 3.064 9.624 1.741 2.195 9.58 2.195 2.303 9.73 2.303 2.271 9.624 2.271 1.641 9.58 3.023 1.783 9.73 3.082 1.741 9.624 3.064 1.447 9.58 4 1.6 9.73 4 1.555 9.624 4 1.641 9.58 4.977 1.783 9.73 4.918 1.741 9.624 4.936 2.195 9.58 5.805 2.303 9.73 5.697 2.271 9.624 5.729 3.023 9.58 6.359 3.082 9.73 6.217 3.064 9.624 6.259 4 9.58 6.553 4 9.73 6.4 4 9.624 6.445 4.977 9.58 6.359 4.918 9.73 6.217 4.936 9.624 6.259 5.805 9.58 5.805 5.697 9.73 5.697 5.729 9.624 5.729 6.359 9.58 4.977 6.217 9.73 4.918 6.259 9.624 4.936 6.553 9.58 4 6.4 9.73 4 6.445 9.624 4 6.359 9.58 3.023 6.217 9.73 3.082 6.259 9.624 3.064 5.805 9.58 2.195 5.697 9.73 2.303 5.729 9.624 2.271 4.977 9.58 1.641 4.918 9.73 1.783 4.936 9.624 1.741 12.918 11.15 -6.217 12.821 11.4 -5.982 12.89 11.327 -6.148 13.517 11.4 -5.517 13.697 11.15 -5.697 13.644 11.327 -5.644 14.217 11.15 -4.918 13.982 11.4 -4.821 14.148 11.327 -4.89 14.145 11.4 -4 14.4 11.15 -4 14.325 11.327 -4 14.217 11.15 -3.082 13.982 11.4 -3.179 14.148 11.327 -3.11 13.697 11.15 -2.303 13.517 11.4 -2.483 13.644 11.327 -2.356 12.918 11.15 -1.783 12.821 11.4 -2.018 12.89 11.327 -1.852 12 11.15 -1.6 12 11.4 -1.855 12 11.327 -1.675 11.179 11.4 -2.018 11.082 11.15 -1.783 11.11 11.327 -1.852 10.303 11.15 -2.303 10.483 11.4 -2.483 10.356 11.327 -2.356 9.783 11.15 -3.082 10.018 11.4 -3.179 9.852 11.327 -3.11 9.6 11.15 -4 9.855 11.4 -4 9.675 11.327 -4 9.783 11.15 -4.918 10.018 11.4 -4.821 9.852 11.327 -4.89 10.483 11.4 -5.517 10.303 11.15 -5.697 10.356 11.327 -5.644 11.082 11.15 -6.217 11.179 11.4 -5.982 11.11 11.327 -6.148 12 11.15 -6.4 12 11.4 -6.145 12 11.327 -6.325 13.063 11.4 -2.986 13.164 11.4 -4 13.063 11.4 -5.014 12 11.4 -2.903 12 11.4 -4 12 11.4 -5.097 10.937 11.4 -2.986 10.836 11.4 -4 10.937 11.4 -5.014 12 9.73 -6.4 12 9.58 -6.553 12 9.624 -6.445 11.023 9.58 -6.359 11.082 9.73 -6.217 11.064 9.624 -6.259 10.195 9.58 -5.805 10.303 9.73 -5.697 10.271 9.624 -5.729 9.641 9.58 -4.977 9.783 9.73 -4.918 9.741 9.624 -4.936 9.447 9.58 -4 9.6 9.73 -4 9.555 9.624 -4 9.641 9.58 -3.023 9.783 9.73 -3.082 9.741 9.624 -3.064 10.195 9.58 -2.195 10.303 9.73 -2.303 10.271 9.624 -2.271 11.023 9.58 -1.641 11.082 9.73 -1.783 11.064 9.624 -1.741 12 9.58 -1.447 12 9.73 -1.6 12 9.624 -1.555 12.977 9.58 -1.641 12.918 9.73 -1.783 12.936 9.624 -1.741 13.805 9.58 -2.195 13.697 9.73 -2.303 13.729 9.624 -2.271 14.359 9.58 -3.023 14.217 9.73 -3.082 14.259 9.624 -3.064 14.553 9.58 -4 14.4 9.73 -4 14.445 9.624 -4 14.359 9.58 -4.977 14.217 9.73 -4.918 14.259 9.624 -4.936 13.805 9.58 -5.805 13.697 9.73 -5.697 13.729 9.624 -5.729 12.977 9.58 -6.359 12.918 9.73 -6.217 12.936 9.624 -6.259 12.918 11.15 1.783 12.821 11.4 2.018 12.89 11.327 1.852 13.517 11.4 2.483 13.697 11.15 2.303 13.644 11.327 2.356 14.217 11.15 3.082 13.982 11.4 3.179 14.148 11.327 3.11 14.145 11.4 4 14.4 11.15 4 14.325 11.327 4 14.217 11.15 4.918 13.982 11.4 4.821 14.148 11.327 4.89 13.697 11.15 5.697 13.517 11.4 5.517 13.644 11.327 5.644 12.918 11.15 6.217 12.821 11.4 5.982 12.89 11.327 6.148 12 11.15 6.4 12 11.4 6.145 12 11.327 6.325 11.179 11.4 5.982 11.082 11.15 6.217 11.11 11.327 6.148 10.303 11.15 5.697 10.483 11.4 5.517 10.356 11.327 5.644 9.783 11.15 4.918 10.018 11.4 4.821 9.852 11.327 4.89 9.6 11.15 4 9.855 11.4 4 9.675 11.327 4 9.783 11.15 3.082 10.018 11.4 3.179 9.852 11.327 3.11 10.483 11.4 2.483 10.303 11.15 2.303 10.356 11.327 2.356 11.082 11.15 1.783 11.179 11.4 2.018 11.11 11.327 1.852 12 11.15 1.6 12 11.4 1.855 12 11.327 1.675 13.063 11.4 5.014 13.164 11.4 4 13.063 11.4 2.986 12 11.4 5.097 12 11.4 4 12 11.4 2.903 10.937 11.4 5.014 10.836 11.4 4 10.937 11.4 2.986 12 9.73 1.6 12 9.58 1.447 12 9.624 1.555 11.023 9.58 1.641 11.082 9.73 1.783 11.064 9.624 1.741 10.195 9.58 2.195 10.303 9.73 2.303 10.271 9.624 2.271 9.641 9.58 3.023 9.783 9.73 3.082 9.741 9.624 3.064 9.447 9.58 4 9.6 9.73 4 9.555 9.624 4 9.641 9.58 4.977 9.783 9.73 4.918 9.741 9.624 4.936 10.195 9.58 5.805 10.303 9.73 5.697 10.271 9.624 5.729 11.023 9.58 6.359 11.082 9.73 6.217 11.064 9.624 6.259 12 9.58 6.553 12 9.73 6.4 12 9.624 6.445 12.977 9.58 6.359 12.918 9.73 6.217 12.936 9.624 6.259 13.805 9.58 5.805 13.697 9.73 5.697 13.729 9.624 5.729 14.359 9.58 4.977 14.217 9.73 4.918 14.259 9.624 4.936 14.553 9.58 4 14.4 9.73 4 14.445 9.624 4 14.359 9.58 3.023 14.217 9.73 3.082 14.259 9.624 3.064 13.805 9.58 2.195 13.697 9.73 2.303 13.729 9.624 2.271 12.977 9.58 1.641 12.918 9.73 1.783 12.936 9.624 1.741</float_array>
					<technique_common>
						<accessor source="#3001|MB|42-mesh-positions-array" count="1570" stride="3">
							<param name="X" type="float"/>
							<param name="Y" type="float"/>
							<param name="Z" type="float"/>
						</accessor>
					</technique_common>
				</source>
				<source id="3001|MB|42-mesh-normals">
					<float_array id="3001|MB|42-mesh-normals-array" count="4710">0 0 1 0 1 0 -1 0 0 0 -1 0 0 -1 0 0 -1 0 0 -1 0 0 -1 0 0 -1 0 0 -1 0 -0.383 0 -0.924 -0.707 0 -0.707 -0.924 0 -0.383 0.383 0 0.924 0.707 0 0.707 0.924 0 0.383 0.924 0 0.383 0.707 0 0.707 0.383 0 0.924 -0.924 0 -0.383 -0.707 0 -0.707 -0.383 0 -0.924 0 0 -1 -0.383 0 -0.924 -0.707 0 -0.707 -0.924 0 -0.383 0.383 0 0.924 0.707 0 0.707 0.924 0 0.383 -1 0 0 0 0 -1 0 0 -1 0 -1 0 0 0 1 -1 0 0 -1 0 0 0 0 -1 0 0 -1 -1 0 0 -1 0 0 0 0 1 1 0 0 1 0 0 0 -1 0 0 -1 0 0 1 0 0 0 -1 0 0 1 0 -1 0 0 0 1 0 -1 0 0 0 -1 1 0 0 -1 0 0 -1 0 0 0 0 -1 0 -1 0 0 -1 0 0 -1 0 0 0 -1 0 -1 0 0 -1 0 0 0 -1 0 0 1 0 -1 0 0 0 1 -0.924 0 0.383 -0.707 0 0.707 -0.383 0 0.924 0.924 0 -0.383 0.707 0 -0.707 0.383 0 -0.924 0.383 0 -0.924 0.707 0 -0.707 0.924 0 -0.383 -0.383 0 0.924 -0.707 0 0.707 -0.924 0 0.383 0 -1 0 0 0 -1 0 0 1 1 0 0 1 0 0 0 0 -1 0 -1 0 0 0 -1 0 0 -1 0 -1 0 0 0 -1 0 0 1 0 0 1 0 1 0 1 0 0 0 -1 0 0 -1 0 0 -1 0 0 -1 0 0 -1 0 0 -1 0 0 -1 0 0.383 0 -0.924 0.707 0 -0.707 0.924 0 -0.383 -0.383 0 0.924 -0.707 0 0.707 -0.924 0 0.383 -0.924 0 0.383 -0.707 0 0.707 -0.383 0 0.924 0.924 0 -0.383 0.707 0 -0.707 0.383 0 -0.924 0 0 -1 0.383 0 -0.924 0.707 0 -0.707 0.924 0 -0.383 -0.383 0 0.924 -0.707 0 0.707 -0.924 0 0.383 1 0 0 0 0 -1 0 0 -1 0 -1 0 0 0 1 1 0 0 1 0 0 0 0 -1 0 0 -1 1 0 0 1 0 0 0 0 1 -1 0 0 -1 0 0 0 -1 0 0 -1 0 0 1 0 0 0 -1 0 0 1 0 -1 0 0 0 1 0 -1 0 0 0 -1 -1 0 0 1 0 0 1 0 0 0 0 -1 0 -1 0 0 -1 0 0 -1 0 0 0 -1 0 -1 0 0 -1 0 0 0 -1 0 -1 0 0 -1 0 0 0 -1 0 0 1 0 -1 0 0 0 1 0 1 0 0 -1 0 0 -1 0 0 -1 0 0 0 1 0 -1 0 0 0 1 0.924 0 0.383 0.707 0 0.707 0.383 0 0.924 -0.924 0 -0.383 -0.707 0 -0.707 -0.383 0 -0.924 -0.383 0 -0.924 -0.707 0 -0.707 -0.924 0 -0.383 0.383 0 0.924 0.707 0 0.707 0.924 0 0.383 0 -1 0 0 0 -1 0 0 1 -1 0 0 -1 0 0 0 0 -1 0 -1 0 0 0 -1 0 0 -1 0 -1 0 0 0 -1 0 0 1 0 0 -1 0 1 0 -1 0 0 0 -1 0 0 -1 0 0 -1 0 0 -1 0 0 -1 0 0 -1 0 0 -1 0 -0.383 0 0.924 -0.707 0 0.707 -0.924 0 0.383 0.383 0 -0.924 0.707 0 -0.707 0.924 0 -0.383 0.924 0 -0.383 0.707 0 -0.707 0.383 0 -0.924 -0.924 0 0.383 -0.707 0 0.707 -0.383 0 0.924 0 0 1 -0.383 0 0.924 -0.707 0 0.707 -0.924 0 0.383 0.383 0 -0.924 0.707 0 -0.707 0.924 0 -0.383 -1 0 0 0 0 1 0 0 1 0 -1 0 0 0 -1 -1 0 0 -1 0 0 0 0 1 0 0 1 -1 0 0 -1 0 0 0 0 -1 1 0 0 1 0 0 0 -1 0 0 -1 0 0 1 0 0 0 1 0 0 -1 0 -1 0 0 0 -1 0 -1 0 0 0 1 1 0 0 -1 0 0 -1 0 0 0 0 1 0 -1 0 0 -1 0 0 -1 0 0 0 1 0 -1 0 0 -1 0 0 0 1 0 1 0 0 1 0 0 1 0 0 -1 0 0 -1 0 0 -1 0 -1 0 0 1 0 0 1 0 0 -1 0 0 -1 0 0 1 0 0 1 0 0 0 1 0 0 -1 0 0 -1 0 0 -1 0 0 -1 0 0 0 -1 0 -1 0 0 0 -1 -0.924 0 -0.383 -0.707 0 -0.707 -0.383 0 -0.924 0.924 0 0.383 0.707 0 0.707 0.383 0 0.924 0.383 0 0.924 0.707 0 0.707 0.924 0 0.383 -0.383 0 -0.924 -0.707 0 -0.707 -0.924 0 -0.383 0 -1 0 0 0 1 0 0 -1 1 0 0 1 0 0 0 0 1 0 -1 0 0 0 1 0 0 1 0 -1 0 0 0 1 0 0 -1 -1 0 0 1 0 0 1 0 0 -1 0 0 0 0 -1 0 1 0 1 0 0 0 -1 0 0 -1 0 0 -1 0 0 -1 0 0 -1 0 0 -1 0 0 -1 0 0.383 0 0.924 0.707 0 0.707 0.924 0 0.383 -0.383 0 -0.924 -0.707 0 -0.707 -0.924 0 -0.383 -0.924 0 -0.383 -0.707 0 -0.707 -0.383 0 -0.924 0.924 0 0.383 0.707 0 0.707 0.383 0 0.924 0 0 1 0.383 0 0.924 0.707 0 0.707 0.924 0 0.383 -0.383 0 -0.924 -0.707 0 -0.707 -0.924 0 -0.383 1 0 0 0 0 1 0 0 1 0 -1 0 0 0 -1 1 0 0 1 0 0 0 0 1 0 0 1 1 0 0 1 0 0 0 0 -1 -1 0 0 -1 0 0 0 -1 0 0 -1 0 0 1 0 0 0 1 0 0 -1 0 -1 0 0 0 -1 0 -1 0 0 0 1 -1 0 0 1 0 0 1 0 0 0 0 1 0 -1 0 0 -1 0 0 -1 0 0 0 1 0 -1 0 0 -1 0 0 0 1 0 1 0 0 1 0 0 1 0 0 1 0 0 -1 0 0 -1 0 0 0 1 0 0 -1 0 -1 0 0 0 -1 0 1 0 0 -1 0 0 -1 0 0 -1 0 0 -1 0 0 -1 0 0 -1 0 1 0 0 -1 0 0 -1 0 0 1 0 0 1 0 0 -1 0 0 -1 0 0 0 1 0 0 -1 0 0 -1 0 0 -1 0 0 -1 0 0 -1 0 0 0 -1 0 -1 0 0 0 -1 0.924 0 -0.383 0.707 0 -0.707 0.383 0 -0.924 -0.924 0 0.383 -0.707 0 0.707 -0.383 0 0.924 -0.383 0 0.924 -0.707 0 0.707 -0.924 0 0.383 0.383 0 -0.924 0.707 0 -0.707 0.924 0 -0.383 0 -1 0 0 0 1 0 0 -1 -1 0 0 -1 0 0 0 0 1 0 -1 0 0 0 1 0 0 1 0 -1 0 0 0 1 0 0 -1 1 0 0 -1 0 0 -1 0 0 1 0 0 1 0 0 0 -1 0 1 0 0 0 0 1 0 0 1 0 -1 0 0 -1 0 0 0 -1 0 0 -1 -1 0 0 1 0 0 0.924 0 0.383 0.707 0 0.707 0.383 0 0.924 0 0 1 -1 0 0 -0.924 0 -0.383 -0.707 0 -0.707 -0.383 0 -0.924 0 0 -1 0 -1 0 0 -1 0 0 -1 0 0 -1 0 0 -1 0 0 -1 0 0 -1 0 0 -1 0 0 -1 0 -1 0 0 -1 0 0 0 -1 0 -1 0 0 0 -1 0 0 0 1 0 -1 0 0 0 -1 0 -1 0 0 -1 0 0 0 -1 0 0 1 1 0 0 1 0 0 0 0 -1 0 -1 0 0 0 -1 0 -1 0 -1 0 0 -1 0 0 0 -1 0 1 0 0 1 0 0 0 0 -1 0 0 -1 -1 0 0 0 -1 0 -1 0 0 0 0 -1 1 0 0 1 0 0 0 1 0 0 0 1 0 1 0 0 0 -1 0 0 -1 0 -1 0 0 -1 0 0 -1 0 0 -1 0 0 -1 0 0 -1 0 0 -1 0 0 -1 0 0 -1 0 0 0 -1 1 0 0 0 -1 0 1 0 0 0 -1 0 0 -1 0 0 -1 0 0 0 1 0 -1 0 0 0 -1 -1 0 0 0 -1 0 -1 0 0 0 0 1 0 0 1 0 -1 0 0 -1 0 0 0 -1 0 0 -1 1 0 0 -1 0 0 -0.924 0 0.383 -0.707 0 0.707 -0.383 0 0.924 1 0 0 0.924 0 -0.383 0.707 0 -0.707 0.383 0 -0.924 0 -1 0 0 -1 0 0 -1 0 0 -1 0 0 -1 0 0 -1 0 0 -1 0 0 -1 0 0 -1 0 1 0 0 1 0 0 0 -1 0 1 0 0 0 -1 0 0 0 1 0 -1 0 0 0 -1 0 -1 0 0 -1 0 0 0 -1 0 0 1 -1 0 0 -1 0 0 0 0 -1 0 -1 0 0 0 -1 0 -1 0 1 0 0 1 0 0 0 -1 0 -1 0 0 -1 0 0 0 0 -1 0 0 -1 1 0 0 0 -1 0 1 0 0 0 0 -1 -1 0 0 -1 0 0 0 1 0 0 1 0 0 0 -1 0 -1 0 0 -1 0 0 -1 0 0 -1 0 0 -1 0 0 -1 0 0 -1 0 0 -1 0 0 -1 0 0 0 -1 -1 0 0 0 -1 0 -1 0 0 0 -1 0 0 -1 0 0 -1 0 0 0 1 1 0 0 0 -1 0 1 0 0 0 0 -1 0 0 -1 0 -1 0 0 -1 0 0 0 1 0 0 1 -1 0 0 0.924 0 -0.383 0.707 0 -0.707 0.383 0 -0.924 0 0 -1 -0.924 0 0.383 -0.707 0 0.707 -0.383 0 0.924 0 0 1 0 -1 0 0 -1 0 0 -1 0 0 -1 0 0 -1 0 0 -1 0 0 -1 0 -1 0 0 -1 0 0 0 -1 0 -1 0 0 0 -1 0 0 0 -1 0 -1 0 0 0 1 0 -1 0 0 -1 0 0 0 1 0 0 -1 1 0 0 1 0 0 0 0 1 0 -1 0 0 0 1 0 -1 0 1 0 0 1 0 0 0 0 1 0 0 1 -1 0 0 0 -1 0 -1 0 0 0 0 1 1 0 0 0 1 0 0 0 -1 0 1 0 0 0 1 0 0 1 0 -1 0 0 -1 0 0 -1 0 0 -1 0 0 -1 0 0 -1 0 0 -1 0 0 0 1 1 0 0 0 -1 0 1 0 0 0 -1 0 0 -1 0 0 -1 0 0 0 -1 0 -1 0 0 0 1 -1 0 0 0 -1 0 -1 0 0 0 0 -1 0 0 -1 0 -1 0 0 -1 0 0 0 1 0 0 1 1 0 0 -0.924 0 -0.383 -0.707 0 -0.707 -0.383 0 -0.924 0.924 0 0.383 0.707 0 0.707 0.383 0 0.924 0 -1 0 0 -1 0 0 -1 0 0 -1 0 0 -1 0 0 -1 0 0 -1 0 1 0 0 1 0 0 0 -1 0 1 0 0 0 -1 0 0 0 -1 0 -1 0 0 0 1 0 -1 0 0 -1 0 0 0 1 0 0 -1 -1 0 0 -1 0 0 0 0 1 0 -1 0 0 0 1 0 -1 0 -1 0 0 -1 0 0 0 0 1 0 0 1 1 0 0 0 -1 0 1 0 0 0 0 1 -1 0 0 0 1 0 0 1 0 0 0 1 0 -1 0 0 -1 0 0 -1 0 0 -1 0 0 -1 0 0 -1 0 0 -1 0 0 0 1 -1 0 0 0 -1 0 -1 0 0 0 -1 0 0 -1 0 0 -1 0 0 0 -1 0.38291 0 -0.92379 0 1 0 0.27695 0.68888 -0.66988 0 1 0 0.70711 0 -0.70711 0.51273 0.68864 -0.51273 0.92379 0 -0.38291 0 1 0 0.66988 0.68888 -0.27695 0 1 0 1 0 0 0.72487 0.68888 0 0.92379 0 0.38291 0 1 0 0.66988 0.68888 0.27695 0.70711 0 0.70711 0 1 0 0.51273 0.68864 0.51273 0.38291 0 0.92379 0 1 0 0.27695 0.68888 0.66988 0 0 1 0 1 0 0 0.68888 0.72487 0 1 0 -0.38291 0 0.92379 -0.27695 0.68888 0.66988 -0.70711 0 0.70711 0 1 0 -0.51273 0.68864 0.51273 -0.92379 0 0.38291 0 1 0 -0.66988 0.68888 0.27695 -1 0 0 0 1 0 -0.72487 0.68888 0 -0.92379 0 -0.38291 0 1 0 -0.66988 0.68888 -0.27695 0 1 0 -0.70711 0 -0.70711 -0.51273 0.68864 -0.51273 -0.38291 0 -0.92379 0 1 0 -0.27695 0.68888 -0.66988 0 0 -1 0 1 0 0 0.68888 -0.72487 0 1 0 0 1 0 0 1 0 0 1 0 0 1 0 0 1 0 0 1 0 0 1 0 0 1 0 0 0 -1 0 1 0 0 0.73695 -0.67595 0 1 0 -0.38291 0 -0.92379 -0.25889 0.73668 -0.62473 0 1 0 -0.70711 0 -0.70711 -0.47797 0.73695 -0.47797 0 1 0 -0.92379 0 -0.38291 -0.62473 0.73668 -0.25889 0 1 0 -1 0 0 -0.67595 0.73695 0 0 1 0 -0.92379 0 0.38291 -0.62473 0.73668 0.25889 0 1 0 -0.70711 0 0.70711 -0.47797 0.73695 0.47797 0 1 0 -0.38291 0 0.92379 -0.25889 0.73668 0.62473 0 1 0 0 0 1 0 0.73695 0.67595 0 1 0 0.38291 0 0.92379 0.25889 0.73668 0.62473 0 1 0 0.70711 0 0.70711 0.47797 0.73695 0.47797 0 1 0 0.92379 0 0.38291 0.62473 0.73668 0.25889 0 1 0 1 0 0 0.67595 0.73695 0 0 1 0 0.92379 0 -0.38291 0.62473 0.73668 -0.25889 0 1 0 0.70711 0 -0.70711 0.47797 0.73695 -0.47797 0 1 0 0.38291 0 -0.92379 0.25889 0.73668 -0.62473 0.38291 0 -0.92379 0 1 0 0.27695 0.68888 -0.66988 0 1 0 0.70711 0 -0.70711 0.51273 0.68864 -0.51273 0.92379 0 -0.38291 0 1 0 0.66988 0.68888 -0.27695 0 1 0 1 0 0 0.72487 0.68888 0 0.92379 0 0.38291 0 1 0 0.66988 0.68888 0.27695 0.70711 0 0.70711 0 1 0 0.51273 0.68864 0.51273 0.38291 0 0.92379 0 1 0 0.27695 0.68888 0.66988 0 0 1 0 1 0 0 0.68888 0.72487 0 1 0 -0.38291 0 0.92379 -0.27695 0.68888 0.66988 -0.70711 0 0.70711 0 1 0 -0.51273 0.68864 0.51273 -0.92379 0 0.38291 0 1 0 -0.66988 0.68888 0.27695 -1 0 0 0 1 0 -0.72487 0.68888 0 -0.92379 0 -0.38291 0 1 0 -0.66988 0.68888 -0.27695 0 1 0 -0.70711 0 -0.70711 -0.51273 0.68864 -0.51273 -0.38291 0 -0.92379 0 1 0 -0.27695 0.68888 -0.66988 0 0 -1 0 1 0 0 0.68888 -0.72487 0 1 0 0 1 0 0 1 0 0 1 0 0 1 0 0 1 0 0 1 0 0 1 0 0 1 0 0 0 -1 0 1 0 0 0.73695 -0.67595 0 1 0 -0.38291 0 -0.92379 -0.25889 0.73668 -0.62473 0 1 0 -0.70711 0 -0.70711 -0.47797 0.73695 -0.47797 0 1 0 -0.92379 0 -0.38291 -0.62473 0.73668 -0.25889 0 1 0 -1 0 0 -0.67595 0.73695 0 0 1 0 -0.92379 0 0.38291 -0.62473 0.73668 0.25889 0 1 0 -0.70711 0 0.70711 -0.47797 0.73695 0.47797 0 1 0 -0.38291 0 0.92379 -0.25889 0.73668 0.62473 0 1 0 0 0 1 0 0.73695 0.67595 0 1 0 0.38291 0 0.92379 0.25889 0.73668 0.62473 0 1 0 0.70711 0 0.70711 0.47797 0.73695 0.47797 0 1 0 0.92379 0 0.38291 0.62473 0.73668 0.25889 0 1 0 1 0 0 0.67595 0.73695 0 0 1 0 0.92379 0 -0.38291 0.62473 0.73668 -0.25889 0 1 0 0.70711 0 -0.70711 0.47797 0.73695 -0.47797 0 1 0 0.38291 0 -0.92379 0.25889 0.73668 -0.62473 0.38291 0 -0.92379 0 1 0 0.27695 0.68888 -0.66988 0 1 0 0.70711 0 -0.70711 0.51273 0.68864 -0.51273 0.92379 0 -0.38291 0 1 0 0.66988 0.68888 -0.27695 0 1 0 1 0 0 0.72487 0.68888 0 0.92379 0 0.38291 0 1 0 0.66988 0.68888 0.27695 0.70711 0 0.70711 0 1 0 0.51273 0.68864 0.51273 0.38291 0 0.92379 0 1 0 0.27695 0.68888 0.66988 0 0 1 0 1 0 0 0.68888 0.72487 0 1 0 -0.38291 0 0.92379 -0.27695 0.68888 0.66988 -0.70711 0 0.70711 0 1 0 -0.51273 0.68864 0.51273 -0.92379 0 0.38291 0 1 0 -0.66988 0.68888 0.27695 -1 0 0 0 1 0 -0.72487 0.68888 0 -0.92379 0 -0.38291 0 1 0 -0.66988 0.68888 -0.27695 0 1 0 -0.70711 0 -0.70711 -0.51273 0.68864 -0.51273 -0.38291 0 -0.92379 0 1 0 -0.27695 0.68888 -0.66988 0 0 -1 0 1 0 0 0.68888 -0.72487 0 1 0 0 1 0 0 1 0 0 1 0 0 1 0 0 1 0 0 1 0 0 1 0 0 1 0 0 0 -1 0 1 0 0 0.73695 -0.67595 0 1 0 -0.38291 0 -0.92379 -0.25889 0.73668 -0.62473 0 1 0 -0.70711 0 -0.70711 -0.47797 0.73695 -0.47797 0 1 0 -0.92379 0 -0.38291 -0.62473 0.73668 -0.25889 0 1 0 -1 0 0 -0.67595 0.73695 0 0 1 0 -0.92379 0 0.38291 -0.62473 0.73668 0.25889 0 1 0 -0.70711 0 0.70711 -0.47797 0.73695 0.47797 0 1 0 -0.38291 0 0.92379 -0.25889 0.73668 0.62473 0 1 0 0 0 1 0 0.73695 0.67595 0 1 0 0.38291 0 0.92379 0.25889 0.73668 0.62473 0 1 0 0.70711 0 0.70711 0.47797 0.73695 0.47797 0 1 0 0.92379 0 0.38291 0.62473 0.73668 0.25889 0 1 0 1 0 0 0.67595 0.73695 0 0 1 0 0.92379 0 -0.38291 0.62473 0.73668 -0.25889 0 1 0 0.70711 0 -0.70711 0.47797 0.73695 -0.47797 0 1 0 0.38291 0 -0.92379 0.25889 0.73668 -0.62473 0.38291 0 -0.92379 0 1 0 0.27695 0.68888 -0.66988 0 1 0 0.70711 0 -0.70711 0.51273 0.68864 -0.51273 0.92379 0 -0.38291 0 1 0 0.66988 0.68888 -0.27695 0 1 0 1 0 0 0.72487 0.68888 0 0.92379 0 0.38291 0 1 0 0.66988 0.68888 0.27695 0.70711 0 0.70711 0 1 0 0.51273 0.68864 0.51273 0.38291 0 0.92379 0 1 0 0.27695 0.68888 0.66988 0 0 1 0 1 0 0 0.68888 0.72487 0 1 0 -0.38291 0 0.92379 -0.27695 0.68888 0.66988 -0.70711 0 0.70711 0 1 0 -0.51273 0.68864 0.51273 -0.92379 0 0.38291 0 1 0 -0.66988 0.68888 0.27695 -1 0 0 0 1 0 -0.72487 0.68888 0 -0.92379 0 -0.38291 0 1 0 -0.66988 0.68888 -0.27695 0 1 0 -0.70711 0 -0.70711 -0.51273 0.68864 -0.51273 -0.38291 0 -0.92379 0 1 0 -0.27695 0.68888 -0.66988 0 0 -1 0 1 0 0 0.68888 -0.72487 0 1 0 0 1 0 0 1 0 0 1 0 0 1 0 0 1 0 0 1 0 0 1 0 0 1 0 0 0 -1 0 1 0 0 0.73695 -0.67595 0 1 0 -0.38291 0 -0.92379 -0.25889 0.73668 -0.62473 0 1 0 -0.70711 0 -0.70711 -0.47797 0.73695 -0.47797 0 1 0 -0.92379 0 -0.38291 -0.62473 0.73668 -0.25889 0 1 0 -1 0 0 -0.67595 0.73695 0 0 1 0 -0.92379 0 0.38291 -0.62473 0.73668 0.25889 0 1 0 -0.70711 0 0.70711 -0.47797 0.73695 0.47797 0 1 0 -0.38291 0 0.92379 -0.25889 0.73668 0.62473 0 1 0 0 0 1 0 0.73695 0.67595 0 1 0 0.38291 0 0.92379 0.25889 0.73668 0.62473 0 1 0 0.70711 0 0.70711 0.47797 0.73695 0.47797 0 1 0 0.92379 0 0.38291 0.62473 0.73668 0.25889 0 1 0 1 0 0 0.67595 0.73695 0 0 1 0 0.92379 0 -0.38291 0.62473 0.73668 -0.25889 0 1 0 0.70711 0 -0.70711 0.47797 0.73695 -0.47797 0 1 0 0.38291 0 -0.92379 0.25889 0.73668 -0.62473 0.38291 0 -0.92379 0 1 0 0.27695 0.68888 -0.66988 0 1 0 0.70711 0 -0.70711 0.51273 0.68864 -0.51273 0.92379 0 -0.38291 0 1 0 0.66988 0.68888 -0.27695 0 1 0 1 0 0 0.72487 0.68888 0 0.92379 0 0.38291 0 1 0 0.66988 0.68888 0.27695 0.70711 0 0.70711 0 1 0 0.51273 0.68864 0.51273 0.38291 0 0.92379 0 1 0 0.27695 0.68888 0.66988 0 0 1 0 1 0 0 0.68888 0.72487 0 1 0 -0.38291 0 0.92379 -0.27695 0.68888 0.66988 -0.70711 0 0.70711 0 1 0 -0.51273 0.68864 0.51273 -0.92379 0 0.38291 0 1 0 -0.66988 0.68888 0.27695 -1 0 0 0 1 0 -0.72487 0.68888 0 -0.92379 0 -0.38291 0 1 0 -0.66988 0.68888 -0.27695 0 1 0 -0.70711 0 -0.70711 -0.51273 0.68864 -0.51273 -0.38291 0 -0.92379 0 1 0 -0.27695 0.68888 -0.66988 0 0 -1 0 1 0 0 0.68888 -0.72487 0 1 0 0 1 0 0 1 0 0 1 0 0 1 0 0 1 0 0 1 0 0 1 0 0 1 0 0 0 -1 0 1 0 0 0.73695 -0.67595 0 1 0 -0.38291 0 -0.92379 -0.25889 0.73668 -0.62473 0 1 0 -0.70711 0 -0.70711 -0.47797 0.73695 -0.47797 0 1 0 -0.92379 0 -0.38291 -0.62473 0.73668 -0.25889 0 1 0 -1 0 0 -0.67595 0.73695 0 0 1 0 -0.92379 0 0.38291 -0.62473 0.73668 0.25889 0 1 0 -0.70711 0 0.70711 -0.47797 0.73695 0.47797 0 1 0 -0.38291 0 0.92379 -0.25889 0.73668 0.62473 0 1 0 0 0 1 0 0.73695 0.67595 0 1 0 0.38291 0 0.92379 0.25889 0.73668 0.62473 0 1 0 0.70711 0 0.70711 0.47797 0.73695 0.47797 0 1 0 0.92379 0 0.38291 0.62473 0.73668 0.25889 0 1 0 1 0 0 0.67595 0.73695 0 0 1 0 0.92379 0 -0.38291 0.62473 0.73668 -0.25889 0 1 0 0.70711 0 -0.70711 0.47797 0.73695 -0.47797 0 1 0 0.38291 0 -0.92379 0.25889 0.73668 -0.62473 0.38291 0 -0.92379 0 1 0 0.27695 0.68888 -0.66988 0 1 0 0.70711 0 -0.70711 0.51273 0.68864 -0.51273 0.92379 0 -0.38291 0 1 0 0.66988 0.68888 -0.27695 0 1 0 1 0 0 0.72487 0.68888 0 0.92379 0 0.38291 0 1 0 0.66988 0.68888 0.27695 0.70711 0 0.70711 0 1 0 0.51273 0.68864 0.51273 0.38291 0 0.92379 0 1 0 0.27695 0.68888 0.66988 0 0 1 0 1 0 0 0.68888 0.72487 0 1 0 -0.38291 0 0.92379 -0.27695 0.68888 0.66988 -0.70711 0 0.70711 0 1 0 -0.51273 0.68864 0.51273 -0.92379 0 0.38291 0 1 0 -0.66988 0.68888 0.27695 -1 0 0 0 1 0 -0.72487 0.68888 0 -0.92379 0 -0.38291 0 1 0 -0.66988 0.68888 -0.27695 0 1 0 -0.70711 0 -0.70711 -0.51273 0.68864 -0.51273 -0.38291 0 -0.92379 0 1 0 -0.27695 0.68888 -0.66988 0 0 -1 0 1 0 0 0.68888 -0.72487 0 1 0 0 1 0 0 1 0 0 1 0 0 1 0 0 1 0 0 1 0 0 1 0 0 1 0 0 0 -1 0 1 0 0 0.73695 -0.67595 0 1 0 -0.38291 0 -0.92379 -0.25889 0.73668 -0.62473 0 1 0 -0.70711 0 -0.70711 -0.47797 0.73695 -0.47797 0 1 0 -0.92379 0 -0.38291 -0.62473 0.73668 -0.25889 0 1 0 -1 0 0 -0.67595 0.73695 0 0 1 0 -0.92379 0 0.38291 -0.62473 0.73668 0.25889 0 1 0 -0.70711 0 0.70711 -0.47797 0.73695 0.47797 0 1 0 -0.38291 0 0.92379 -0.25889 0.73668 0.62473 0 1 0 0 0 1 0 0.73695 0.67595 0 1 0 0.38291 0 0.92379 0.25889 0.73668 0.62473 0 1 0 0.70711 0 0.70711 0.47797 0.73695 0.47797 0 1 0 0.92379 0 0.38291 0.62473 0.73668 0.25889 0 1 0 1 0 0 0.67595 0.73695 0 0 1 0 0.92379 0 -0.38291 0.62473 0.73668 -0.25889 0 1 0 0.70711 0 -0.70711 0.47797 0.73695 -0.47797 0 1 0 0.38291 0 -0.92379 0.25889 0.73668 -0.62473 0.38291 0 -0.92379 0 1 0 0.27695 0.68888 -0.66988 0 1 0 0.70711 0 -0.70711 0.51273 0.68864 -0.51273 0.92379 0 -0.38291 0 1 0 0.66988 0.68888 -0.27695 0 1 0 1 0 0 0.72487 0.68888 0 0.92379 0 0.38291 0 1 0 0.66988 0.68888 0.27695 0.70711 0 0.70711 0 1 0 0.51273 0.68864 0.51273 0.38291 0 0.92379 0 1 0 0.27695 0.68888 0.66988 0 0 1 0 1 0 0 0.68888 0.72487 0 1 0 -0.38291 0 0.92379 -0.27695 0.68888 0.66988 -0.70711 0 0.70711 0 1 0 -0.51273 0.68864 0.51273 -0.92379 0 0.38291 0 1 0 -0.66988 0.68888 0.27695 -1 0 0 0 1 0 -0.72487 0.68888 0 -0.92379 0 -0.38291 0 1 0 -0.66988 0.68888 -0.27695 0 1 0 -0.70711 0 -0.70711 -0.51273 0.68864 -0.51273 -0.38291 0 -0.92379 0 1 0 -0.27695 0.68888 -0.66988 0 0 -1 0 1 0 0 0.68888 -0.72487 0 1 0 0 1 0 0 1 0 0 1 0 0 1 0 0 1 0 0 1 0 0 1 0 0 1 0 0 0 -1 0 1 0 0 0.73695 -0.67595 0 1 0 -0.38291 0 -0.92379 -0.25889 0.73668 -0.62473 0 1 0 -0.70711 0 -0.70711 -0.47797 0.73695 -0.47797 0 1 0 -0.92379 0 -0.38291 -0.62473 0.73668 -0.25889 0 1 0 -1 0 0 -0.67595 0.73695 0 0 1 0 -0.92379 0 0.38291 -0.62473 0.73668 0.25889 0 1 0 -0.70711 0 0.70711 -0.47797 0.73695 0.47797 0 1 0 -0.38291 0 0.92379 -0.25889 0.73668 0.62473 0 1 0 0 0 1 0 0.73695 0.67595 0 1 0 0.38291 0 0.92379 0.25889 0.73668 0.62473 0 1 0 0.70711 0 0.70711 0.47797 0.73695 0.47797 0 1 0 0.92379 0 0.38291 0.62473 0.73668 0.25889 0 1 0 1 0 0 0.67595 0.73695 0 0 1 0 0.92379 0 -0.38291 0.62473 0.73668 -0.25889 0 1 0 0.70711 0 -0.70711 0.47797 0.73695 -0.47797 0 1 0 0.38291 0 -0.92379 0.25889 0.73668 -0.62473 0.38291 0 -0.92379 0 1 0 0.27695 0.68888 -0.66988 0 1 0 0.70711 0 -0.70711 0.51273 0.68864 -0.51273 0.92379 0 -0.38291 0 1 0 0.66988 0.68888 -0.27695 0 1 0 1 0 0 0.72487 0.68888 0 0.92379 0 0.38291 0 1 0 0.66988 0.68888 0.27695 0.70711 0 0.70711 0 1 0 0.51273 0.68864 0.51273 0.38291 0 0.92379 0 1 0 0.27695 0.68888 0.66988 0 0 1 0 1 0 0 0.68888 0.72487 0 1 0 -0.38291 0 0.92379 -0.27695 0.68888 0.66988 -0.70711 0 0.70711 0 1 0 -0.51273 0.68864 0.51273 -0.92379 0 0.38291 0 1 0 -0.66988 0.68888 0.27695 -1 0 0 0 1 0 -0.72487 0.68888 0 -0.92379 0 -0.38291 0 1 0 -0.66988 0.68888 -0.27695 0 1 0 -0.70711 0 -0.70711 -0.51273 0.68864 -0.51273 -0.38291 0 -0.92379 0 1 0 -0.27695 0.68888 -0.66988 0 0 -1 0 1 0 0 0.68888 -0.72487 0 1 0 0 1 0 0 1 0 0 1 0 0 1 0 0 1 0 0 1 0 0 1 0 0 1 0 0 0 -1 0 1 0 0 0.73695 -0.67595 0 1 0 -0.38291 0 -0.92379 -0.25889 0.73668 -0.62473 0 1 0 -0.70711 0 -0.70711 -0.47797 0.73695 -0.47797 0 1 0 -0.92379 0 -0.38291 -0.62473 0.73668 -0.25889 0 1 0 -1 0 0 -0.67595 0.73695 0 0 1 0 -0.92379 0 0.38291 -0.62473 0.73668 0.25889 0 1 0 -0.70711 0 0.70711 -0.47797 0.73695 0.47797 0 1 0 -0.38291 0 0.92379 -0.25889 0.73668 0.62473 0 1 0 0 0 1 0 0.73695 0.67595 0 1 0 0.38291 0 0.92379 0.25889 0.73668 0.62473 0 1 0 0.70711 0 0.70711 0.47797 0.73695 0.47797 0 1 0 0.92379 0 0.38291 0.62473 0.73668 0.25889 0 1 0 1 0 0 0.67595 0.73695 0 0 1 0 0.92379 0 -0.38291 0.62473 0.73668 -0.25889 0 1 0 0.70711 0 -0.70711 0.47797 0.73695 -0.47797 0 1 0 0.38291 0 -0.92379 0.25889 0.73668 -0.62473</float_array>
					<technique_common>
						<accessor source="#3001|MB|42-mesh-normals-array" count="1570" stride="3">
							<param name="X" type="float"/>
							<param name="Y" type="float"/>
							<param name="Z" type="float"/>
						</accessor>
					</technique_common>
				</source>
				<source id="3001|MB|42-mesh-map-0">
					<float_array id="3001|MB|42-mesh-map-0-array" count="12912">0.916 0.74 0.72 0.74 0.916 0.625 0.72 0.74 0.72 0.625 0.916 0.625 0.241 0.026 0.241 0.301 0.013 0.026 0.241 0.301 0.013 0.301 0.013 0.026 0.705 0.765 0.739 0.765 0.705 0.879 0.739 0.765 0.739 0.846 0.705 0.879 0.362 0.594 0.362 0.838 0.281 0.594 0.362 0.838 0.281 0.838 0.281 0.594 0.699 0.326 0.699 0.569 0.672 0.326 0.699 0.569 0.672 0.569 0.672 0.326 0.672 0.326 0.672 0.569 0.646 0.326 0.672 0.569 0.646 0.569 0.646 0.326 0.646 0.326 0.646 0.569 0.619 0.326 0.646 0.569 0.619 0.569 0.619 0.326 0.619 0.326 0.619 0.569 0.592 0.326 0.619 0.569 0.592 0.569 0.592 0.326 0.281 0.326 0.318 0.326 0.281 0.569 0.318 0.326 0.318 0.569 0.281 0.569 0.354 0.326 0.354 0.569 0.318 0.326 0.354 0.569 0.318 0.569 0.318 0.326 0.39 0.326 0.39 0.569 0.354 0.326 0.39 0.569 0.354 0.569 0.354 0.326 0.427 0.326 0.427 0.569 0.39 0.326 0.427 0.569 0.39 0.569 0.39 0.326 0.943 0.939 0.96 0.956 0.92 0.954 0.96 0.956 0.93 0.976 0.92 0.954 0.92 0.954 0.93 0.976 0.894 0.959 0.93 0.976 0.894 0.983 0.894 0.959 0.868 0.954 0.858 0.976 0.845 0.939 0.858 0.976 0.828 0.956 0.845 0.939 0.868 0.954 0.894 0.959 0.858 0.976 0.894 0.959 0.894 0.983 0.858 0.976 0.321 0.878 0.347 0.883 0.311 0.9 0.347 0.883 0.347 0.908 0.311 0.9 0.321 0.878 0.311 0.9 0.298 0.863 0.311 0.9 0.281 0.88 0.298 0.863 0.373 0.878 0.383 0.901 0.347 0.883 0.383 0.901 0.347 0.908 0.347 0.883 0.396 0.863 0.413 0.88 0.373 0.878 0.413 0.88 0.383 0.901 0.373 0.878 0.412 0.026 0.412 0.27 0.375 0.026 0.412 0.27 0.375 0.27 0.375 0.026 0.375 0.026 0.375 0.27 0.339 0.026 0.375 0.27 0.339 0.27 0.339 0.026 0.339 0.026 0.339 0.27 0.303 0.026 0.339 0.27 0.303 0.27 0.303 0.026 0.266 0.026 0.303 0.026 0.266 0.27 0.303 0.026 0.303 0.27 0.266 0.27 0.742 0.026 0.742 0.27 0.716 0.026 0.742 0.27 0.716 0.27 0.716 0.026 0.769 0.026 0.769 0.27 0.742 0.026 0.769 0.27 0.742 0.27 0.742 0.026 0.796 0.026 0.796 0.27 0.769 0.026 0.796 0.27 0.769 0.27 0.769 0.026 0.823 0.026 0.823 0.27 0.796 0.026 0.823 0.27 0.796 0.27 0.796 0.026 0.96 0.585 0.96 0.825 0.949 0.585 0.96 0.825 0.949 0.825 0.949 0.585 0.865 0.238 0.865 0.249 0.848 0.238 0.865 0.249 0.848 0.249 0.848 0.238 0.586 0.906 0.826 0.906 0.586 0.917 0.826 0.906 0.826 0.917 0.586 0.917 0.989 0.026 0.989 0.266 0.977 0.026 0.989 0.266 0.977 0.266 0.977 0.026 0.962 0.326 0.962 0.566 0.945 0.326 0.962 0.566 0.945 0.566 0.945 0.326 0.952 0.026 0.952 0.213 0.848 0.026 0.952 0.213 0.848 0.213 0.848 0.026 0.724 0.583 0.724 0.571 0.829 0.583 0.724 0.571 0.826 0.571 0.829 0.583 0.452 0.88 0.452 0.765 0.68 0.88 0.452 0.765 0.68 0.765 0.68 0.88 0.567 0.326 0.567 0.6 0.452 0.326 0.567 0.6 0.452 0.6 0.452 0.326 0.934 0.846 0.934 0.879 0.739 0.846 0.934 0.879 0.705 0.879 0.739 0.846 0.691 0.026 0.691 0.301 0.577 0.026 0.691 0.301 0.577 0.301 0.577 0.026 0.013 0.326 0.256 0.326 0.013 0.521 0.256 0.326 0.256 0.521 0.013 0.521 0.013 0.546 0.256 0.546 0.013 0.661 0.256 0.546 0.256 0.661 0.013 0.661 0.756 0.827 0.756 0.793 0.87 0.827 0.756 0.793 0.87 0.793 0.87 0.827 0.013 0.801 0.013 0.686 0.241 0.801 0.013 0.686 0.241 0.686 0.241 0.801 0.552 0.026 0.552 0.301 0.437 0.026 0.552 0.301 0.437 0.301 0.437 0.026 0.452 0.625 0.695 0.625 0.452 0.74 0.695 0.625 0.695 0.74 0.452 0.74 0.452 0.939 0.452 0.905 0.567 0.939 0.452 0.905 0.567 0.905 0.567 0.939 0.013 0.962 0.253 0.962 0.013 0.973 0.253 0.962 0.253 0.973 0.013 0.973 0.395 0.594 0.395 0.834 0.387 0.594 0.395 0.834 0.387 0.834 0.387 0.594 0.279 0.963 0.518 0.963 0.279 0.974 0.518 0.963 0.518 0.974 0.279 0.974 0.857 0.286 0.857 0.274 0.865 0.286 0.857 0.274 0.865 0.274 0.865 0.286 0.848 0.286 0.848 0.274 0.857 0.286 0.848 0.274 0.857 0.274 0.857 0.286 0.404 0.594 0.404 0.834 0.395 0.594 0.404 0.834 0.395 0.834 0.395 0.594 0.854 0.571 0.865 0.571 0.854 0.58 0.865 0.571 0.865 0.58 0.854 0.58 0.543 0.964 0.783 0.964 0.543 0.972 0.783 0.964 0.783 0.972 0.543 0.972 0.013 0.94 0.013 0.826 0.241 0.94 0.013 0.826 0.241 0.826 0.241 0.94 0.92 0.441 0.724 0.441 0.92 0.326 0.724 0.441 0.724 0.326 0.92 0.326 0.92 0.546 0.724 0.546 0.92 0.466 0.724 0.546 0.724 0.466 0.92 0.466 0.916 0.74 0.916 0.625 0.72 0.74 0.916 0.625 0.72 0.625 0.72 0.74 0.321 0.878 0.311 0.9 0.347 0.883 0.311 0.9 0.347 0.908 0.347 0.883 0.321 0.878 0.298 0.863 0.311 0.9 0.298 0.863 0.281 0.88 0.311 0.9 0.373 0.878 0.347 0.883 0.383 0.901 0.347 0.883 0.347 0.908 0.383 0.901 0.396 0.863 0.373 0.878 0.413 0.88 0.373 0.878 0.383 0.901 0.413 0.88 0.412 0.026 0.375 0.026 0.412 0.27 0.375 0.026 0.375 0.27 0.412 0.27 0.375 0.026 0.339 0.026 0.375 0.27 0.339 0.026 0.339 0.27 0.375 0.27 0.339 0.026 0.303 0.026 0.339 0.27 0.303 0.026 0.303 0.27 0.339 0.27 0.266 0.026 0.266 0.27 0.303 0.026 0.266 0.27 0.303 0.27 0.303 0.026 0.742 0.026 0.716 0.026 0.742 0.27 0.716 0.026 0.716 0.27 0.742 0.27 0.769 0.026 0.742 0.026 0.769 0.27 0.742 0.026 0.742 0.27 0.769 0.27 0.796 0.026 0.769 0.026 0.796 0.27 0.769 0.026 0.769 0.27 0.796 0.27 0.823 0.026 0.796 0.026 0.823 0.27 0.796 0.026 0.796 0.27 0.823 0.27 0.013 0.546 0.013 0.661 0.256 0.546 0.013 0.661 0.256 0.661 0.256 0.546 0.756 0.827 0.87 0.827 0.756 0.793 0.87 0.827 0.87 0.793 0.756 0.793 0.013 0.801 0.241 0.801 0.013 0.686 0.241 0.801 0.241 0.686 0.013 0.686 0.552 0.026 0.437 0.026 0.552 0.301 0.437 0.026 0.437 0.301 0.552 0.301 0.279 0.963 0.279 0.974 0.518 0.963 0.279 0.974 0.518 0.974 0.518 0.963 0.848 0.286 0.857 0.286 0.848 0.274 0.857 0.286 0.857 0.274 0.848 0.274 0.404 0.594 0.395 0.594 0.404 0.834 0.395 0.594 0.395 0.834 0.404 0.834 0.916 0.74 0.916 0.625 0.72 0.74 0.916 0.625 0.72 0.625 0.72 0.74 0.241 0.026 0.013 0.026 0.241 0.301 0.013 0.026 0.013 0.301 0.241 0.301 0.705 0.765 0.705 0.879 0.739 0.765 0.705 0.879 0.739 0.846 0.739 0.765 0.362 0.594 0.281 0.594 0.362 0.838 0.281 0.594 0.281 0.838 0.362 0.838 0.699 0.326 0.672 0.326 0.699 0.569 0.672 0.326 0.672 0.569 0.699 0.569 0.672 0.326 0.646 0.326 0.672 0.569 0.646 0.326 0.646 0.569 0.672 0.569 0.646 0.326 0.619 0.326 0.646 0.569 0.619 0.326 0.619 0.569 0.646 0.569 0.619 0.326 0.592 0.326 0.619 0.569 0.592 0.326 0.592 0.569 0.619 0.569 0.281 0.326 0.281 0.569 0.318 0.326 0.281 0.569 0.318 0.569 0.318 0.326 0.354 0.326 0.318 0.326 0.354 0.569 0.318 0.326 0.318 0.569 0.354 0.569 0.39 0.326 0.354 0.326 0.39 0.569 0.354 0.326 0.354 0.569 0.39 0.569 0.427 0.326 0.39 0.326 0.427 0.569 0.39 0.326 0.39 0.569 0.427 0.569 0.943 0.939 0.92 0.954 0.96 0.956 0.92 0.954 0.93 0.976 0.96 0.956 0.92 0.954 0.894 0.959 0.93 0.976 0.894 0.959 0.894 0.983 0.93 0.976 0.868 0.954 0.845 0.939 0.858 0.976 0.845 0.939 0.828 0.956 0.858 0.976 0.868 0.954 0.858 0.976 0.894 0.959 0.858 0.976 0.894 0.983 0.894 0.959 0.321 0.878 0.311 0.9 0.347 0.883 0.311 0.9 0.347 0.908 0.347 0.883 0.321 0.878 0.298 0.863 0.311 0.9 0.298 0.863 0.281 0.88 0.311 0.9 0.373 0.878 0.347 0.883 0.383 0.901 0.347 0.883 0.347 0.908 0.383 0.901 0.396 0.863 0.373 0.878 0.413 0.88 0.373 0.878 0.383 0.901 0.413 0.88 0.412 0.026 0.375 0.026 0.412 0.27 0.375 0.026 0.375 0.27 0.412 0.27 0.375 0.026 0.339 0.026 0.375 0.27 0.339 0.026 0.339 0.27 0.375 0.27 0.339 0.026 0.303 0.026 0.339 0.27 0.303 0.026 0.303 0.27 0.339 0.27 0.266 0.026 0.266 0.27 0.303 0.026 0.266 0.27 0.303 0.27 0.303 0.026 0.742 0.026 0.716 0.026 0.742 0.27 0.716 0.026 0.716 0.27 0.742 0.27 0.769 0.026 0.742 0.026 0.769 0.27 0.742 0.026 0.742 0.27 0.769 0.27 0.796 0.026 0.769 0.026 0.796 0.27 0.769 0.026 0.769 0.27 0.796 0.27 0.823 0.026 0.796 0.026 0.823 0.27 0.796 0.026 0.796 0.27 0.823 0.27 0.96 0.585 0.949 0.585 0.96 0.825 0.949 0.585 0.949 0.825 0.96 0.825 0.865 0.238 0.848 0.238 0.865 0.249 0.848 0.238 0.848 0.249 0.865 0.249 0.586 0.906 0.586 0.917 0.826 0.906 0.586 0.917 0.826 0.917 0.826 0.906 0.989 0.026 0.977 0.026 0.989 0.266 0.977 0.026 0.977 0.266 0.989 0.266 0.962 0.326 0.945 0.326 0.962 0.566 0.945 0.326 0.945 0.566 0.962 0.566 0.952 0.026 0.848 0.026 0.952 0.213 0.848 0.026 0.848 0.213 0.952 0.213 0.724 0.583 0.829 0.583 0.724 0.571 0.829 0.583 0.826 0.571 0.724 0.571 0.452 0.88 0.68 0.88 0.452 0.765 0.68 0.88 0.68 0.765 0.452 0.765 0.567 0.326 0.452 0.326 0.567 0.6 0.452 0.326 0.452 0.6 0.567 0.6 0.934 0.846 0.739 0.846 0.934 0.879 0.739 0.846 0.705 0.879 0.934 0.879 0.691 0.026 0.577 0.026 0.691 0.301 0.577 0.026 0.577 0.301 0.691 0.301 0.013 0.326 0.013 0.521 0.256 0.326 0.013 0.521 0.256 0.521 0.256 0.326 0.013 0.546 0.013 0.661 0.256 0.546 0.013 0.661 0.256 0.661 0.256 0.546 0.756 0.827 0.87 0.827 0.756 0.793 0.87 0.827 0.87 0.793 0.756 0.793 0.013 0.801 0.241 0.801 0.013 0.686 0.241 0.801 0.241 0.686 0.013 0.686 0.552 0.026 0.437 0.026 0.552 0.301 0.437 0.026 0.437 0.301 0.552 0.301 0.452 0.625 0.452 0.74 0.695 0.625 0.452 0.74 0.695 0.74 0.695 0.625 0.452 0.939 0.567 0.939 0.452 0.905 0.567 0.939 0.567 0.905 0.452 0.905 0.013 0.962 0.013 0.973 0.253 0.962 0.013 0.973 0.253 0.973 0.253 0.962 0.395 0.594 0.387 0.594 0.395 0.834 0.387 0.594 0.387 0.834 0.395 0.834 0.279 0.963 0.279 0.974 0.518 0.963 0.279 0.974 0.518 0.974 0.518 0.963 0.857 0.286 0.865 0.286 0.857 0.274 0.865 0.286 0.865 0.274 0.857 0.274 0.848 0.286 0.857 0.286 0.848 0.274 0.857 0.286 0.857 0.274 0.848 0.274 0.404 0.594 0.395 0.594 0.404 0.834 0.395 0.594 0.395 0.834 0.404 0.834 0.854 0.571 0.854 0.58 0.865 0.571 0.854 0.58 0.865 0.58 0.865 0.571 0.543 0.964 0.543 0.972 0.783 0.964 0.543 0.972 0.783 0.972 0.783 0.964 0.013 0.94 0.241 0.94 0.013 0.826 0.241 0.94 0.241 0.826 0.013 0.826 0.92 0.441 0.92 0.326 0.724 0.441 0.92 0.326 0.724 0.326 0.724 0.441 0.92 0.546 0.92 0.466 0.724 0.546 0.92 0.466 0.724 0.466 0.724 0.546 0.916 0.74 0.72 0.74 0.916 0.625 0.72 0.74 0.72 0.625 0.916 0.625 0.321 0.878 0.347 0.883 0.311 0.9 0.347 0.883 0.347 0.908 0.311 0.9 0.321 0.878 0.311 0.9 0.298 0.863 0.311 0.9 0.281 0.88 0.298 0.863 0.373 0.878 0.383 0.901 0.347 0.883 0.383 0.901 0.347 0.908 0.347 0.883 0.396 0.863 0.413 0.88 0.373 0.878 0.413 0.88 0.383 0.901 0.373 0.878 0.412 0.026 0.412 0.27 0.375 0.026 0.412 0.27 0.375 0.27 0.375 0.026 0.375 0.026 0.375 0.27 0.339 0.026 0.375 0.27 0.339 0.27 0.339 0.026 0.339 0.026 0.339 0.27 0.303 0.026 0.339 0.27 0.303 0.27 0.303 0.026 0.266 0.026 0.303 0.026 0.266 0.27 0.303 0.026 0.303 0.27 0.266 0.27 0.742 0.026 0.742 0.27 0.716 0.026 0.742 0.27 0.716 0.27 0.716 0.026 0.769 0.026 0.769 0.27 0.742 0.026 0.769 0.27 0.742 0.27 0.742 0.026 0.796 0.026 0.796 0.27 0.769 0.026 0.796 0.27 0.769 0.27 0.769 0.026 0.823 0.026 0.823 0.27 0.796 0.026 0.823 0.27 0.796 0.27 0.796 0.026 0.013 0.546 0.256 0.546 0.013 0.661 0.256 0.546 0.256 0.661 0.013 0.661 0.756 0.827 0.756 0.793 0.87 0.827 0.756 0.793 0.87 0.793 0.87 0.827 0.013 0.801 0.013 0.686 0.241 0.801 0.013 0.686 0.241 0.686 0.241 0.801 0.552 0.026 0.552 0.301 0.437 0.026 0.552 0.301 0.437 0.301 0.437 0.026 0.279 0.963 0.518 0.963 0.279 0.974 0.518 0.963 0.518 0.974 0.279 0.974 0.848 0.286 0.848 0.274 0.857 0.286 0.848 0.274 0.857 0.274 0.857 0.286 0.404 0.594 0.404 0.834 0.395 0.594 0.404 0.834 0.395 0.834 0.395 0.594 0.916 0.74 0.916 0.625 0.72 0.74 0.916 0.625 0.72 0.625 0.72 0.74 0.241 0.026 0.013 0.026 0.241 0.301 0.013 0.026 0.013 0.301 0.241 0.301 0.705 0.765 0.705 0.879 0.739 0.765 0.705 0.879 0.739 0.846 0.739 0.765 0.362 0.594 0.281 0.594 0.362 0.838 0.281 0.594 0.281 0.838 0.362 0.838 0.699 0.326 0.672 0.326 0.699 0.569 0.672 0.326 0.672 0.569 0.699 0.569 0.672 0.326 0.646 0.326 0.672 0.569 0.646 0.326 0.646 0.569 0.672 0.569 0.646 0.326 0.619 0.326 0.646 0.569 0.619 0.326 0.619 0.569 0.646 0.569 0.619 0.326 0.592 0.326 0.619 0.569 0.592 0.326 0.592 0.569 0.619 0.569 0.281 0.326 0.281 0.569 0.318 0.326 0.281 0.569 0.318 0.569 0.318 0.326 0.354 0.326 0.318 0.326 0.354 0.569 0.318 0.326 0.318 0.569 0.354 0.569 0.39 0.326 0.354 0.326 0.39 0.569 0.354 0.326 0.354 0.569 0.39 0.569 0.427 0.326 0.39 0.326 0.427 0.569 0.39 0.326 0.39 0.569 0.427 0.569 0.943 0.939 0.92 0.954 0.96 0.956 0.92 0.954 0.93 0.976 0.96 0.956 0.92 0.954 0.894 0.959 0.93 0.976 0.894 0.959 0.894 0.983 0.93 0.976 0.868 0.954 0.845 0.939 0.858 0.976 0.845 0.939 0.828 0.956 0.858 0.976 0.868 0.954 0.858 0.976 0.894 0.959 0.858 0.976 0.894 0.983 0.894 0.959 0.321 0.878 0.311 0.9 0.347 0.883 0.311 0.9 0.347 0.908 0.347 0.883 0.321 0.878 0.298 0.863 0.311 0.9 0.298 0.863 0.281 0.88 0.311 0.9 0.373 0.878 0.347 0.883 0.383 0.901 0.347 0.883 0.347 0.908 0.383 0.901 0.396 0.863 0.373 0.878 0.413 0.88 0.373 0.878 0.383 0.901 0.413 0.88 0.412 0.026 0.375 0.026 0.412 0.27 0.375 0.026 0.375 0.27 0.412 0.27 0.375 0.026 0.339 0.026 0.375 0.27 0.339 0.026 0.339 0.27 0.375 0.27 0.339 0.026 0.303 0.026 0.339 0.27 0.303 0.026 0.303 0.27 0.339 0.27 0.266 0.026 0.266 0.27 0.303 0.026 0.266 0.27 0.303 0.27 0.303 0.026 0.742 0.026 0.716 0.026 0.742 0.27 0.716 0.026 0.716 0.27 0.742 0.27 0.769 0.026 0.742 0.026 0.769 0.27 0.742 0.026 0.742 0.27 0.769 0.27 0.796 0.026 0.769 0.026 0.796 0.27 0.769 0.026 0.769 0.27 0.796 0.27 0.823 0.026 0.796 0.026 0.823 0.27 0.796 0.026 0.796 0.27 0.823 0.27 0.96 0.585 0.949 0.585 0.96 0.825 0.949 0.585 0.949 0.825 0.96 0.825 0.865 0.238 0.848 0.238 0.865 0.249 0.848 0.238 0.848 0.249 0.865 0.249 0.586 0.906 0.586 0.917 0.826 0.906 0.586 0.917 0.826 0.917 0.826 0.906 0.989 0.026 0.977 0.026 0.989 0.266 0.977 0.026 0.977 0.266 0.989 0.266 0.962 0.326 0.945 0.326 0.962 0.566 0.945 0.326 0.945 0.566 0.962 0.566 0.952 0.026 0.848 0.026 0.952 0.213 0.848 0.026 0.848 0.213 0.952 0.213 0.724 0.583 0.829 0.583 0.724 0.571 0.829 0.583 0.826 0.571 0.724 0.571 0.452 0.88 0.68 0.88 0.452 0.765 0.68 0.88 0.68 0.765 0.452 0.765 0.567 0.326 0.452 0.326 0.567 0.6 0.452 0.326 0.452 0.6 0.567 0.6 0.934 0.846 0.739 0.846 0.934 0.879 0.739 0.846 0.705 0.879 0.934 0.879 0.691 0.026 0.577 0.026 0.691 0.301 0.577 0.026 0.577 0.301 0.691 0.301 0.013 0.326 0.013 0.521 0.256 0.326 0.013 0.521 0.256 0.521 0.256 0.326 0.013 0.546 0.013 0.661 0.256 0.546 0.013 0.661 0.256 0.661 0.256 0.546 0.756 0.827 0.87 0.827 0.756 0.793 0.87 0.827 0.87 0.793 0.756 0.793 0.013 0.801 0.241 0.801 0.013 0.686 0.241 0.801 0.241 0.686 0.013 0.686 0.552 0.026 0.437 0.026 0.552 0.301 0.437 0.026 0.437 0.301 0.552 0.301 0.452 0.625 0.452 0.74 0.695 0.625 0.452 0.74 0.695 0.74 0.695 0.625 0.452 0.939 0.567 0.939 0.452 0.905 0.567 0.939 0.567 0.905 0.452 0.905 0.013 0.962 0.013 0.973 0.253 0.962 0.013 0.973 0.253 0.973 0.253 0.962 0.395 0.594 0.387 0.594 0.395 0.834 0.387 0.594 0.387 0.834 0.395 0.834 0.279 0.963 0.279 0.974 0.518 0.963 0.279 0.974 0.518 0.974 0.518 0.963 0.857 0.286 0.865 0.286 0.857 0.274 0.865 0.286 0.865 0.274 0.857 0.274 0.848 0.286 0.857 0.286 0.848 0.274 0.857 0.286 0.857 0.274 0.848 0.274 0.404 0.594 0.395 0.594 0.404 0.834 0.395 0.594 0.395 0.834 0.404 0.834 0.854 0.571 0.854 0.58 0.865 0.571 0.854 0.58 0.865 0.58 0.865 0.571 0.543 0.964 0.543 0.972 0.783 0.964 0.543 0.972 0.783 0.972 0.783 0.964 0.013 0.94 0.241 0.94 0.013 0.826 0.241 0.94 0.241 0.826 0.013 0.826 0.92 0.441 0.92 0.326 0.724 0.441 0.92 0.326 0.724 0.326 0.724 0.441 0.92 0.546 0.92 0.466 0.724 0.546 0.92 0.466 0.724 0.466 0.724 0.546 0.916 0.74 0.72 0.74 0.916 0.625 0.72 0.74 0.72 0.625 0.916 0.625 0.321 0.878 0.347 0.883 0.311 0.9 0.347 0.883 0.347 0.908 0.311 0.9 0.321 0.878 0.311 0.9 0.298 0.863 0.311 0.9 0.281 0.88 0.298 0.863 0.373 0.878 0.383 0.901 0.347 0.883 0.383 0.901 0.347 0.908 0.347 0.883 0.396 0.863 0.413 0.88 0.373 0.878 0.413 0.88 0.383 0.901 0.373 0.878 0.412 0.026 0.412 0.27 0.375 0.026 0.412 0.27 0.375 0.27 0.375 0.026 0.375 0.026 0.375 0.27 0.339 0.026 0.375 0.27 0.339 0.27 0.339 0.026 0.339 0.026 0.339 0.27 0.303 0.026 0.339 0.27 0.303 0.27 0.303 0.026 0.266 0.026 0.303 0.026 0.266 0.27 0.303 0.026 0.303 0.27 0.266 0.27 0.742 0.026 0.742 0.27 0.716 0.026 0.742 0.27 0.716 0.27 0.716 0.026 0.769 0.026 0.769 0.27 0.742 0.026 0.769 0.27 0.742 0.27 0.742 0.026 0.796 0.026 0.796 0.27 0.769 0.026 0.796 0.27 0.769 0.27 0.769 0.026 0.823 0.026 0.823 0.27 0.796 0.026 0.823 0.27 0.796 0.27 0.796 0.026 0.013 0.546 0.256 0.546 0.013 0.661 0.256 0.546 0.256 0.661 0.013 0.661 0.756 0.827 0.756 0.793 0.87 0.827 0.756 0.793 0.87 0.793 0.87 0.827 0.013 0.801 0.013 0.686 0.241 0.801 0.013 0.686 0.241 0.686 0.241 0.801 0.552 0.026 0.552 0.301 0.437 0.026 0.552 0.301 0.437 0.301 0.437 0.026 0.279 0.963 0.518 0.963 0.279 0.974 0.518 0.963 0.518 0.974 0.279 0.974 0.848 0.286 0.848 0.274 0.857 0.286 0.848 0.274 0.857 0.274 0.857 0.286 0.404 0.594 0.404 0.834 0.395 0.594 0.404 0.834 0.395 0.834 0.395 0.594 0.916 0.74 0.72 0.74 0.916 0.625 0.72 0.74 0.72 0.625 0.916 0.625 0.241 0.026 0.241 0.301 0.013 0.026 0.241 0.301 0.013 0.301 0.013 0.026 0.705 0.765 0.739 0.765 0.705 0.879 0.739 0.765 0.739 0.846 0.705 0.879 0.362 0.594 0.362 0.838 0.281 0.594 0.362 0.838 0.281 0.838 0.281 0.594 0.699 0.326 0.699 0.569 0.672 0.326 0.699 0.569 0.672 0.569 0.672 0.326 0.672 0.326 0.672 0.569 0.646 0.326 0.672 0.569 0.646 0.569 0.646 0.326 0.646 0.326 0.646 0.569 0.619 0.326 0.646 0.569 0.619 0.569 0.619 0.326 0.619 0.326 0.619 0.569 0.592 0.326 0.619 0.569 0.592 0.569 0.592 0.326 0.281 0.326 0.318 0.326 0.281 0.569 0.318 0.326 0.318 0.569 0.281 0.569 0.354 0.326 0.354 0.569 0.318 0.326 0.354 0.569 0.318 0.569 0.318 0.326 0.39 0.326 0.39 0.569 0.354 0.326 0.39 0.569 0.354 0.569 0.354 0.326 0.427 0.326 0.427 0.569 0.39 0.326 0.427 0.569 0.39 0.569 0.39 0.326 0.943 0.939 0.96 0.956 0.92 0.954 0.96 0.956 0.93 0.976 0.92 0.954 0.92 0.954 0.93 0.976 0.894 0.959 0.93 0.976 0.894 0.983 0.894 0.959 0.868 0.954 0.858 0.976 0.845 0.939 0.858 0.976 0.828 0.956 0.845 0.939 0.868 0.954 0.894 0.959 0.858 0.976 0.894 0.959 0.894 0.983 0.858 0.976 0.321 0.878 0.347 0.883 0.311 0.9 0.347 0.883 0.347 0.908 0.311 0.9 0.321 0.878 0.311 0.9 0.298 0.863 0.311 0.9 0.281 0.88 0.298 0.863 0.373 0.878 0.383 0.901 0.347 0.883 0.383 0.901 0.347 0.908 0.347 0.883 0.396 0.863 0.413 0.88 0.373 0.878 0.413 0.88 0.383 0.901 0.373 0.878 0.412 0.026 0.412 0.27 0.375 0.026 0.412 0.27 0.375 0.27 0.375 0.026 0.375 0.026 0.375 0.27 0.339 0.026 0.375 0.27 0.339 0.27 0.339 0.026 0.339 0.026 0.339 0.27 0.303 0.026 0.339 0.27 0.303 0.27 0.303 0.026 0.266 0.026 0.303 0.026 0.266 0.27 0.303 0.026 0.303 0.27 0.266 0.27 0.742 0.026 0.742 0.27 0.716 0.026 0.742 0.27 0.716 0.27 0.716 0.026 0.769 0.026 0.769 0.27 0.742 0.026 0.769 0.27 0.742 0.27 0.742 0.026 0.796 0.026 0.796 0.27 0.769 0.026 0.796 0.27 0.769 0.27 0.769 0.026 0.823 0.026 0.823 0.27 0.796 0.026 0.823 0.27 0.796 0.27 0.796 0.026 0.96 0.585 0.96 0.825 0.949 0.585 0.96 0.825 0.949 0.825 0.949 0.585 0.865 0.238 0.865 0.249 0.848 0.238 0.865 0.249 0.848 0.249 0.848 0.238 0.586 0.906 0.826 0.906 0.586 0.917 0.826 0.906 0.826 0.917 0.586 0.917 0.989 0.026 0.989 0.266 0.977 0.026 0.989 0.266 0.977 0.266 0.977 0.026 0.962 0.326 0.962 0.566 0.945 0.326 0.962 0.566 0.945 0.566 0.945 0.326 0.952 0.026 0.952 0.213 0.848 0.026 0.952 0.213 0.848 0.213 0.848 0.026 0.724 0.583 0.724 0.571 0.829 0.583 0.724 0.571 0.826 0.571 0.829 0.583 0.452 0.88 0.452 0.765 0.68 0.88 0.452 0.765 0.68 0.765 0.68 0.88 0.567 0.326 0.567 0.6 0.452 0.326 0.567 0.6 0.452 0.6 0.452 0.326 0.934 0.846 0.934 0.879 0.739 0.846 0.934 0.879 0.705 0.879 0.739 0.846 0.691 0.026 0.691 0.301 0.577 0.026 0.691 0.301 0.577 0.301 0.577 0.026 0.013 0.326 0.256 0.326 0.013 0.521 0.256 0.326 0.256 0.521 0.013 0.521 0.013 0.546 0.256 0.546 0.013 0.661 0.256 0.546 0.256 0.661 0.013 0.661 0.756 0.827 0.756 0.793 0.87 0.827 0.756 0.793 0.87 0.793 0.87 0.827 0.013 0.801 0.013 0.686 0.241 0.801 0.013 0.686 0.241 0.686 0.241 0.801 0.552 0.026 0.552 0.301 0.437 0.026 0.552 0.301 0.437 0.301 0.437 0.026 0.452 0.625 0.695 0.625 0.452 0.74 0.695 0.625 0.695 0.74 0.452 0.74 0.452 0.939 0.452 0.905 0.567 0.939 0.452 0.905 0.567 0.905 0.567 0.939 0.013 0.962 0.253 0.962 0.013 0.973 0.253 0.962 0.253 0.973 0.013 0.973 0.395 0.594 0.395 0.834 0.387 0.594 0.395 0.834 0.387 0.834 0.387 0.594 0.279 0.963 0.518 0.963 0.279 0.974 0.518 0.963 0.518 0.974 0.279 0.974 0.857 0.286 0.857 0.274 0.865 0.286 0.857 0.274 0.865 0.274 0.865 0.286 0.848 0.286 0.848 0.274 0.857 0.286 0.848 0.274 0.857 0.274 0.857 0.286 0.404 0.594 0.404 0.834 0.395 0.594 0.404 0.834 0.395 0.834 0.395 0.594 0.854 0.571 0.865 0.571 0.854 0.58 0.865 0.571 0.865 0.58 0.854 0.58 0.543 0.964 0.783 0.964 0.543 0.972 0.783 0.964 0.783 0.972 0.543 0.972 0.013 0.94 0.013 0.826 0.241 0.94 0.013 0.826 0.241 0.826 0.241 0.94 0.92 0.441 0.724 0.441 0.92 0.326 0.724 0.441 0.724 0.326 0.92 0.326 0.92 0.546 0.724 0.546 0.92 0.466 0.724 0.546 0.724 0.466 0.92 0.466 0.916 0.74 0.916 0.625 0.72 0.74 0.916 0.625 0.72 0.625 0.72 0.74 0.321 0.878 0.311 0.9 0.347 0.883 0.311 0.9 0.347 0.908 0.347 0.883 0.321 0.878 0.298 0.863 0.311 0.9 0.298 0.863 0.281 0.88 0.311 0.9 0.373 0.878 0.347 0.883 0.383 0.901 0.347 0.883 0.347 0.908 0.383 0.901 0.396 0.863 0.373 0.878 0.413 0.88 0.373 0.878 0.383 0.901 0.413 0.88 0.412 0.026 0.375 0.026 0.412 0.27 0.375 0.026 0.375 0.27 0.412 0.27 0.375 0.026 0.339 0.026 0.375 0.27 0.339 0.026 0.339 0.27 0.375 0.27 0.339 0.026 0.303 0.026 0.339 0.27 0.303 0.026 0.303 0.27 0.339 0.27 0.266 0.026 0.266 0.27 0.303 0.026 0.266 0.27 0.303 0.27 0.303 0.026 0.742 0.026 0.716 0.026 0.742 0.27 0.716 0.026 0.716 0.27 0.742 0.27 0.769 0.026 0.742 0.026 0.769 0.27 0.742 0.026 0.742 0.27 0.769 0.27 0.796 0.026 0.769 0.026 0.796 0.27 0.769 0.026 0.769 0.27 0.796 0.27 0.823 0.026 0.796 0.026 0.823 0.27 0.796 0.026 0.796 0.27 0.823 0.27 0.013 0.546 0.013 0.661 0.256 0.546 0.013 0.661 0.256 0.661 0.256 0.546 0.756 0.827 0.87 0.827 0.756 0.793 0.87 0.827 0.87 0.793 0.756 0.793 0.013 0.801 0.241 0.801 0.013 0.686 0.241 0.801 0.241 0.686 0.013 0.686 0.552 0.026 0.437 0.026 0.552 0.301 0.437 0.026 0.437 0.301 0.552 0.301 0.279 0.963 0.279 0.974 0.518 0.963 0.279 0.974 0.518 0.974 0.518 0.963 0.848 0.286 0.857 0.286 0.848 0.274 0.857 0.286 0.857 0.274 0.848 0.274 0.404 0.594 0.395 0.594 0.404 0.834 0.395 0.594 0.395 0.834 0.404 0.834 0.000834 0.000692 0.000735 0.000712 0.000853 0.000603 0.000735 0.000712 0.000746 0.000602 0.000853 0.000603 0.000367 0.000707 0.000425 0.000796 0.000154 0.000801 0.000425 0.000796 0.000264 0.000962 0.000154 0.000801 0.000495 0.000602 0.000389 0.000602 0.000506 0.000493 0.000389 0.000602 0.000407 0.000514 0.000506 0.000493 0.00062 0.000484 0.000506 0.000493 0.00062 0.00037 0.000506 0.000493 0.000531 0.000388 0.00062 0.00037 0.000456 0.000765 0.000407 0.00069 0.000531 0.000816 0.000407 0.00069 0.000506 0.000712 0.000531 0.000816 0.00062 0.000835 0.00062 0.000721 0.000709 0.000817 0.00062 0.000721 0.000735 0.000712 0.000709 0.000817 0.000506 0.000493 0.000407 0.000514 0.000531 0.000388 0.000407 0.000514 0.000456 0.000439 0.000531 0.000388 0.000835 0.000513 0.000735 0.000492 0.000785 0.000438 0.000735 0.000492 0.000709 0.000387 0.000785 0.000438 0.000531 0.000816 0.000506 0.000712 0.00062 0.000835 0.000506 0.000712 0.00062 0.000721 0.00062 0.000835 0.000506 0.000712 0.000407 0.00069 0.000495 0.000602 0.000407 0.00069 0.000389 0.000602 0.000495 0.000602 0.000709 0.000817 0.000735 0.000712 0.000783 0.000766 0.000735 0.000712 0.000834 0.000692 0.000783 0.000766 0.000853 0.000603 0.000746 0.000602 0.000835 0.000513 0.000746 0.000602 0.000735 0.000492 0.000835 0.000513 0.000735 0.000492 0.00062 0.000484 0.000709 0.000387 0.00062 0.000484 0.00062 0.00037 0.000709 0.000387 0.000813 0.000797 0.000798 0.000781 0.000874 0.000709 0.000798 0.000781 0.000854 0.0007 0.000874 0.000709 0.000798 0.000781 0.000783 0.000766 0.000854 0.0007 0.000783 0.000766 0.000834 0.000692 0.000854 0.0007 0.000897 0.000604 0.000874 0.000603 0.000876 0.000497 0.000874 0.000603 0.000856 0.000505 0.000876 0.000497 0.000874 0.000603 0.000853 0.000603 0.000856 0.000505 0.000853 0.000603 0.000835 0.000513 0.000856 0.000505 0.000514 0.000348 0.000523 0.000369 0.000426 0.000408 0.000523 0.000369 0.000441 0.000424 0.000426 0.000408 0.000523 0.000369 0.000531 0.000388 0.000441 0.000424 0.000531 0.000388 0.000456 0.000439 0.000441 0.000424 0.000876 0.000497 0.000856 0.000505 0.000816 0.000407 0.000856 0.000505 0.0008 0.000422 0.000816 0.000407 0.000856 0.000505 0.000835 0.000513 0.0008 0.000422 0.000835 0.000513 0.000785 0.000438 0.0008 0.000422 0.000816 0.000407 0.0008 0.000422 0.000726 0.000347 0.0008 0.000422 0.000717 0.000367 0.000726 0.000347 0.0008 0.000422 0.000785 0.000438 0.000717 0.000367 0.000785 0.000438 0.000709 0.000387 0.000717 0.000367 0.000426 0.000408 0.000441 0.000424 0.000367 0.000497 0.000441 0.000424 0.000387 0.000506 0.000367 0.000497 0.000441 0.000424 0.000456 0.000439 0.000387 0.000506 0.000456 0.000439 0.000407 0.000514 0.000387 0.000506 0.000367 0.000497 0.000387 0.000506 0.000346 0.000602 0.000387 0.000506 0.000368 0.000602 0.000346 0.000602 0.000387 0.000506 0.000407 0.000514 0.000368 0.000602 0.000407 0.000514 0.000389 0.000602 0.000368 0.000602 0.000425 0.000796 0.000441 0.00078 0.000513 0.000857 0.000441 0.00078 0.000522 0.000836 0.000513 0.000857 0.000441 0.00078 0.000456 0.000765 0.000522 0.000836 0.000456 0.000765 0.000531 0.000816 0.000522 0.000836 0.000726 0.000347 0.000717 0.000367 0.00062 0.000326 0.000717 0.000367 0.00062 0.000349 0.00062 0.000326 0.000717 0.000367 0.000709 0.000387 0.00062 0.000349 0.000709 0.000387 0.00062 0.00037 0.00062 0.000349 0.00062 0.000326 0.00062 0.000349 0.000514 0.000348 0.00062 0.000349 0.000523 0.000369 0.000514 0.000348 0.00062 0.000349 0.00062 0.00037 0.000523 0.000369 0.00062 0.00037 0.000531 0.000388 0.000523 0.000369 0.000346 0.000602 0.000368 0.000602 0.000367 0.000707 0.000368 0.000602 0.000387 0.000699 0.000367 0.000707 0.000368 0.000602 0.000389 0.000602 0.000387 0.000699 0.000389 0.000602 0.000407 0.00069 0.000387 0.000699 0.000367 0.000707 0.000387 0.000699 0.000425 0.000796 0.000387 0.000699 0.000441 0.00078 0.000425 0.000796 0.000387 0.000699 0.000407 0.00069 0.000441 0.00078 0.000407 0.00069 0.000456 0.000765 0.000441 0.00078 0.000513 0.000857 0.000522 0.000836 0.000619 0.00088 0.000522 0.000836 0.00062 0.000857 0.000619 0.00088 0.000522 0.000836 0.000531 0.000816 0.00062 0.000857 0.000531 0.000816 0.00062 0.000835 0.00062 0.000857 0.000874 0.000709 0.000854 0.0007 0.000897 0.000604 0.000854 0.0007 0.000874 0.000603 0.000897 0.000604 0.000854 0.0007 0.000834 0.000692 0.000874 0.000603 0.000834 0.000692 0.000853 0.000603 0.000874 0.000603 0.000619 0.00088 0.00062 0.000857 0.000725 0.000857 0.00062 0.000857 0.000717 0.000837 0.000725 0.000857 0.00062 0.000857 0.00062 0.000835 0.000717 0.000837 0.00062 0.000835 0.000709 0.000817 0.000717 0.000837 0.000725 0.000857 0.000717 0.000837 0.000813 0.000797 0.000717 0.000837 0.000798 0.000781 0.000813 0.000797 0.000717 0.000837 0.000709 0.000817 0.000798 0.000781 0.000709 0.000817 0.000783 0.000766 0.000798 0.000781 0.000746 0.000602 0.00062 0.000602 0.000735 0.000492 0.00062 0.000602 0.00062 0.000484 0.000735 0.000492 0.00062 0.000602 0.000495 0.000602 0.00062 0.000484 0.000495 0.000602 0.000506 0.000493 0.00062 0.000484 0.000735 0.000712 0.00062 0.000721 0.000746 0.000602 0.00062 0.000721 0.00062 0.000602 0.000746 0.000602 0.00062 0.000721 0.000506 0.000712 0.00062 0.000602 0.000506 0.000712 0.000495 0.000602 0.00062 0.000602 0.000426 0.001068 0.000617 0.001107 0.000417 0.00109 0.000617 0.001107 0.000616 0.001131 0.000417 0.00109 0.000417 0.00109 0.000616 0.001131 0.000408 0.001113 0.000616 0.001131 0.000615 0.001156 0.000408 0.001113 0.000264 0.000962 0.000426 0.001068 0.000248 0.000979 0.000426 0.001068 0.000417 0.00109 0.000248 0.000979 0.000248 0.000979 0.000417 0.00109 0.00023 0.000996 0.000417 0.00109 0.000408 0.001113 0.00023 0.000996 0.000154 0.000801 0.000264 0.000962 0.000131 0.000811 0.000264 0.000962 0.000248 0.000979 0.000131 0.000811 0.000131 0.000811 0.000248 0.000979 0.000109 0.00082 0.000248 0.000979 0.00023 0.000996 0.000109 0.00082 0.000112 0.000609 0.000154 0.000801 0.000087 0.00061 0.000154 0.000801 0.000131 0.000811 0.000087 0.00061 0.000087 0.00061 0.000131 0.000811 0.000062 0.00061 0.000131 0.000811 0.000109 0.00082 0.000062 0.00061 0.000146 0.000414 0.000112 0.000609 0.000123 0.000405 0.000112 0.000609 0.000087 0.00061 0.000123 0.000405 0.000123 0.000405 0.000087 0.00061 0.0001 0.000396 0.000087 0.00061 0.000062 0.00061 0.0001 0.000396 0.000252 0.000246 0.000146 0.000414 0.000234 0.000229 0.000146 0.000414 0.000123 0.000405 0.000234 0.000229 0.000234 0.000229 0.000123 0.000405 0.000216 0.000212 0.000123 0.000405 0.0001 0.000396 0.000216 0.000212 0.000415 0.000131 0.000252 0.000246 0.000405 0.000108 0.000252 0.000246 0.000234 0.000229 0.000405 0.000108 0.000405 0.000108 0.000234 0.000229 0.000395 0.000085 0.000234 0.000229 0.000216 0.000212 0.000395 0.000085 0.000611 0.000087 0.000415 0.000131 0.000611 0.000062 0.000415 0.000131 0.000405 0.000108 0.000611 0.000062 0.000611 0.000062 0.000405 0.000108 0.00061 0.000036 0.000405 0.000108 0.000395 0.000085 0.00061 0.000036 0.00081 0.000121 0.000611 0.000087 0.000819 0.000098 0.000611 0.000087 0.000611 0.000062 0.000819 0.000098 0.000819 0.000098 0.000611 0.000062 0.000829 0.000074 0.000611 0.000062 0.00061 0.000036 0.000829 0.000074 0.000982 0.00023 0.00081 0.000121 0.000999 0.000212 0.00081 0.000121 0.000819 0.000098 0.000999 0.000212 0.000999 0.000212 0.000819 0.000098 0.001017 0.000193 0.000819 0.000098 0.000829 0.000074 0.001017 0.000193 0.001099 0.000397 0.000982 0.00023 0.001123 0.000387 0.000982 0.00023 0.000999 0.000212 0.001123 0.000387 0.001123 0.000387 0.000999 0.000212 0.001147 0.000377 0.000999 0.000212 0.001017 0.000193 0.001147 0.000377 0.001143 0.000599 0.001099 0.000397 0.001169 0.000598 0.001099 0.000397 0.001123 0.000387 0.001169 0.000598 0.001169 0.000598 0.001123 0.000387 0.001195 0.000598 0.001123 0.000387 0.001147 0.000377 0.001195 0.000598 0.001105 0.000803 0.001143 0.000599 0.001129 0.000813 0.001143 0.000599 0.001169 0.000598 0.001129 0.000813 0.001129 0.000813 0.001169 0.000598 0.001154 0.000823 0.001169 0.000598 0.001195 0.000598 0.001154 0.000823 0.00099 0.000975 0.001105 0.000803 0.001007 0.000994 0.001105 0.000803 0.001129 0.000813 0.001007 0.000994 0.001007 0.000994 0.001129 0.000813 0.001025 0.001013 0.001129 0.000813 0.001154 0.000823 0.001025 0.001013 0.000814 0.001079 0.00099 0.000975 0.000822 0.001103 0.00099 0.000975 0.001007 0.000994 0.000822 0.001103 0.000822 0.001103 0.001007 0.000994 0.00083 0.001127 0.001007 0.000994 0.001025 0.001013 0.00083 0.001127 0.000617 0.001107 0.000814 0.001079 0.000616 0.001131 0.000814 0.001079 0.000822 0.001103 0.000616 0.001131 0.000616 0.001131 0.000822 0.001103 0.000615 0.001156 0.000822 0.001103 0.00083 0.001127 0.000615 0.001156 0.000816 0.000407 0.000726 0.000347 0.000982 0.00023 0.000726 0.000347 0.00081 0.000121 0.000982 0.00023 0.000425 0.000796 0.000513 0.000857 0.000264 0.000962 0.000513 0.000857 0.000426 0.001068 0.000264 0.000962 0.000726 0.000347 0.00062 0.000326 0.00081 0.000121 0.00062 0.000326 0.000611 0.000087 0.00081 0.000121 0.000617 0.001107 0.000619 0.00088 0.000814 0.001079 0.000619 0.00088 0.000725 0.000857 0.000814 0.001079 0.000513 0.000857 0.000619 0.00088 0.000426 0.001068 0.000619 0.00088 0.000617 0.001107 0.000426 0.001068 0.00062 0.000326 0.000514 0.000348 0.000611 0.000087 0.000514 0.000348 0.000415 0.000131 0.000611 0.000087 0.000814 0.001079 0.000725 0.000857 0.00099 0.000975 0.000725 0.000857 0.000813 0.000797 0.00099 0.000975 0.000514 0.000348 0.000426 0.000408 0.000415 0.000131 0.000426 0.000408 0.000252 0.000246 0.000415 0.000131 0.000813 0.000797 0.000874 0.000709 0.00099 0.000975 0.000874 0.000709 0.001105 0.000803 0.00099 0.000975 0.000426 0.000408 0.000367 0.000497 0.000252 0.000246 0.000367 0.000497 0.000146 0.000414 0.000252 0.000246 0.000874 0.000709 0.000897 0.000604 0.001105 0.000803 0.000897 0.000604 0.001143 0.000599 0.001105 0.000803 0.000367 0.000497 0.000346 0.000602 0.000146 0.000414 0.000346 0.000602 0.000112 0.000609 0.000146 0.000414 0.000897 0.000604 0.000876 0.000497 0.001143 0.000599 0.000876 0.000497 0.001099 0.000397 0.001143 0.000599 0.000346 0.000602 0.000367 0.000707 0.000112 0.000609 0.000367 0.000707 0.000154 0.000801 0.000112 0.000609 0.000876 0.000497 0.000816 0.000407 0.001099 0.000397 0.000816 0.000407 0.000982 0.00023 0.001099 0.000397 0.000834 0.000692 0.000735 0.000712 0.000853 0.000603 0.000735 0.000712 0.000746 0.000602 0.000853 0.000603 0.000367 0.000707 0.000425 0.000796 0.000154 0.000801 0.000425 0.000796 0.000264 0.000962 0.000154 0.000801 0.000495 0.000602 0.000389 0.000602 0.000506 0.000493 0.000389 0.000602 0.000407 0.000514 0.000506 0.000493 0.00062 0.000484 0.000506 0.000493 0.00062 0.00037 0.000506 0.000493 0.000531 0.000388 0.00062 0.00037 0.000456 0.000765 0.000407 0.00069 0.000531 0.000816 0.000407 0.00069 0.000506 0.000712 0.000531 0.000816 0.00062 0.000835 0.00062 0.000721 0.000709 0.000817 0.00062 0.000721 0.000735 0.000712 0.000709 0.000817 0.000506 0.000493 0.000407 0.000514 0.000531 0.000388 0.000407 0.000514 0.000456 0.000439 0.000531 0.000388 0.000835 0.000513 0.000735 0.000492 0.000785 0.000438 0.000735 0.000492 0.000709 0.000387 0.000785 0.000438 0.000531 0.000816 0.000506 0.000712 0.00062 0.000835 0.000506 0.000712 0.00062 0.000721 0.00062 0.000835 0.000506 0.000712 0.000407 0.00069 0.000495 0.000602 0.000407 0.00069 0.000389 0.000602 0.000495 0.000602 0.000709 0.000817 0.000735 0.000712 0.000783 0.000766 0.000735 0.000712 0.000834 0.000692 0.000783 0.000766 0.000853 0.000603 0.000746 0.000602 0.000835 0.000513 0.000746 0.000602 0.000735 0.000492 0.000835 0.000513 0.000735 0.000492 0.00062 0.000484 0.000709 0.000387 0.00062 0.000484 0.00062 0.00037 0.000709 0.000387 0.000813 0.000797 0.000798 0.000781 0.000874 0.000709 0.000798 0.000781 0.000854 0.0007 0.000874 0.000709 0.000798 0.000781 0.000783 0.000766 0.000854 0.0007 0.000783 0.000766 0.000834 0.000692 0.000854 0.0007 0.000897 0.000604 0.000874 0.000603 0.000876 0.000497 0.000874 0.000603 0.000856 0.000505 0.000876 0.000497 0.000874 0.000603 0.000853 0.000603 0.000856 0.000505 0.000853 0.000603 0.000835 0.000513 0.000856 0.000505 0.000514 0.000348 0.000523 0.000369 0.000426 0.000408 0.000523 0.000369 0.000441 0.000424 0.000426 0.000408 0.000523 0.000369 0.000531 0.000388 0.000441 0.000424 0.000531 0.000388 0.000456 0.000439 0.000441 0.000424 0.000876 0.000497 0.000856 0.000505 0.000816 0.000407 0.000856 0.000505 0.0008 0.000422 0.000816 0.000407 0.000856 0.000505 0.000835 0.000513 0.0008 0.000422 0.000835 0.000513 0.000785 0.000438 0.0008 0.000422 0.000816 0.000407 0.0008 0.000422 0.000726 0.000347 0.0008 0.000422 0.000717 0.000367 0.000726 0.000347 0.0008 0.000422 0.000785 0.000438 0.000717 0.000367 0.000785 0.000438 0.000709 0.000387 0.000717 0.000367 0.000426 0.000408 0.000441 0.000424 0.000367 0.000497 0.000441 0.000424 0.000387 0.000506 0.000367 0.000497 0.000441 0.000424 0.000456 0.000439 0.000387 0.000506 0.000456 0.000439 0.000407 0.000514 0.000387 0.000506 0.000367 0.000497 0.000387 0.000506 0.000346 0.000602 0.000387 0.000506 0.000368 0.000602 0.000346 0.000602 0.000387 0.000506 0.000407 0.000514 0.000368 0.000602 0.000407 0.000514 0.000389 0.000602 0.000368 0.000602 0.000425 0.000796 0.000441 0.00078 0.000513 0.000857 0.000441 0.00078 0.000522 0.000836 0.000513 0.000857 0.000441 0.00078 0.000456 0.000765 0.000522 0.000836 0.000456 0.000765 0.000531 0.000816 0.000522 0.000836 0.000726 0.000347 0.000717 0.000367 0.00062 0.000326 0.000717 0.000367 0.00062 0.000349 0.00062 0.000326 0.000717 0.000367 0.000709 0.000387 0.00062 0.000349 0.000709 0.000387 0.00062 0.00037 0.00062 0.000349 0.00062 0.000326 0.00062 0.000349 0.000514 0.000348 0.00062 0.000349 0.000523 0.000369 0.000514 0.000348 0.00062 0.000349 0.00062 0.00037 0.000523 0.000369 0.00062 0.00037 0.000531 0.000388 0.000523 0.000369 0.000346 0.000602 0.000368 0.000602 0.000367 0.000707 0.000368 0.000602 0.000387 0.000699 0.000367 0.000707 0.000368 0.000602 0.000389 0.000602 0.000387 0.000699 0.000389 0.000602 0.000407 0.00069 0.000387 0.000699 0.000367 0.000707 0.000387 0.000699 0.000425 0.000796 0.000387 0.000699 0.000441 0.00078 0.000425 0.000796 0.000387 0.000699 0.000407 0.00069 0.000441 0.00078 0.000407 0.00069 0.000456 0.000765 0.000441 0.00078 0.000513 0.000857 0.000522 0.000836 0.000619 0.00088 0.000522 0.000836 0.00062 0.000857 0.000619 0.00088 0.000522 0.000836 0.000531 0.000816 0.00062 0.000857 0.000531 0.000816 0.00062 0.000835 0.00062 0.000857 0.000874 0.000709 0.000854 0.0007 0.000897 0.000604 0.000854 0.0007 0.000874 0.000603 0.000897 0.000604 0.000854 0.0007 0.000834 0.000692 0.000874 0.000603 0.000834 0.000692 0.000853 0.000603 0.000874 0.000603 0.000619 0.00088 0.00062 0.000857 0.000725 0.000857 0.00062 0.000857 0.000717 0.000837 0.000725 0.000857 0.00062 0.000857 0.00062 0.000835 0.000717 0.000837 0.00062 0.000835 0.000709 0.000817 0.000717 0.000837 0.000725 0.000857 0.000717 0.000837 0.000813 0.000797 0.000717 0.000837 0.000798 0.000781 0.000813 0.000797 0.000717 0.000837 0.000709 0.000817 0.000798 0.000781 0.000709 0.000817 0.000783 0.000766 0.000798 0.000781 0.000746 0.000602 0.00062 0.000602 0.000735 0.000492 0.00062 0.000602 0.00062 0.000484 0.000735 0.000492 0.00062 0.000602 0.000495 0.000602 0.00062 0.000484 0.000495 0.000602 0.000506 0.000493 0.00062 0.000484 0.000735 0.000712 0.00062 0.000721 0.000746 0.000602 0.00062 0.000721 0.00062 0.000602 0.000746 0.000602 0.00062 0.000721 0.000506 0.000712 0.00062 0.000602 0.000506 0.000712 0.000495 0.000602 0.00062 0.000602 0.000426 0.001068 0.000617 0.001107 0.000417 0.00109 0.000617 0.001107 0.000616 0.001131 0.000417 0.00109 0.000417 0.00109 0.000616 0.001131 0.000408 0.001113 0.000616 0.001131 0.000615 0.001156 0.000408 0.001113 0.000264 0.000962 0.000426 0.001068 0.000248 0.000979 0.000426 0.001068 0.000417 0.00109 0.000248 0.000979 0.000248 0.000979 0.000417 0.00109 0.00023 0.000996 0.000417 0.00109 0.000408 0.001113 0.00023 0.000996 0.000154 0.000801 0.000264 0.000962 0.000131 0.000811 0.000264 0.000962 0.000248 0.000979 0.000131 0.000811 0.000131 0.000811 0.000248 0.000979 0.000109 0.00082 0.000248 0.000979 0.00023 0.000996 0.000109 0.00082 0.000112 0.000609 0.000154 0.000801 0.000087 0.00061 0.000154 0.000801 0.000131 0.000811 0.000087 0.00061 0.000087 0.00061 0.000131 0.000811 0.000062 0.00061 0.000131 0.000811 0.000109 0.00082 0.000062 0.00061 0.000146 0.000414 0.000112 0.000609 0.000123 0.000405 0.000112 0.000609 0.000087 0.00061 0.000123 0.000405 0.000123 0.000405 0.000087 0.00061 0.0001 0.000396 0.000087 0.00061 0.000062 0.00061 0.0001 0.000396 0.000252 0.000246 0.000146 0.000414 0.000234 0.000229 0.000146 0.000414 0.000123 0.000405 0.000234 0.000229 0.000234 0.000229 0.000123 0.000405 0.000216 0.000212 0.000123 0.000405 0.0001 0.000396 0.000216 0.000212 0.000415 0.000131 0.000252 0.000246 0.000405 0.000108 0.000252 0.000246 0.000234 0.000229 0.000405 0.000108 0.000405 0.000108 0.000234 0.000229 0.000395 0.000085 0.000234 0.000229 0.000216 0.000212 0.000395 0.000085 0.000611 0.000087 0.000415 0.000131 0.000611 0.000062 0.000415 0.000131 0.000405 0.000108 0.000611 0.000062 0.000611 0.000062 0.000405 0.000108 0.00061 0.000036 0.000405 0.000108 0.000395 0.000085 0.00061 0.000036 0.00081 0.000121 0.000611 0.000087 0.000819 0.000098 0.000611 0.000087 0.000611 0.000062 0.000819 0.000098 0.000819 0.000098 0.000611 0.000062 0.000829 0.000074 0.000611 0.000062 0.00061 0.000036 0.000829 0.000074 0.000982 0.00023 0.00081 0.000121 0.000999 0.000212 0.00081 0.000121 0.000819 0.000098 0.000999 0.000212 0.000999 0.000212 0.000819 0.000098 0.001017 0.000193 0.000819 0.000098 0.000829 0.000074 0.001017 0.000193 0.001099 0.000397 0.000982 0.00023 0.001123 0.000387 0.000982 0.00023 0.000999 0.000212 0.001123 0.000387 0.001123 0.000387 0.000999 0.000212 0.001147 0.000377 0.000999 0.000212 0.001017 0.000193 0.001147 0.000377 0.001143 0.000599 0.001099 0.000397 0.001169 0.000598 0.001099 0.000397 0.001123 0.000387 0.001169 0.000598 0.001169 0.000598 0.001123 0.000387 0.001195 0.000598 0.001123 0.000387 0.001147 0.000377 0.001195 0.000598 0.001105 0.000803 0.001143 0.000599 0.001129 0.000813 0.001143 0.000599 0.001169 0.000598 0.001129 0.000813 0.001129 0.000813 0.001169 0.000598 0.001154 0.000823 0.001169 0.000598 0.001195 0.000598 0.001154 0.000823 0.00099 0.000975 0.001105 0.000803 0.001007 0.000994 0.001105 0.000803 0.001129 0.000813 0.001007 0.000994 0.001007 0.000994 0.001129 0.000813 0.001025 0.001013 0.001129 0.000813 0.001154 0.000823 0.001025 0.001013 0.000814 0.001079 0.00099 0.000975 0.000822 0.001103 0.00099 0.000975 0.001007 0.000994 0.000822 0.001103 0.000822 0.001103 0.001007 0.000994 0.00083 0.001127 0.001007 0.000994 0.001025 0.001013 0.00083 0.001127 0.000617 0.001107 0.000814 0.001079 0.000616 0.001131 0.000814 0.001079 0.000822 0.001103 0.000616 0.001131 0.000616 0.001131 0.000822 0.001103 0.000615 0.001156 0.000822 0.001103 0.00083 0.001127 0.000615 0.001156 0.000816 0.000407 0.000726 0.000347 0.000982 0.00023 0.000726 0.000347 0.00081 0.000121 0.000982 0.00023 0.000425 0.000796 0.000513 0.000857 0.000264 0.000962 0.000513 0.000857 0.000426 0.001068 0.000264 0.000962 0.000726 0.000347 0.00062 0.000326 0.00081 0.000121 0.00062 0.000326 0.000611 0.000087 0.00081 0.000121 0.000617 0.001107 0.000619 0.00088 0.000814 0.001079 0.000619 0.00088 0.000725 0.000857 0.000814 0.001079 0.000513 0.000857 0.000619 0.00088 0.000426 0.001068 0.000619 0.00088 0.000617 0.001107 0.000426 0.001068 0.00062 0.000326 0.000514 0.000348 0.000611 0.000087 0.000514 0.000348 0.000415 0.000131 0.000611 0.000087 0.000814 0.001079 0.000725 0.000857 0.00099 0.000975 0.000725 0.000857 0.000813 0.000797 0.00099 0.000975 0.000514 0.000348 0.000426 0.000408 0.000415 0.000131 0.000426 0.000408 0.000252 0.000246 0.000415 0.000131 0.000813 0.000797 0.000874 0.000709 0.00099 0.000975 0.000874 0.000709 0.001105 0.000803 0.00099 0.000975 0.000426 0.000408 0.000367 0.000497 0.000252 0.000246 0.000367 0.000497 0.000146 0.000414 0.000252 0.000246 0.000874 0.000709 0.000897 0.000604 0.001105 0.000803 0.000897 0.000604 0.001143 0.000599 0.001105 0.000803 0.000367 0.000497 0.000346 0.000602 0.000146 0.000414 0.000346 0.000602 0.000112 0.000609 0.000146 0.000414 0.000897 0.000604 0.000876 0.000497 0.001143 0.000599 0.000876 0.000497 0.001099 0.000397 0.001143 0.000599 0.000346 0.000602 0.000367 0.000707 0.000112 0.000609 0.000367 0.000707 0.000154 0.000801 0.000112 0.000609 0.000876 0.000497 0.000816 0.000407 0.001099 0.000397 0.000816 0.000407 0.000982 0.00023 0.001099 0.000397 0.000834 0.000692 0.000735 0.000712 0.000853 0.000603 0.000735 0.000712 0.000746 0.000602 0.000853 0.000603 0.000367 0.000707 0.000425 0.000796 0.000154 0.000801 0.000425 0.000796 0.000264 0.000962 0.000154 0.000801 0.000495 0.000602 0.000389 0.000602 0.000506 0.000493 0.000389 0.000602 0.000407 0.000514 0.000506 0.000493 0.00062 0.000484 0.000506 0.000493 0.00062 0.00037 0.000506 0.000493 0.000531 0.000388 0.00062 0.00037 0.000456 0.000765 0.000407 0.00069 0.000531 0.000816 0.000407 0.00069 0.000506 0.000712 0.000531 0.000816 0.00062 0.000835 0.00062 0.000721 0.000709 0.000817 0.00062 0.000721 0.000735 0.000712 0.000709 0.000817 0.000506 0.000493 0.000407 0.000514 0.000531 0.000388 0.000407 0.000514 0.000456 0.000439 0.000531 0.000388 0.000835 0.000513 0.000735 0.000492 0.000785 0.000438 0.000735 0.000492 0.000709 0.000387 0.000785 0.000438 0.000531 0.000816 0.000506 0.000712 0.00062 0.000835 0.000506 0.000712 0.00062 0.000721 0.00062 0.000835 0.000506 0.000712 0.000407 0.00069 0.000495 0.000602 0.000407 0.00069 0.000389 0.000602 0.000495 0.000602 0.000709 0.000817 0.000735 0.000712 0.000783 0.000766 0.000735 0.000712 0.000834 0.000692 0.000783 0.000766 0.000853 0.000603 0.000746 0.000602 0.000835 0.000513 0.000746 0.000602 0.000735 0.000492 0.000835 0.000513 0.000735 0.000492 0.00062 0.000484 0.000709 0.000387 0.00062 0.000484 0.00062 0.00037 0.000709 0.000387 0.000813 0.000797 0.000798 0.000781 0.000874 0.000709 0.000798 0.000781 0.000854 0.0007 0.000874 0.000709 0.000798 0.000781 0.000783 0.000766 0.000854 0.0007 0.000783 0.000766 0.000834 0.000692 0.000854 0.0007 0.000897 0.000604 0.000874 0.000603 0.000876 0.000497 0.000874 0.000603 0.000856 0.000505 0.000876 0.000497 0.000874 0.000603 0.000853 0.000603 0.000856 0.000505 0.000853 0.000603 0.000835 0.000513 0.000856 0.000505 0.000514 0.000348 0.000523 0.000369 0.000426 0.000408 0.000523 0.000369 0.000441 0.000424 0.000426 0.000408 0.000523 0.000369 0.000531 0.000388 0.000441 0.000424 0.000531 0.000388 0.000456 0.000439 0.000441 0.000424 0.000876 0.000497 0.000856 0.000505 0.000816 0.000407 0.000856 0.000505 0.0008 0.000422 0.000816 0.000407 0.000856 0.000505 0.000835 0.000513 0.0008 0.000422 0.000835 0.000513 0.000785 0.000438 0.0008 0.000422 0.000816 0.000407 0.0008 0.000422 0.000726 0.000347 0.0008 0.000422 0.000717 0.000367 0.000726 0.000347 0.0008 0.000422 0.000785 0.000438 0.000717 0.000367 0.000785 0.000438 0.000709 0.000387 0.000717 0.000367 0.000426 0.000408 0.000441 0.000424 0.000367 0.000497 0.000441 0.000424 0.000387 0.000506 0.000367 0.000497 0.000441 0.000424 0.000456 0.000439 0.000387 0.000506 0.000456 0.000439 0.000407 0.000514 0.000387 0.000506 0.000367 0.000497 0.000387 0.000506 0.000346 0.000602 0.000387 0.000506 0.000368 0.000602 0.000346 0.000602 0.000387 0.000506 0.000407 0.000514 0.000368 0.000602 0.000407 0.000514 0.000389 0.000602 0.000368 0.000602 0.000425 0.000796 0.000441 0.00078 0.000513 0.000857 0.000441 0.00078 0.000522 0.000836 0.000513 0.000857 0.000441 0.00078 0.000456 0.000765 0.000522 0.000836 0.000456 0.000765 0.000531 0.000816 0.000522 0.000836 0.000726 0.000347 0.000717 0.000367 0.00062 0.000326 0.000717 0.000367 0.00062 0.000349 0.00062 0.000326 0.000717 0.000367 0.000709 0.000387 0.00062 0.000349 0.000709 0.000387 0.00062 0.00037 0.00062 0.000349 0.00062 0.000326 0.00062 0.000349 0.000514 0.000348 0.00062 0.000349 0.000523 0.000369 0.000514 0.000348 0.00062 0.000349 0.00062 0.00037 0.000523 0.000369 0.00062 0.00037 0.000531 0.000388 0.000523 0.000369 0.000346 0.000602 0.000368 0.000602 0.000367 0.000707 0.000368 0.000602 0.000387 0.000699 0.000367 0.000707 0.000368 0.000602 0.000389 0.000602 0.000387 0.000699 0.000389 0.000602 0.000407 0.00069 0.000387 0.000699 0.000367 0.000707 0.000387 0.000699 0.000425 0.000796 0.000387 0.000699 0.000441 0.00078 0.000425 0.000796 0.000387 0.000699 0.000407 0.00069 0.000441 0.00078 0.000407 0.00069 0.000456 0.000765 0.000441 0.00078 0.000513 0.000857 0.000522 0.000836 0.000619 0.00088 0.000522 0.000836 0.00062 0.000857 0.000619 0.00088 0.000522 0.000836 0.000531 0.000816 0.00062 0.000857 0.000531 0.000816 0.00062 0.000835 0.00062 0.000857 0.000874 0.000709 0.000854 0.0007 0.000897 0.000604 0.000854 0.0007 0.000874 0.000603 0.000897 0.000604 0.000854 0.0007 0.000834 0.000692 0.000874 0.000603 0.000834 0.000692 0.000853 0.000603 0.000874 0.000603 0.000619 0.00088 0.00062 0.000857 0.000725 0.000857 0.00062 0.000857 0.000717 0.000837 0.000725 0.000857 0.00062 0.000857 0.00062 0.000835 0.000717 0.000837 0.00062 0.000835 0.000709 0.000817 0.000717 0.000837 0.000725 0.000857 0.000717 0.000837 0.000813 0.000797 0.000717 0.000837 0.000798 0.000781 0.000813 0.000797 0.000717 0.000837 0.000709 0.000817 0.000798 0.000781 0.000709 0.000817 0.000783 0.000766 0.000798 0.000781 0.000746 0.000602 0.00062 0.000602 0.000735 0.000492 0.00062 0.000602 0.00062 0.000484 0.000735 0.000492 0.00062 0.000602 0.000495 0.000602 0.00062 0.000484 0.000495 0.000602 0.000506 0.000493 0.00062 0.000484 0.000735 0.000712 0.00062 0.000721 0.000746 0.000602 0.00062 0.000721 0.00062 0.000602 0.000746 0.000602 0.00062 0.000721 0.000506 0.000712 0.00062 0.000602 0.000506 0.000712 0.000495 0.000602 0.00062 0.000602 0.000426 0.001068 0.000617 0.001107 0.000417 0.00109 0.000617 0.001107 0.000616 0.001131 0.000417 0.00109 0.000417 0.00109 0.000616 0.001131 0.000408 0.001113 0.000616 0.001131 0.000615 0.001156 0.000408 0.001113 0.000264 0.000962 0.000426 0.001068 0.000248 0.000979 0.000426 0.001068 0.000417 0.00109 0.000248 0.000979 0.000248 0.000979 0.000417 0.00109 0.00023 0.000996 0.000417 0.00109 0.000408 0.001113 0.00023 0.000996 0.000154 0.000801 0.000264 0.000962 0.000131 0.000811 0.000264 0.000962 0.000248 0.000979 0.000131 0.000811 0.000131 0.000811 0.000248 0.000979 0.000109 0.00082 0.000248 0.000979 0.00023 0.000996 0.000109 0.00082 0.000112 0.000609 0.000154 0.000801 0.000087 0.00061 0.000154 0.000801 0.000131 0.000811 0.000087 0.00061 0.000087 0.00061 0.000131 0.000811 0.000062 0.00061 0.000131 0.000811 0.000109 0.00082 0.000062 0.00061 0.000146 0.000414 0.000112 0.000609 0.000123 0.000405 0.000112 0.000609 0.000087 0.00061 0.000123 0.000405 0.000123 0.000405 0.000087 0.00061 0.0001 0.000396 0.000087 0.00061 0.000062 0.00061 0.0001 0.000396 0.000252 0.000246 0.000146 0.000414 0.000234 0.000229 0.000146 0.000414 0.000123 0.000405 0.000234 0.000229 0.000234 0.000229 0.000123 0.000405 0.000216 0.000212 0.000123 0.000405 0.0001 0.000396 0.000216 0.000212 0.000415 0.000131 0.000252 0.000246 0.000405 0.000108 0.000252 0.000246 0.000234 0.000229 0.000405 0.000108 0.000405 0.000108 0.000234 0.000229 0.000395 0.000085 0.000234 0.000229 0.000216 0.000212 0.000395 0.000085 0.000611 0.000087 0.000415 0.000131 0.000611 0.000062 0.000415 0.000131 0.000405 0.000108 0.000611 0.000062 0.000611 0.000062 0.000405 0.000108 0.00061 0.000036 0.000405 0.000108 0.000395 0.000085 0.00061 0.000036 0.00081 0.000121 0.000611 0.000087 0.000819 0.000098 0.000611 0.000087 0.000611 0.000062 0.000819 0.000098 0.000819 0.000098 0.000611 0.000062 0.000829 0.000074 0.000611 0.000062 0.00061 0.000036 0.000829 0.000074 0.000982 0.00023 0.00081 0.000121 0.000999 0.000212 0.00081 0.000121 0.000819 0.000098 0.000999 0.000212 0.000999 0.000212 0.000819 0.000098 0.001017 0.000193 0.000819 0.000098 0.000829 0.000074 0.001017 0.000193 0.001099 0.000397 0.000982 0.00023 0.001123 0.000387 0.000982 0.00023 0.000999 0.000212 0.001123 0.000387 0.001123 0.000387 0.000999 0.000212 0.001147 0.000377 0.000999 0.000212 0.001017 0.000193 0.001147 0.000377 0.001143 0.000599 0.001099 0.000397 0.001169 0.000598 0.001099 0.000397 0.001123 0.000387 0.001169 0.000598 0.001169 0.000598 0.001123 0.000387 0.001195 0.000598 0.001123 0.000387 0.001147 0.000377 0.001195 0.000598 0.001105 0.000803 0.001143 0.000599 0.001129 0.000813 0.001143 0.000599 0.001169 0.000598 0.001129 0.000813 0.001129 0.000813 0.001169 0.000598 0.001154 0.000823 0.001169 0.000598 0.001195 0.000598 0.001154 0.000823 0.00099 0.000975 0.001105 0.000803 0.001007 0.000994 0.001105 0.000803 0.001129 0.000813 0.001007 0.000994 0.001007 0.000994 0.001129 0.000813 0.001025 0.001013 0.001129 0.000813 0.001154 0.000823 0.001025 0.001013 0.000814 0.001079 0.00099 0.000975 0.000822 0.001103 0.00099 0.000975 0.001007 0.000994 0.000822 0.001103 0.000822 0.001103 0.001007 0.000994 0.00083 0.001127 0.001007 0.000994 0.001025 0.001013 0.00083 0.001127 0.000617 0.001107 0.000814 0.001079 0.000616 0.001131 0.000814 0.001079 0.000822 0.001103 0.000616 0.001131 0.000616 0.001131 0.000822 0.001103 0.000615 0.001156 0.000822 0.001103 0.00083 0.001127 0.000615 0.001156 0.000816 0.000407 0.000726 0.000347 0.000982 0.00023 0.000726 0.000347 0.00081 0.000121 0.000982 0.00023 0.000425 0.000796 0.000513 0.000857 0.000264 0.000962 0.000513 0.000857 0.000426 0.001068 0.000264 0.000962 0.000726 0.000347 0.00062 0.000326 0.00081 0.000121 0.00062 0.000326 0.000611 0.000087 0.00081 0.000121 0.000617 0.001107 0.000619 0.00088 0.000814 0.001079 0.000619 0.00088 0.000725 0.000857 0.000814 0.001079 0.000513 0.000857 0.000619 0.00088 0.000426 0.001068 0.000619 0.00088 0.000617 0.001107 0.000426 0.001068 0.00062 0.000326 0.000514 0.000348 0.000611 0.000087 0.000514 0.000348 0.000415 0.000131 0.000611 0.000087 0.000814 0.001079 0.000725 0.000857 0.00099 0.000975 0.000725 0.000857 0.000813 0.000797 0.00099 0.000975 0.000514 0.000348 0.000426 0.000408 0.000415 0.000131 0.000426 0.000408 0.000252 0.000246 0.000415 0.000131 0.000813 0.000797 0.000874 0.000709 0.00099 0.000975 0.000874 0.000709 0.001105 0.000803 0.00099 0.000975 0.000426 0.000408 0.000367 0.000497 0.000252 0.000246 0.000367 0.000497 0.000146 0.000414 0.000252 0.000246 0.000874 0.000709 0.000897 0.000604 0.001105 0.000803 0.000897 0.000604 0.001143 0.000599 0.001105 0.000803 0.000367 0.000497 0.000346 0.000602 0.000146 0.000414 0.000346 0.000602 0.000112 0.000609 0.000146 0.000414 0.000897 0.000604 0.000876 0.000497 0.001143 0.000599 0.000876 0.000497 0.001099 0.000397 0.001143 0.000599 0.000346 0.000602 0.000367 0.000707 0.000112 0.000609 0.000367 0.000707 0.000154 0.000801 0.000112 0.000609 0.000876 0.000497 0.000816 0.000407 0.001099 0.000397 0.000816 0.000407 0.000982 0.00023 0.001099 0.000397 0.000834 0.000692 0.000735 0.000712 0.000853 0.000603 0.000735 0.000712 0.000746 0.000602 0.000853 0.000603 0.000367 0.000707 0.000425 0.000796 0.000154 0.000801 0.000425 0.000796 0.000264 0.000962 0.000154 0.000801 0.000495 0.000602 0.000389 0.000602 0.000506 0.000493 0.000389 0.000602 0.000407 0.000514 0.000506 0.000493 0.00062 0.000484 0.000506 0.000493 0.00062 0.00037 0.000506 0.000493 0.000531 0.000388 0.00062 0.00037 0.000456 0.000765 0.000407 0.00069 0.000531 0.000816 0.000407 0.00069 0.000506 0.000712 0.000531 0.000816 0.00062 0.000835 0.00062 0.000721 0.000709 0.000817 0.00062 0.000721 0.000735 0.000712 0.000709 0.000817 0.000506 0.000493 0.000407 0.000514 0.000531 0.000388 0.000407 0.000514 0.000456 0.000439 0.000531 0.000388 0.000835 0.000513 0.000735 0.000492 0.000785 0.000438 0.000735 0.000492 0.000709 0.000387 0.000785 0.000438 0.000531 0.000816 0.000506 0.000712 0.00062 0.000835 0.000506 0.000712 0.00062 0.000721 0.00062 0.000835 0.000506 0.000712 0.000407 0.00069 0.000495 0.000602 0.000407 0.00069 0.000389 0.000602 0.000495 0.000602 0.000709 0.000817 0.000735 0.000712 0.000783 0.000766 0.000735 0.000712 0.000834 0.000692 0.000783 0.000766 0.000853 0.000603 0.000746 0.000602 0.000835 0.000513 0.000746 0.000602 0.000735 0.000492 0.000835 0.000513 0.000735 0.000492 0.00062 0.000484 0.000709 0.000387 0.00062 0.000484 0.00062 0.00037 0.000709 0.000387 0.000813 0.000797 0.000798 0.000781 0.000874 0.000709 0.000798 0.000781 0.000854 0.0007 0.000874 0.000709 0.000798 0.000781 0.000783 0.000766 0.000854 0.0007 0.000783 0.000766 0.000834 0.000692 0.000854 0.0007 0.000897 0.000604 0.000874 0.000603 0.000876 0.000497 0.000874 0.000603 0.000856 0.000505 0.000876 0.000497 0.000874 0.000603 0.000853 0.000603 0.000856 0.000505 0.000853 0.000603 0.000835 0.000513 0.000856 0.000505 0.000514 0.000348 0.000523 0.000369 0.000426 0.000408 0.000523 0.000369 0.000441 0.000424 0.000426 0.000408 0.000523 0.000369 0.000531 0.000388 0.000441 0.000424 0.000531 0.000388 0.000456 0.000439 0.000441 0.000424 0.000876 0.000497 0.000856 0.000505 0.000816 0.000407 0.000856 0.000505 0.0008 0.000422 0.000816 0.000407 0.000856 0.000505 0.000835 0.000513 0.0008 0.000422 0.000835 0.000513 0.000785 0.000438 0.0008 0.000422 0.000816 0.000407 0.0008 0.000422 0.000726 0.000347 0.0008 0.000422 0.000717 0.000367 0.000726 0.000347 0.0008 0.000422 0.000785 0.000438 0.000717 0.000367 0.000785 0.000438 0.000709 0.000387 0.000717 0.000367 0.000426 0.000408 0.000441 0.000424 0.000367 0.000497 0.000441 0.000424 0.000387 0.000506 0.000367 0.000497 0.000441 0.000424 0.000456 0.000439 0.000387 0.000506 0.000456 0.000439 0.000407 0.000514 0.000387 0.000506 0.000367 0.000497 0.000387 0.000506 0.000346 0.000602 0.000387 0.000506 0.000368 0.000602 0.000346 0.000602 0.000387 0.000506 0.000407 0.000514 0.000368 0.000602 0.000407 0.000514 0.000389 0.000602 0.000368 0.000602 0.000425 0.000796 0.000441 0.00078 0.000513 0.000857 0.000441 0.00078 0.000522 0.000836 0.000513 0.000857 0.000441 0.00078 0.000456 0.000765 0.000522 0.000836 0.000456 0.000765 0.000531 0.000816 0.000522 0.000836 0.000726 0.000347 0.000717 0.000367 0.00062 0.000326 0.000717 0.000367 0.00062 0.000349 0.00062 0.000326 0.000717 0.000367 0.000709 0.000387 0.00062 0.000349 0.000709 0.000387 0.00062 0.00037 0.00062 0.000349 0.00062 0.000326 0.00062 0.000349 0.000514 0.000348 0.00062 0.000349 0.000523 0.000369 0.000514 0.000348 0.00062 0.000349 0.00062 0.00037 0.000523 0.000369 0.00062 0.00037 0.000531 0.000388 0.000523 0.000369 0.000346 0.000602 0.000368 0.000602 0.000367 0.000707 0.000368 0.000602 0.000387 0.000699 0.000367 0.000707 0.000368 0.000602 0.000389 0.000602 0.000387 0.000699 0.000389 0.000602 0.000407 0.00069 0.000387 0.000699 0.000367 0.000707 0.000387 0.000699 0.000425 0.000796 0.000387 0.000699 0.000441 0.00078 0.000425 0.000796 0.000387 0.000699 0.000407 0.00069 0.000441 0.00078 0.000407 0.00069 0.000456 0.000765 0.000441 0.00078 0.000513 0.000857 0.000522 0.000836 0.000619 0.00088 0.000522 0.000836 0.00062 0.000857 0.000619 0.00088 0.000522 0.000836 0.000531 0.000816 0.00062 0.000857 0.000531 0.000816 0.00062 0.000835 0.00062 0.000857 0.000874 0.000709 0.000854 0.0007 0.000897 0.000604 0.000854 0.0007 0.000874 0.000603 0.000897 0.000604 0.000854 0.0007 0.000834 0.000692 0.000874 0.000603 0.000834 0.000692 0.000853 0.000603 0.000874 0.000603 0.000619 0.00088 0.00062 0.000857 0.000725 0.000857 0.00062 0.000857 0.000717 0.000837 0.000725 0.000857 0.00062 0.000857 0.00062 0.000835 0.000717 0.000837 0.00062 0.000835 0.000709 0.000817 0.000717 0.000837 0.000725 0.000857 0.000717 0.000837 0.000813 0.000797 0.000717 0.000837 0.000798 0.000781 0.000813 0.000797 0.000717 0.000837 0.000709 0.000817 0.000798 0.000781 0.000709 0.000817 0.000783 0.000766 0.000798 0.000781 0.000746 0.000602 0.00062 0.000602 0.000735 0.000492 0.00062 0.000602 0.00062 0.000484 0.000735 0.000492 0.00062 0.000602 0.000495 0.000602 0.00062 0.000484 0.000495 0.000602 0.000506 0.000493 0.00062 0.000484 0.000735 0.000712 0.00062 0.000721 0.000746 0.000602 0.00062 0.000721 0.00062 0.000602 0.000746 0.000602 0.00062 0.000721 0.000506 0.000712 0.00062 0.000602 0.000506 0.000712 0.000495 0.000602 0.00062 0.000602 0.000426 0.001068 0.000617 0.001107 0.000417 0.00109 0.000617 0.001107 0.000616 0.001131 0.000417 0.00109 0.000417 0.00109 0.000616 0.001131 0.000408 0.001113 0.000616 0.001131 0.000615 0.001156 0.000408 0.001113 0.000264 0.000962 0.000426 0.001068 0.000248 0.000979 0.000426 0.001068 0.000417 0.00109 0.000248 0.000979 0.000248 0.000979 0.000417 0.00109 0.00023 0.000996 0.000417 0.00109 0.000408 0.001113 0.00023 0.000996 0.000154 0.000801 0.000264 0.000962 0.000131 0.000811 0.000264 0.000962 0.000248 0.000979 0.000131 0.000811 0.000131 0.000811 0.000248 0.000979 0.000109 0.00082 0.000248 0.000979 0.00023 0.000996 0.000109 0.00082 0.000112 0.000609 0.000154 0.000801 0.000087 0.00061 0.000154 0.000801 0.000131 0.000811 0.000087 0.00061 0.000087 0.00061 0.000131 0.000811 0.000062 0.00061 0.000131 0.000811 0.000109 0.00082 0.000062 0.00061 0.000146 0.000414 0.000112 0.000609 0.000123 0.000405 0.000112 0.000609 0.000087 0.00061 0.000123 0.000405 0.000123 0.000405 0.000087 0.00061 0.0001 0.000396 0.000087 0.00061 0.000062 0.00061 0.0001 0.000396 0.000252 0.000246 0.000146 0.000414 0.000234 0.000229 0.000146 0.000414 0.000123 0.000405 0.000234 0.000229 0.000234 0.000229 0.000123 0.000405 0.000216 0.000212 0.000123 0.000405 0.0001 0.000396 0.000216 0.000212 0.000415 0.000131 0.000252 0.000246 0.000405 0.000108 0.000252 0.000246 0.000234 0.000229 0.000405 0.000108 0.000405 0.000108 0.000234 0.000229 0.000395 0.000085 0.000234 0.000229 0.000216 0.000212 0.000395 0.000085 0.000611 0.000087 0.000415 0.000131 0.000611 0.000062 0.000415 0.000131 0.000405 0.000108 0.000611 0.000062 0.000611 0.000062 0.000405 0.000108 0.00061 0.000036 0.000405 0.000108 0.000395 0.000085 0.00061 0.000036 0.00081 0.000121 0.000611 0.000087 0.000819 0.000098 0.000611 0.000087 0.000611 0.000062 0.000819 0.000098 0.000819 0.000098 0.000611 0.000062 0.000829 0.000074 0.000611 0.000062 0.00061 0.000036 0.000829 0.000074 0.000982 0.00023 0.00081 0.000121 0.000999 0.000212 0.00081 0.000121 0.000819 0.000098 0.000999 0.000212 0.000999 0.000212 0.000819 0.000098 0.001017 0.000193 0.000819 0.000098 0.000829 0.000074 0.001017 0.000193 0.001099 0.000397 0.000982 0.00023 0.001123 0.000387 0.000982 0.00023 0.000999 0.000212 0.001123 0.000387 0.001123 0.000387 0.000999 0.000212 0.001147 0.000377 0.000999 0.000212 0.001017 0.000193 0.001147 0.000377 0.001143 0.000599 0.001099 0.000397 0.001169 0.000598 0.001099 0.000397 0.001123 0.000387 0.001169 0.000598 0.001169 0.000598 0.001123 0.000387 0.001195 0.000598 0.001123 0.000387 0.001147 0.000377 0.001195 0.000598 0.001105 0.000803 0.001143 0.000599 0.001129 0.000813 0.001143 0.000599 0.001169 0.000598 0.001129 0.000813 0.001129 0.000813 0.001169 0.000598 0.001154 0.000823 0.001169 0.000598 0.001195 0.000598 0.001154 0.000823 0.00099 0.000975 0.001105 0.000803 0.001007 0.000994 0.001105 0.000803 0.001129 0.000813 0.001007 0.000994 0.001007 0.000994 0.001129 0.000813 0.001025 0.001013 0.001129 0.000813 0.001154 0.000823 0.001025 0.001013 0.000814 0.001079 0.00099 0.000975 0.000822 0.001103 0.00099 0.000975 0.001007 0.000994 0.000822 0.001103 0.000822 0.001103 0.001007 0.000994 0.00083 0.001127 0.001007 0.000994 0.001025 0.001013 0.00083 0.001127 0.000617 0.001107 0.000814 0.001079 0.000616 0.001131 0.000814 0.001079 0.000822 0.001103 0.000616 0.001131 0.000616 0.001131 0.000822 0.001103 0.000615 0.001156 0.000822 0.001103 0.00083 0.001127 0.000615 0.001156 0.000816 0.000407 0.000726 0.000347 0.000982 0.00023 0.000726 0.000347 0.00081 0.000121 0.000982 0.00023 0.000425 0.000796 0.000513 0.000857 0.000264 0.000962 0.000513 0.000857 0.000426 0.001068 0.000264 0.000962 0.000726 0.000347 0.00062 0.000326 0.00081 0.000121 0.00062 0.000326 0.000611 0.000087 0.00081 0.000121 0.000617 0.001107 0.000619 0.00088 0.000814 0.001079 0.000619 0.00088 0.000725 0.000857 0.000814 0.001079 0.000513 0.000857 0.000619 0.00088 0.000426 0.001068 0.000619 0.00088 0.000617 0.001107 0.000426 0.001068 0.00062 0.000326 0.000514 0.000348 0.000611 0.000087 0.000514 0.000348 0.000415 0.000131 0.000611 0.000087 0.000814 0.001079 0.000725 0.000857 0.00099 0.000975 0.000725 0.000857 0.000813 0.000797 0.00099 0.000975 0.000514 0.000348 0.000426 0.000408 0.000415 0.000131 0.000426 0.000408 0.000252 0.000246 0.000415 0.000131 0.000813 0.000797 0.000874 0.000709 0.00099 0.000975 0.000874 0.000709 0.001105 0.000803 0.00099 0.000975 0.000426 0.000408 0.000367 0.000497 0.000252 0.000246 0.000367 0.000497 0.000146 0.000414 0.000252 0.000246 0.000874 0.000709 0.000897 0.000604 0.001105 0.000803 0.000897 0.000604 0.001143 0.000599 0.001105 0.000803 0.000367 0.000497 0.000346 0.000602 0.000146 0.000414 0.000346 0.000602 0.000112 0.000609 0.000146 0.000414 0.000897 0.000604 0.000876 0.000497 0.001143 0.000599 0.000876 0.000497 0.001099 0.000397 0.001143 0.000599 0.000346 0.000602 0.000367 0.000707 0.000112 0.000609 0.000367 0.000707 0.000154 0.000801 0.000112 0.000609 0.000876 0.000497 0.000816 0.000407 0.001099 0.000397 0.000816 0.000407 0.000982 0.00023 0.001099 0.000397 0.000834 0.000692 0.000735 0.000712 0.000853 0.000603 0.000735 0.000712 0.000746 0.000602 0.000853 0.000603 0.000367 0.000707 0.000425 0.000796 0.000154 0.000801 0.000425 0.000796 0.000264 0.000962 0.000154 0.000801 0.000495 0.000602 0.000389 0.000602 0.000506 0.000493 0.000389 0.000602 0.000407 0.000514 0.000506 0.000493 0.00062 0.000484 0.000506 0.000493 0.00062 0.00037 0.000506 0.000493 0.000531 0.000388 0.00062 0.00037 0.000456 0.000765 0.000407 0.00069 0.000531 0.000816 0.000407 0.00069 0.000506 0.000712 0.000531 0.000816 0.00062 0.000835 0.00062 0.000721 0.000709 0.000817 0.00062 0.000721 0.000735 0.000712 0.000709 0.000817 0.000506 0.000493 0.000407 0.000514 0.000531 0.000388 0.000407 0.000514 0.000456 0.000439 0.000531 0.000388 0.000835 0.000513 0.000735 0.000492 0.000785 0.000438 0.000735 0.000492 0.000709 0.000387 0.000785 0.000438 0.000531 0.000816 0.000506 0.000712 0.00062 0.000835 0.000506 0.000712 0.00062 0.000721 0.00062 0.000835 0.000506 0.000712 0.000407 0.00069 0.000495 0.000602 0.000407 0.00069 0.000389 0.000602 0.000495 0.000602 0.000709 0.000817 0.000735 0.000712 0.000783 0.000766 0.000735 0.000712 0.000834 0.000692 0.000783 0.000766 0.000853 0.000603 0.000746 0.000602 0.000835 0.000513 0.000746 0.000602 0.000735 0.000492 0.000835 0.000513 0.000735 0.000492 0.00062 0.000484 0.000709 0.000387 0.00062 0.000484 0.00062 0.00037 0.000709 0.000387 0.000813 0.000797 0.000798 0.000781 0.000874 0.000709 0.000798 0.000781 0.000854 0.0007 0.000874 0.000709 0.000798 0.000781 0.000783 0.000766 0.000854 0.0007 0.000783 0.000766 0.000834 0.000692 0.000854 0.0007 0.000897 0.000604 0.000874 0.000603 0.000876 0.000497 0.000874 0.000603 0.000856 0.000505 0.000876 0.000497 0.000874 0.000603 0.000853 0.000603 0.000856 0.000505 0.000853 0.000603 0.000835 0.000513 0.000856 0.000505 0.000514 0.000348 0.000523 0.000369 0.000426 0.000408 0.000523 0.000369 0.000441 0.000424 0.000426 0.000408 0.000523 0.000369 0.000531 0.000388 0.000441 0.000424 0.000531 0.000388 0.000456 0.000439 0.000441 0.000424 0.000876 0.000497 0.000856 0.000505 0.000816 0.000407 0.000856 0.000505 0.0008 0.000422 0.000816 0.000407 0.000856 0.000505 0.000835 0.000513 0.0008 0.000422 0.000835 0.000513 0.000785 0.000438 0.0008 0.000422 0.000816 0.000407 0.0008 0.000422 0.000726 0.000347 0.0008 0.000422 0.000717 0.000367 0.000726 0.000347 0.0008 0.000422 0.000785 0.000438 0.000717 0.000367 0.000785 0.000438 0.000709 0.000387 0.000717 0.000367 0.000426 0.000408 0.000441 0.000424 0.000367 0.000497 0.000441 0.000424 0.000387 0.000506 0.000367 0.000497 0.000441 0.000424 0.000456 0.000439 0.000387 0.000506 0.000456 0.000439 0.000407 0.000514 0.000387 0.000506 0.000367 0.000497 0.000387 0.000506 0.000346 0.000602 0.000387 0.000506 0.000368 0.000602 0.000346 0.000602 0.000387 0.000506 0.000407 0.000514 0.000368 0.000602 0.000407 0.000514 0.000389 0.000602 0.000368 0.000602 0.000425 0.000796 0.000441 0.00078 0.000513 0.000857 0.000441 0.00078 0.000522 0.000836 0.000513 0.000857 0.000441 0.00078 0.000456 0.000765 0.000522 0.000836 0.000456 0.000765 0.000531 0.000816 0.000522 0.000836 0.000726 0.000347 0.000717 0.000367 0.00062 0.000326 0.000717 0.000367 0.00062 0.000349 0.00062 0.000326 0.000717 0.000367 0.000709 0.000387 0.00062 0.000349 0.000709 0.000387 0.00062 0.00037 0.00062 0.000349 0.00062 0.000326 0.00062 0.000349 0.000514 0.000348 0.00062 0.000349 0.000523 0.000369 0.000514 0.000348 0.00062 0.000349 0.00062 0.00037 0.000523 0.000369 0.00062 0.00037 0.000531 0.000388 0.000523 0.000369 0.000346 0.000602 0.000368 0.000602 0.000367 0.000707 0.000368 0.000602 0.000387 0.000699 0.000367 0.000707 0.000368 0.000602 0.000389 0.000602 0.000387 0.000699 0.000389 0.000602 0.000407 0.00069 0.000387 0.000699 0.000367 0.000707 0.000387 0.000699 0.000425 0.000796 0.000387 0.000699 0.000441 0.00078 0.000425 0.000796 0.000387 0.000699 0.000407 0.00069 0.000441 0.00078 0.000407 0.00069 0.000456 0.000765 0.000441 0.00078 0.000513 0.000857 0.000522 0.000836 0.000619 0.00088 0.000522 0.000836 0.00062 0.000857 0.000619 0.00088 0.000522 0.000836 0.000531 0.000816 0.00062 0.000857 0.000531 0.000816 0.00062 0.000835 0.00062 0.000857 0.000874 0.000709 0.000854 0.0007 0.000897 0.000604 0.000854 0.0007 0.000874 0.000603 0.000897 0.000604 0.000854 0.0007 0.000834 0.000692 0.000874 0.000603 0.000834 0.000692 0.000853 0.000603 0.000874 0.000603 0.000619 0.00088 0.00062 0.000857 0.000725 0.000857 0.00062 0.000857 0.000717 0.000837 0.000725 0.000857 0.00062 0.000857 0.00062 0.000835 0.000717 0.000837 0.00062 0.000835 0.000709 0.000817 0.000717 0.000837 0.000725 0.000857 0.000717 0.000837 0.000813 0.000797 0.000717 0.000837 0.000798 0.000781 0.000813 0.000797 0.000717 0.000837 0.000709 0.000817 0.000798 0.000781 0.000709 0.000817 0.000783 0.000766 0.000798 0.000781 0.000746 0.000602 0.00062 0.000602 0.000735 0.000492 0.00062 0.000602 0.00062 0.000484 0.000735 0.000492 0.00062 0.000602 0.000495 0.000602 0.00062 0.000484 0.000495 0.000602 0.000506 0.000493 0.00062 0.000484 0.000735 0.000712 0.00062 0.000721 0.000746 0.000602 0.00062 0.000721 0.00062 0.000602 0.000746 0.000602 0.00062 0.000721 0.000506 0.000712 0.00062 0.000602 0.000506 0.000712 0.000495 0.000602 0.00062 0.000602 0.000426 0.001068 0.000617 0.001107 0.000417 0.00109 0.000617 0.001107 0.000616 0.001131 0.000417 0.00109 0.000417 0.00109 0.000616 0.001131 0.000408 0.001113 0.000616 0.001131 0.000615 0.001156 0.000408 0.001113 0.000264 0.000962 0.000426 0.001068 0.000248 0.000979 0.000426 0.001068 0.000417 0.00109 0.000248 0.000979 0.000248 0.000979 0.000417 0.00109 0.00023 0.000996 0.000417 0.00109 0.000408 0.001113 0.00023 0.000996 0.000154 0.000801 0.000264 0.000962 0.000131 0.000811 0.000264 0.000962 0.000248 0.000979 0.000131 0.000811 0.000131 0.000811 0.000248 0.000979 0.000109 0.00082 0.000248 0.000979 0.00023 0.000996 0.000109 0.00082 0.000112 0.000609 0.000154 0.000801 0.000087 0.00061 0.000154 0.000801 0.000131 0.000811 0.000087 0.00061 0.000087 0.00061 0.000131 0.000811 0.000062 0.00061 0.000131 0.000811 0.000109 0.00082 0.000062 0.00061 0.000146 0.000414 0.000112 0.000609 0.000123 0.000405 0.000112 0.000609 0.000087 0.00061 0.000123 0.000405 0.000123 0.000405 0.000087 0.00061 0.0001 0.000396 0.000087 0.00061 0.000062 0.00061 0.0001 0.000396 0.000252 0.000246 0.000146 0.000414 0.000234 0.000229 0.000146 0.000414 0.000123 0.000405 0.000234 0.000229 0.000234 0.000229 0.000123 0.000405 0.000216 0.000212 0.000123 0.000405 0.0001 0.000396 0.000216 0.000212 0.000415 0.000131 0.000252 0.000246 0.000405 0.000108 0.000252 0.000246 0.000234 0.000229 0.000405 0.000108 0.000405 0.000108 0.000234 0.000229 0.000395 0.000085 0.000234 0.000229 0.000216 0.000212 0.000395 0.000085 0.000611 0.000087 0.000415 0.000131 0.000611 0.000062 0.000415 0.000131 0.000405 0.000108 0.000611 0.000062 0.000611 0.000062 0.000405 0.000108 0.00061 0.000036 0.000405 0.000108 0.000395 0.000085 0.00061 0.000036 0.00081 0.000121 0.000611 0.000087 0.000819 0.000098 0.000611 0.000087 0.000611 0.000062 0.000819 0.000098 0.000819 0.000098 0.000611 0.000062 0.000829 0.000074 0.000611 0.000062 0.00061 0.000036 0.000829 0.000074 0.000982 0.00023 0.00081 0.000121 0.000999 0.000212 0.00081 0.000121 0.000819 0.000098 0.000999 0.000212 0.000999 0.000212 0.000819 0.000098 0.001017 0.000193 0.000819 0.000098 0.000829 0.000074 0.001017 0.000193 0.001099 0.000397 0.000982 0.00023 0.001123 0.000387 0.000982 0.00023 0.000999 0.000212 0.001123 0.000387 0.001123 0.000387 0.000999 0.000212 0.001147 0.000377 0.000999 0.000212 0.001017 0.000193 0.001147 0.000377 0.001143 0.000599 0.001099 0.000397 0.001169 0.000598 0.001099 0.000397 0.001123 0.000387 0.001169 0.000598 0.001169 0.000598 0.001123 0.000387 0.001195 0.000598 0.001123 0.000387 0.001147 0.000377 0.001195 0.000598 0.001105 0.000803 0.001143 0.000599 0.001129 0.000813 0.001143 0.000599 0.001169 0.000598 0.001129 0.000813 0.001129 0.000813 0.001169 0.000598 0.001154 0.000823 0.001169 0.000598 0.001195 0.000598 0.001154 0.000823 0.00099 0.000975 0.001105 0.000803 0.001007 0.000994 0.001105 0.000803 0.001129 0.000813 0.001007 0.000994 0.001007 0.000994 0.001129 0.000813 0.001025 0.001013 0.001129 0.000813 0.001154 0.000823 0.001025 0.001013 0.000814 0.001079 0.00099 0.000975 0.000822 0.001103 0.00099 0.000975 0.001007 0.000994 0.000822 0.001103 0.000822 0.001103 0.001007 0.000994 0.00083 0.001127 0.001007 0.000994 0.001025 0.001013 0.00083 0.001127 0.000617 0.001107 0.000814 0.001079 0.000616 0.001131 0.000814 0.001079 0.000822 0.001103 0.000616 0.001131 0.000616 0.001131 0.000822 0.001103 0.000615 0.001156 0.000822 0.001103 0.00083 0.001127 0.000615 0.001156 0.000816 0.000407 0.000726 0.000347 0.000982 0.00023 0.000726 0.000347 0.00081 0.000121 0.000982 0.00023 0.000425 0.000796 0.000513 0.000857 0.000264 0.000962 0.000513 0.000857 0.000426 0.001068 0.000264 0.000962 0.000726 0.000347 0.00062 0.000326 0.00081 0.000121 0.00062 0.000326 0.000611 0.000087 0.00081 0.000121 0.000617 0.001107 0.000619 0.00088 0.000814 0.001079 0.000619 0.00088 0.000725 0.000857 0.000814 0.001079 0.000513 0.000857 0.000619 0.00088 0.000426 0.001068 0.000619 0.00088 0.000617 0.001107 0.000426 0.001068 0.00062 0.000326 0.000514 0.000348 0.000611 0.000087 0.000514 0.000348 0.000415 0.000131 0.000611 0.000087 0.000814 0.001079 0.000725 0.000857 0.00099 0.000975 0.000725 0.000857 0.000813 0.000797 0.00099 0.000975 0.000514 0.000348 0.000426 0.000408 0.000415 0.000131 0.000426 0.000408 0.000252 0.000246 0.000415 0.000131 0.000813 0.000797 0.000874 0.000709 0.00099 0.000975 0.000874 0.000709 0.001105 0.000803 0.00099 0.000975 0.000426 0.000408 0.000367 0.000497 0.000252 0.000246 0.000367 0.000497 0.000146 0.000414 0.000252 0.000246 0.000874 0.000709 0.000897 0.000604 0.001105 0.000803 0.000897 0.000604 0.001143 0.000599 0.001105 0.000803 0.000367 0.000497 0.000346 0.000602 0.000146 0.000414 0.000346 0.000602 0.000112 0.000609 0.000146 0.000414 0.000897 0.000604 0.000876 0.000497 0.001143 0.000599 0.000876 0.000497 0.001099 0.000397 0.001143 0.000599 0.000346 0.000602 0.000367 0.000707 0.000112 0.000609 0.000367 0.000707 0.000154 0.000801 0.000112 0.000609 0.000876 0.000497 0.000816 0.000407 0.001099 0.000397 0.000816 0.000407 0.000982 0.00023 0.001099 0.000397 0.000834 0.000692 0.000735 0.000712 0.000853 0.000603 0.000735 0.000712 0.000746 0.000602 0.000853 0.000603 0.000367 0.000707 0.000425 0.000796 0.000154 0.000801 0.000425 0.000796 0.000264 0.000962 0.000154 0.000801 0.000495 0.000602 0.000389 0.000602 0.000506 0.000493 0.000389 0.000602 0.000407 0.000514 0.000506 0.000493 0.00062 0.000484 0.000506 0.000493 0.00062 0.00037 0.000506 0.000493 0.000531 0.000388 0.00062 0.00037 0.000456 0.000765 0.000407 0.00069 0.000531 0.000816 0.000407 0.00069 0.000506 0.000712 0.000531 0.000816 0.00062 0.000835 0.00062 0.000721 0.000709 0.000817 0.00062 0.000721 0.000735 0.000712 0.000709 0.000817 0.000506 0.000493 0.000407 0.000514 0.000531 0.000388 0.000407 0.000514 0.000456 0.000439 0.000531 0.000388 0.000835 0.000513 0.000735 0.000492 0.000785 0.000438 0.000735 0.000492 0.000709 0.000387 0.000785 0.000438 0.000531 0.000816 0.000506 0.000712 0.00062 0.000835 0.000506 0.000712 0.00062 0.000721 0.00062 0.000835 0.000506 0.000712 0.000407 0.00069 0.000495 0.000602 0.000407 0.00069 0.000389 0.000602 0.000495 0.000602 0.000709 0.000817 0.000735 0.000712 0.000783 0.000766 0.000735 0.000712 0.000834 0.000692 0.000783 0.000766 0.000853 0.000603 0.000746 0.000602 0.000835 0.000513 0.000746 0.000602 0.000735 0.000492 0.000835 0.000513 0.000735 0.000492 0.00062 0.000484 0.000709 0.000387 0.00062 0.000484 0.00062 0.00037 0.000709 0.000387 0.000813 0.000797 0.000798 0.000781 0.000874 0.000709 0.000798 0.000781 0.000854 0.0007 0.000874 0.000709 0.000798 0.000781 0.000783 0.000766 0.000854 0.0007 0.000783 0.000766 0.000834 0.000692 0.000854 0.0007 0.000897 0.000604 0.000874 0.000603 0.000876 0.000497 0.000874 0.000603 0.000856 0.000505 0.000876 0.000497 0.000874 0.000603 0.000853 0.000603 0.000856 0.000505 0.000853 0.000603 0.000835 0.000513 0.000856 0.000505 0.000514 0.000348 0.000523 0.000369 0.000426 0.000408 0.000523 0.000369 0.000441 0.000424 0.000426 0.000408 0.000523 0.000369 0.000531 0.000388 0.000441 0.000424 0.000531 0.000388 0.000456 0.000439 0.000441 0.000424 0.000876 0.000497 0.000856 0.000505 0.000816 0.000407 0.000856 0.000505 0.0008 0.000422 0.000816 0.000407 0.000856 0.000505 0.000835 0.000513 0.0008 0.000422 0.000835 0.000513 0.000785 0.000438 0.0008 0.000422 0.000816 0.000407 0.0008 0.000422 0.000726 0.000347 0.0008 0.000422 0.000717 0.000367 0.000726 0.000347 0.0008 0.000422 0.000785 0.000438 0.000717 0.000367 0.000785 0.000438 0.000709 0.000387 0.000717 0.000367 0.000426 0.000408 0.000441 0.000424 0.000367 0.000497 0.000441 0.000424 0.000387 0.000506 0.000367 0.000497 0.000441 0.000424 0.000456 0.000439 0.000387 0.000506 0.000456 0.000439 0.000407 0.000514 0.000387 0.000506 0.000367 0.000497 0.000387 0.000506 0.000346 0.000602 0.000387 0.000506 0.000368 0.000602 0.000346 0.000602 0.000387 0.000506 0.000407 0.000514 0.000368 0.000602 0.000407 0.000514 0.000389 0.000602 0.000368 0.000602 0.000425 0.000796 0.000441 0.00078 0.000513 0.000857 0.000441 0.00078 0.000522 0.000836 0.000513 0.000857 0.000441 0.00078 0.000456 0.000765 0.000522 0.000836 0.000456 0.000765 0.000531 0.000816 0.000522 0.000836 0.000726 0.000347 0.000717 0.000367 0.00062 0.000326 0.000717 0.000367 0.00062 0.000349 0.00062 0.000326 0.000717 0.000367 0.000709 0.000387 0.00062 0.000349 0.000709 0.000387 0.00062 0.00037 0.00062 0.000349 0.00062 0.000326 0.00062 0.000349 0.000514 0.000348 0.00062 0.000349 0.000523 0.000369 0.000514 0.000348 0.00062 0.000349 0.00062 0.00037 0.000523 0.000369 0.00062 0.00037 0.000531 0.000388 0.000523 0.000369 0.000346 0.000602 0.000368 0.000602 0.000367 0.000707 0.000368 0.000602 0.000387 0.000699 0.000367 0.000707 0.000368 0.000602 0.000389 0.000602 0.000387 0.000699 0.000389 0.000602 0.000407 0.00069 0.000387 0.000699 0.000367 0.000707 0.000387 0.000699 0.000425 0.000796 0.000387 0.000699 0.000441 0.00078 0.000425 0.000796 0.000387 0.000699 0.000407 0.00069 0.000441 0.00078 0.000407 0.00069 0.000456 0.000765 0.000441 0.00078 0.000513 0.000857 0.000522 0.000836 0.000619 0.00088 0.000522 0.000836 0.00062 0.000857 0.000619 0.00088 0.000522 0.000836 0.000531 0.000816 0.00062 0.000857 0.000531 0.000816 0.00062 0.000835 0.00062 0.000857 0.000874 0.000709 0.000854 0.0007 0.000897 0.000604 0.000854 0.0007 0.000874 0.000603 0.000897 0.000604 0.000854 0.0007 0.000834 0.000692 0.000874 0.000603 0.000834 0.000692 0.000853 0.000603 0.000874 0.000603 0.000619 0.00088 0.00062 0.000857 0.000725 0.000857 0.00062 0.000857 0.000717 0.000837 0.000725 0.000857 0.00062 0.000857 0.00062 0.000835 0.000717 0.000837 0.00062 0.000835 0.000709 0.000817 0.000717 0.000837 0.000725 0.000857 0.000717 0.000837 0.000813 0.000797 0.000717 0.000837 0.000798 0.000781 0.000813 0.000797 0.000717 0.000837 0.000709 0.000817 0.000798 0.000781 0.000709 0.000817 0.000783 0.000766 0.000798 0.000781 0.000746 0.000602 0.00062 0.000602 0.000735 0.000492 0.00062 0.000602 0.00062 0.000484 0.000735 0.000492 0.00062 0.000602 0.000495 0.000602 0.00062 0.000484 0.000495 0.000602 0.000506 0.000493 0.00062 0.000484 0.000735 0.000712 0.00062 0.000721 0.000746 0.000602 0.00062 0.000721 0.00062 0.000602 0.000746 0.000602 0.00062 0.000721 0.000506 0.000712 0.00062 0.000602 0.000506 0.000712 0.000495 0.000602 0.00062 0.000602 0.000426 0.001068 0.000617 0.001107 0.000417 0.00109 0.000617 0.001107 0.000616 0.001131 0.000417 0.00109 0.000417 0.00109 0.000616 0.001131 0.000408 0.001113 0.000616 0.001131 0.000615 0.001156 0.000408 0.001113 0.000264 0.000962 0.000426 0.001068 0.000248 0.000979 0.000426 0.001068 0.000417 0.00109 0.000248 0.000979 0.000248 0.000979 0.000417 0.00109 0.00023 0.000996 0.000417 0.00109 0.000408 0.001113 0.00023 0.000996 0.000154 0.000801 0.000264 0.000962 0.000131 0.000811 0.000264 0.000962 0.000248 0.000979 0.000131 0.000811 0.000131 0.000811 0.000248 0.000979 0.000109 0.00082 0.000248 0.000979 0.00023 0.000996 0.000109 0.00082 0.000112 0.000609 0.000154 0.000801 0.000087 0.00061 0.000154 0.000801 0.000131 0.000811 0.000087 0.00061 0.000087 0.00061 0.000131 0.000811 0.000062 0.00061 0.000131 0.000811 0.000109 0.00082 0.000062 0.00061 0.000146 0.000414 0.000112 0.000609 0.000123 0.000405 0.000112 0.000609 0.000087 0.00061 0.000123 0.000405 0.000123 0.000405 0.000087 0.00061 0.0001 0.000396 0.000087 0.00061 0.000062 0.00061 0.0001 0.000396 0.000252 0.000246 0.000146 0.000414 0.000234 0.000229 0.000146 0.000414 0.000123 0.000405 0.000234 0.000229 0.000234 0.000229 0.000123 0.000405 0.000216 0.000212 0.000123 0.000405 0.0001 0.000396 0.000216 0.000212 0.000415 0.000131 0.000252 0.000246 0.000405 0.000108 0.000252 0.000246 0.000234 0.000229 0.000405 0.000108 0.000405 0.000108 0.000234 0.000229 0.000395 0.000085 0.000234 0.000229 0.000216 0.000212 0.000395 0.000085 0.000611 0.000087 0.000415 0.000131 0.000611 0.000062 0.000415 0.000131 0.000405 0.000108 0.000611 0.000062 0.000611 0.000062 0.000405 0.000108 0.00061 0.000036 0.000405 0.000108 0.000395 0.000085 0.00061 0.000036 0.00081 0.000121 0.000611 0.000087 0.000819 0.000098 0.000611 0.000087 0.000611 0.000062 0.000819 0.000098 0.000819 0.000098 0.000611 0.000062 0.000829 0.000074 0.000611 0.000062 0.00061 0.000036 0.000829 0.000074 0.000982 0.00023 0.00081 0.000121 0.000999 0.000212 0.00081 0.000121 0.000819 0.000098 0.000999 0.000212 0.000999 0.000212 0.000819 0.000098 0.001017 0.000193 0.000819 0.000098 0.000829 0.000074 0.001017 0.000193 0.001099 0.000397 0.000982 0.00023 0.001123 0.000387 0.000982 0.00023 0.000999 0.000212 0.001123 0.000387 0.001123 0.000387 0.000999 0.000212 0.001147 0.000377 0.000999 0.000212 0.001017 0.000193 0.001147 0.000377 0.001143 0.000599 0.001099 0.000397 0.001169 0.000598 0.001099 0.000397 0.001123 0.000387 0.001169 0.000598 0.001169 0.000598 0.001123 0.000387 0.001195 0.000598 0.001123 0.000387 0.001147 0.000377 0.001195 0.000598 0.001105 0.000803 0.001143 0.000599 0.001129 0.000813 0.001143 0.000599 0.001169 0.000598 0.001129 0.000813 0.001129 0.000813 0.001169 0.000598 0.001154 0.000823 0.001169 0.000598 0.001195 0.000598 0.001154 0.000823 0.00099 0.000975 0.001105 0.000803 0.001007 0.000994 0.001105 0.000803 0.001129 0.000813 0.001007 0.000994 0.001007 0.000994 0.001129 0.000813 0.001025 0.001013 0.001129 0.000813 0.001154 0.000823 0.001025 0.001013 0.000814 0.001079 0.00099 0.000975 0.000822 0.001103 0.00099 0.000975 0.001007 0.000994 0.000822 0.001103 0.000822 0.001103 0.001007 0.000994 0.00083 0.001127 0.001007 0.000994 0.001025 0.001013 0.00083 0.001127 0.000617 0.001107 0.000814 0.001079 0.000616 0.001131 0.000814 0.001079 0.000822 0.001103 0.000616 0.001131 0.000616 0.001131 0.000822 0.001103 0.000615 0.001156 0.000822 0.001103 0.00083 0.001127 0.000615 0.001156 0.000816 0.000407 0.000726 0.000347 0.000982 0.00023 0.000726 0.000347 0.00081 0.000121 0.000982 0.00023 0.000425 0.000796 0.000513 0.000857 0.000264 0.000962 0.000513 0.000857 0.000426 0.001068 0.000264 0.000962 0.000726 0.000347 0.00062 0.000326 0.00081 0.000121 0.00062 0.000326 0.000611 0.000087 0.00081 0.000121 0.000617 0.001107 0.000619 0.00088 0.000814 0.001079 0.000619 0.00088 0.000725 0.000857 0.000814 0.001079 0.000513 0.000857 0.000619 0.00088 0.000426 0.001068 0.000619 0.00088 0.000617 0.001107 0.000426 0.001068 0.00062 0.000326 0.000514 0.000348 0.000611 0.000087 0.000514 0.000348 0.000415 0.000131 0.000611 0.000087 0.000814 0.001079 0.000725 0.000857 0.00099 0.000975 0.000725 0.000857 0.000813 0.000797 0.00099 0.000975 0.000514 0.000348 0.000426 0.000408 0.000415 0.000131 0.000426 0.000408 0.000252 0.000246 0.000415 0.000131 0.000813 0.000797 0.000874 0.000709 0.00099 0.000975 0.000874 0.000709 0.001105 0.000803 0.00099 0.000975 0.000426 0.000408 0.000367 0.000497 0.000252 0.000246 0.000367 0.000497 0.000146 0.000414 0.000252 0.000246 0.000874 0.000709 0.000897 0.000604 0.001105 0.000803 0.000897 0.000604 0.001143 0.000599 0.001105 0.000803 0.000367 0.000497 0.000346 0.000602 0.000146 0.000414 0.000346 0.000602 0.000112 0.000609 0.000146 0.000414 0.000897 0.000604 0.000876 0.000497 0.001143 0.000599 0.000876 0.000497 0.001099 0.000397 0.001143 0.000599 0.000346 0.000602 0.000367 0.000707 0.000112 0.000609 0.000367 0.000707 0.000154 0.000801 0.000112 0.000609 0.000876 0.000497 0.000816 0.000407 0.001099 0.000397 0.000816 0.000407 0.000982 0.00023 0.001099 0.000397 0.000834 0.000692 0.000735 0.000712 0.000853 0.000603 0.000735 0.000712 0.000746 0.000602 0.000853 0.000603 0.000367 0.000707 0.000425 0.000796 0.000154 0.000801 0.000425 0.000796 0.000264 0.000962 0.000154 0.000801 0.000495 0.000602 0.000389 0.000602 0.000506 0.000493 0.000389 0.000602 0.000407 0.000514 0.000506 0.000493 0.00062 0.000484 0.000506 0.000493 0.00062 0.00037 0.000506 0.000493 0.000531 0.000388 0.00062 0.00037 0.000456 0.000765 0.000407 0.00069 0.000531 0.000816 0.000407 0.00069 0.000506 0.000712 0.000531 0.000816 0.00062 0.000835 0.00062 0.000721 0.000709 0.000817 0.00062 0.000721 0.000735 0.000712 0.000709 0.000817 0.000506 0.000493 0.000407 0.000514 0.000531 0.000388 0.000407 0.000514 0.000456 0.000439 0.000531 0.000388 0.000835 0.000513 0.000735 0.000492 0.000785 0.000438 0.000735 0.000492 0.000709 0.000387 0.000785 0.000438 0.000531 0.000816 0.000506 0.000712 0.00062 0.000835 0.000506 0.000712 0.00062 0.000721 0.00062 0.000835 0.000506 0.000712 0.000407 0.00069 0.000495 0.000602 0.000407 0.00069 0.000389 0.000602 0.000495 0.000602 0.000709 0.000817 0.000735 0.000712 0.000783 0.000766 0.000735 0.000712 0.000834 0.000692 0.000783 0.000766 0.000853 0.000603 0.000746 0.000602 0.000835 0.000513 0.000746 0.000602 0.000735 0.000492 0.000835 0.000513 0.000735 0.000492 0.00062 0.000484 0.000709 0.000387 0.00062 0.000484 0.00062 0.00037 0.000709 0.000387 0.000813 0.000797 0.000798 0.000781 0.000874 0.000709 0.000798 0.000781 0.000854 0.0007 0.000874 0.000709 0.000798 0.000781 0.000783 0.000766 0.000854 0.0007 0.000783 0.000766 0.000834 0.000692 0.000854 0.0007 0.000897 0.000604 0.000874 0.000603 0.000876 0.000497 0.000874 0.000603 0.000856 0.000505 0.000876 0.000497 0.000874 0.000603 0.000853 0.000603 0.000856 0.000505 0.000853 0.000603 0.000835 0.000513 0.000856 0.000505 0.000514 0.000348 0.000523 0.000369 0.000426 0.000408 0.000523 0.000369 0.000441 0.000424 0.000426 0.000408 0.000523 0.000369 0.000531 0.000388 0.000441 0.000424 0.000531 0.000388 0.000456 0.000439 0.000441 0.000424 0.000876 0.000497 0.000856 0.000505 0.000816 0.000407 0.000856 0.000505 0.0008 0.000422 0.000816 0.000407 0.000856 0.000505 0.000835 0.000513 0.0008 0.000422 0.000835 0.000513 0.000785 0.000438 0.0008 0.000422 0.000816 0.000407 0.0008 0.000422 0.000726 0.000347 0.0008 0.000422 0.000717 0.000367 0.000726 0.000347 0.0008 0.000422 0.000785 0.000438 0.000717 0.000367 0.000785 0.000438 0.000709 0.000387 0.000717 0.000367 0.000426 0.000408 0.000441 0.000424 0.000367 0.000497 0.000441 0.000424 0.000387 0.000506 0.000367 0.000497 0.000441 0.000424 0.000456 0.000439 0.000387 0.000506 0.000456 0.000439 0.000407 0.000514 0.000387 0.000506 0.000367 0.000497 0.000387 0.000506 0.000346 0.000602 0.000387 0.000506 0.000368 0.000602 0.000346 0.000602 0.000387 0.000506 0.000407 0.000514 0.000368 0.000602 0.000407 0.000514 0.000389 0.000602 0.000368 0.000602 0.000425 0.000796 0.000441 0.00078 0.000513 0.000857 0.000441 0.00078 0.000522 0.000836 0.000513 0.000857 0.000441 0.00078 0.000456 0.000765 0.000522 0.000836 0.000456 0.000765 0.000531 0.000816 0.000522 0.000836 0.000726 0.000347 0.000717 0.000367 0.00062 0.000326 0.000717 0.000367 0.00062 0.000349 0.00062 0.000326 0.000717 0.000367 0.000709 0.000387 0.00062 0.000349 0.000709 0.000387 0.00062 0.00037 0.00062 0.000349 0.00062 0.000326 0.00062 0.000349 0.000514 0.000348 0.00062 0.000349 0.000523 0.000369 0.000514 0.000348 0.00062 0.000349 0.00062 0.00037 0.000523 0.000369 0.00062 0.00037 0.000531 0.000388 0.000523 0.000369 0.000346 0.000602 0.000368 0.000602 0.000367 0.000707 0.000368 0.000602 0.000387 0.000699 0.000367 0.000707 0.000368 0.000602 0.000389 0.000602 0.000387 0.000699 0.000389 0.000602 0.000407 0.00069 0.000387 0.000699 0.000367 0.000707 0.000387 0.000699 0.000425 0.000796 0.000387 0.000699 0.000441 0.00078 0.000425 0.000796 0.000387 0.000699 0.000407 0.00069 0.000441 0.00078 0.000407 0.00069 0.000456 0.000765 0.000441 0.00078 0.000513 0.000857 0.000522 0.000836 0.000619 0.00088 0.000522 0.000836 0.00062 0.000857 0.000619 0.00088 0.000522 0.000836 0.000531 0.000816 0.00062 0.000857 0.000531 0.000816 0.00062 0.000835 0.00062 0.000857 0.000874 0.000709 0.000854 0.0007 0.000897 0.000604 0.000854 0.0007 0.000874 0.000603 0.000897 0.000604 0.000854 0.0007 0.000834 0.000692 0.000874 0.000603 0.000834 0.000692 0.000853 0.000603 0.000874 0.000603 0.000619 0.00088 0.00062 0.000857 0.000725 0.000857 0.00062 0.000857 0.000717 0.000837 0.000725 0.000857 0.00062 0.000857 0.00062 0.000835 0.000717 0.000837 0.00062 0.000835 0.000709 0.000817 0.000717 0.000837 0.000725 0.000857 0.000717 0.000837 0.000813 0.000797 0.000717 0.000837 0.000798 0.000781 0.000813 0.000797 0.000717 0.000837 0.000709 0.000817 0.000798 0.000781 0.000709 0.000817 0.000783 0.000766 0.000798 0.000781 0.000746 0.000602 0.00062 0.000602 0.000735 0.000492 0.00062 0.000602 0.00062 0.000484 0.000735 0.000492 0.00062 0.000602 0.000495 0.000602 0.00062 0.000484 0.000495 0.000602 0.000506 0.000493 0.00062 0.000484 0.000735 0.000712 0.00062 0.000721 0.000746 0.000602 0.00062 0.000721 0.00062 0.000602 0.000746 0.000602 0.00062 0.000721 0.000506 0.000712 0.00062 0.000602 0.000506 0.000712 0.000495 0.000602 0.00062 0.000602 0.000426 0.001068 0.000617 0.001107 0.000417 0.00109 0.000617 0.001107 0.000616 0.001131 0.000417 0.00109 0.000417 0.00109 0.000616 0.001131 0.000408 0.001113 0.000616 0.001131 0.000615 0.001156 0.000408 0.001113 0.000264 0.000962 0.000426 0.001068 0.000248 0.000979 0.000426 0.001068 0.000417 0.00109 0.000248 0.000979 0.000248 0.000979 0.000417 0.00109 0.00023 0.000996 0.000417 0.00109 0.000408 0.001113 0.00023 0.000996 0.000154 0.000801 0.000264 0.000962 0.000131 0.000811 0.000264 0.000962 0.000248 0.000979 0.000131 0.000811 0.000131 0.000811 0.000248 0.000979 0.000109 0.00082 0.000248 0.000979 0.00023 0.000996 0.000109 0.00082 0.000112 0.000609 0.000154 0.000801 0.000087 0.00061 0.000154 0.000801 0.000131 0.000811 0.000087 0.00061 0.000087 0.00061 0.000131 0.000811 0.000062 0.00061 0.000131 0.000811 0.000109 0.00082 0.000062 0.00061 0.000146 0.000414 0.000112 0.000609 0.000123 0.000405 0.000112 0.000609 0.000087 0.00061 0.000123 0.000405 0.000123 0.000405 0.000087 0.00061 0.0001 0.000396 0.000087 0.00061 0.000062 0.00061 0.0001 0.000396 0.000252 0.000246 0.000146 0.000414 0.000234 0.000229 0.000146 0.000414 0.000123 0.000405 0.000234 0.000229 0.000234 0.000229 0.000123 0.000405 0.000216 0.000212 0.000123 0.000405 0.0001 0.000396 0.000216 0.000212 0.000415 0.000131 0.000252 0.000246 0.000405 0.000108 0.000252 0.000246 0.000234 0.000229 0.000405 0.000108 0.000405 0.000108 0.000234 0.000229 0.000395 0.000085 0.000234 0.000229 0.000216 0.000212 0.000395 0.000085 0.000611 0.000087 0.000415 0.000131 0.000611 0.000062 0.000415 0.000131 0.000405 0.000108 0.000611 0.000062 0.000611 0.000062 0.000405 0.000108 0.00061 0.000036 0.000405 0.000108 0.000395 0.000085 0.00061 0.000036 0.00081 0.000121 0.000611 0.000087 0.000819 0.000098 0.000611 0.000087 0.000611 0.000062 0.000819 0.000098 0.000819 0.000098 0.000611 0.000062 0.000829 0.000074 0.000611 0.000062 0.00061 0.000036 0.000829 0.000074 0.000982 0.00023 0.00081 0.000121 0.000999 0.000212 0.00081 0.000121 0.000819 0.000098 0.000999 0.000212 0.000999 0.000212 0.000819 0.000098 0.001017 0.000193 0.000819 0.000098 0.000829 0.000074 0.001017 0.000193 0.001099 0.000397 0.000982 0.00023 0.001123 0.000387 0.000982 0.00023 0.000999 0.000212 0.001123 0.000387 0.001123 0.000387 0.000999 0.000212 0.001147 0.000377 0.000999 0.000212 0.001017 0.000193 0.001147 0.000377 0.001143 0.000599 0.001099 0.000397 0.001169 0.000598 0.001099 0.000397 0.001123 0.000387 0.001169 0.000598 0.001169 0.000598 0.001123 0.000387 0.001195 0.000598 0.001123 0.000387 0.001147 0.000377 0.001195 0.000598 0.001105 0.000803 0.001143 0.000599 0.001129 0.000813 0.001143 0.000599 0.001169 0.000598 0.001129 0.000813 0.001129 0.000813 0.001169 0.000598 0.001154 0.000823 0.001169 0.000598 0.001195 0.000598 0.001154 0.000823 0.00099 0.000975 0.001105 0.000803 0.001007 0.000994 0.001105 0.000803 0.001129 0.000813 0.001007 0.000994 0.001007 0.000994 0.001129 0.000813 0.001025 0.001013 0.001129 0.000813 0.001154 0.000823 0.001025 0.001013 0.000814 0.001079 0.00099 0.000975 0.000822 0.001103 0.00099 0.000975 0.001007 0.000994 0.000822 0.001103 0.000822 0.001103 0.001007 0.000994 0.00083 0.001127 0.001007 0.000994 0.001025 0.001013 0.00083 0.001127 0.000617 0.001107 0.000814 0.001079 0.000616 0.001131 0.000814 0.001079 0.000822 0.001103 0.000616 0.001131 0.000616 0.001131 0.000822 0.001103 0.000615 0.001156 0.000822 0.001103 0.00083 0.001127 0.000615 0.001156 0.000816 0.000407 0.000726 0.000347 0.000982 0.00023 0.000726 0.000347 0.00081 0.000121 0.000982 0.00023 0.000425 0.000796 0.000513 0.000857 0.000264 0.000962 0.000513 0.000857 0.000426 0.001068 0.000264 0.000962 0.000726 0.000347 0.00062 0.000326 0.00081 0.000121 0.00062 0.000326 0.000611 0.000087 0.00081 0.000121 0.000617 0.001107 0.000619 0.00088 0.000814 0.001079 0.000619 0.00088 0.000725 0.000857 0.000814 0.001079 0.000513 0.000857 0.000619 0.00088 0.000426 0.001068 0.000619 0.00088 0.000617 0.001107 0.000426 0.001068 0.00062 0.000326 0.000514 0.000348 0.000611 0.000087 0.000514 0.000348 0.000415 0.000131 0.000611 0.000087 0.000814 0.001079 0.000725 0.000857 0.00099 0.000975 0.000725 0.000857 0.000813 0.000797 0.00099 0.000975 0.000514 0.000348 0.000426 0.000408 0.000415 0.000131 0.000426 0.000408 0.000252 0.000246 0.000415 0.000131 0.000813 0.000797 0.000874 0.000709 0.00099 0.000975 0.000874 0.000709 0.001105 0.000803 0.00099 0.000975 0.000426 0.000408 0.000367 0.000497 0.000252 0.000246 0.000367 0.000497 0.000146 0.000414 0.000252 0.000246 0.000874 0.000709 0.000897 0.000604 0.001105 0.000803 0.000897 0.000604 0.001143 0.000599 0.001105 0.000803 0.000367 0.000497 0.000346 0.000602 0.000146 0.000414 0.000346 0.000602 0.000112 0.000609 0.000146 0.000414 0.000897 0.000604 0.000876 0.000497 0.001143 0.000599 0.000876 0.000497 0.001099 0.000397 0.001143 0.000599 0.000346 0.000602 0.000367 0.000707 0.000112 0.000609 0.000367 0.000707 0.000154 0.000801 0.000112 0.000609 0.000876 0.000497 0.000816 0.000407 0.001099 0.000397 0.000816 0.000407 0.000982 0.00023 0.001099 0.000397 0.000834 0.000692 0.000735 0.000712 0.000853 0.000603 0.000735 0.000712 0.000746 0.000602 0.000853 0.000603 0.000367 0.000707 0.000425 0.000796 0.000154 0.000801 0.000425 0.000796 0.000264 0.000962 0.000154 0.000801 0.000495 0.000602 0.000389 0.000602 0.000506 0.000493 0.000389 0.000602 0.000407 0.000514 0.000506 0.000493 0.00062 0.000484 0.000506 0.000493 0.00062 0.00037 0.000506 0.000493 0.000531 0.000388 0.00062 0.00037 0.000456 0.000765 0.000407 0.00069 0.000531 0.000816 0.000407 0.00069 0.000506 0.000712 0.000531 0.000816 0.00062 0.000835 0.00062 0.000721 0.000709 0.000817 0.00062 0.000721 0.000735 0.000712 0.000709 0.000817 0.000506 0.000493 0.000407 0.000514 0.000531 0.000388 0.000407 0.000514 0.000456 0.000439 0.000531 0.000388 0.000835 0.000513 0.000735 0.000492 0.000785 0.000438 0.000735 0.000492 0.000709 0.000387 0.000785 0.000438 0.000531 0.000816 0.000506 0.000712 0.00062 0.000835 0.000506 0.000712 0.00062 0.000721 0.00062 0.000835 0.000506 0.000712 0.000407 0.00069 0.000495 0.000602 0.000407 0.00069 0.000389 0.000602 0.000495 0.000602 0.000709 0.000817 0.000735 0.000712 0.000783 0.000766 0.000735 0.000712 0.000834 0.000692 0.000783 0.000766 0.000853 0.000603 0.000746 0.000602 0.000835 0.000513 0.000746 0.000602 0.000735 0.000492 0.000835 0.000513 0.000735 0.000492 0.00062 0.000484 0.000709 0.000387 0.00062 0.000484 0.00062 0.00037 0.000709 0.000387 0.000813 0.000797 0.000798 0.000781 0.000874 0.000709 0.000798 0.000781 0.000854 0.0007 0.000874 0.000709 0.000798 0.000781 0.000783 0.000766 0.000854 0.0007 0.000783 0.000766 0.000834 0.000692 0.000854 0.0007 0.000897 0.000604 0.000874 0.000603 0.000876 0.000497 0.000874 0.000603 0.000856 0.000505 0.000876 0.000497 0.000874 0.000603 0.000853 0.000603 0.000856 0.000505 0.000853 0.000603 0.000835 0.000513 0.000856 0.000505 0.000514 0.000348 0.000523 0.000369 0.000426 0.000408 0.000523 0.000369 0.000441 0.000424 0.000426 0.000408 0.000523 0.000369 0.000531 0.000388 0.000441 0.000424 0.000531 0.000388 0.000456 0.000439 0.000441 0.000424 0.000876 0.000497 0.000856 0.000505 0.000816 0.000407 0.000856 0.000505 0.0008 0.000422 0.000816 0.000407 0.000856 0.000505 0.000835 0.000513 0.0008 0.000422 0.000835 0.000513 0.000785 0.000438 0.0008 0.000422 0.000816 0.000407 0.0008 0.000422 0.000726 0.000347 0.0008 0.000422 0.000717 0.000367 0.000726 0.000347 0.0008 0.000422 0.000785 0.000438 0.000717 0.000367 0.000785 0.000438 0.000709 0.000387 0.000717 0.000367 0.000426 0.000408 0.000441 0.000424 0.000367 0.000497 0.000441 0.000424 0.000387 0.000506 0.000367 0.000497 0.000441 0.000424 0.000456 0.000439 0.000387 0.000506 0.000456 0.000439 0.000407 0.000514 0.000387 0.000506 0.000367 0.000497 0.000387 0.000506 0.000346 0.000602 0.000387 0.000506 0.000368 0.000602 0.000346 0.000602 0.000387 0.000506 0.000407 0.000514 0.000368 0.000602 0.000407 0.000514 0.000389 0.000602 0.000368 0.000602 0.000425 0.000796 0.000441 0.00078 0.000513 0.000857 0.000441 0.00078 0.000522 0.000836 0.000513 0.000857 0.000441 0.00078 0.000456 0.000765 0.000522 0.000836 0.000456 0.000765 0.000531 0.000816 0.000522 0.000836 0.000726 0.000347 0.000717 0.000367 0.00062 0.000326 0.000717 0.000367 0.00062 0.000349 0.00062 0.000326 0.000717 0.000367 0.000709 0.000387 0.00062 0.000349 0.000709 0.000387 0.00062 0.00037 0.00062 0.000349 0.00062 0.000326 0.00062 0.000349 0.000514 0.000348 0.00062 0.000349 0.000523 0.000369 0.000514 0.000348 0.00062 0.000349 0.00062 0.00037 0.000523 0.000369 0.00062 0.00037 0.000531 0.000388 0.000523 0.000369 0.000346 0.000602 0.000368 0.000602 0.000367 0.000707 0.000368 0.000602 0.000387 0.000699 0.000367 0.000707 0.000368 0.000602 0.000389 0.000602 0.000387 0.000699 0.000389 0.000602 0.000407 0.00069 0.000387 0.000699 0.000367 0.000707 0.000387 0.000699 0.000425 0.000796 0.000387 0.000699 0.000441 0.00078 0.000425 0.000796 0.000387 0.000699 0.000407 0.00069 0.000441 0.00078 0.000407 0.00069 0.000456 0.000765 0.000441 0.00078 0.000513 0.000857 0.000522 0.000836 0.000619 0.00088 0.000522 0.000836 0.00062 0.000857 0.000619 0.00088 0.000522 0.000836 0.000531 0.000816 0.00062 0.000857 0.000531 0.000816 0.00062 0.000835 0.00062 0.000857 0.000874 0.000709 0.000854 0.0007 0.000897 0.000604 0.000854 0.0007 0.000874 0.000603 0.000897 0.000604 0.000854 0.0007 0.000834 0.000692 0.000874 0.000603 0.000834 0.000692 0.000853 0.000603 0.000874 0.000603 0.000619 0.00088 0.00062 0.000857 0.000725 0.000857 0.00062 0.000857 0.000717 0.000837 0.000725 0.000857 0.00062 0.000857 0.00062 0.000835 0.000717 0.000837 0.00062 0.000835 0.000709 0.000817 0.000717 0.000837 0.000725 0.000857 0.000717 0.000837 0.000813 0.000797 0.000717 0.000837 0.000798 0.000781 0.000813 0.000797 0.000717 0.000837 0.000709 0.000817 0.000798 0.000781 0.000709 0.000817 0.000783 0.000766 0.000798 0.000781 0.000746 0.000602 0.00062 0.000602 0.000735 0.000492 0.00062 0.000602 0.00062 0.000484 0.000735 0.000492 0.00062 0.000602 0.000495 0.000602 0.00062 0.000484 0.000495 0.000602 0.000506 0.000493 0.00062 0.000484 0.000735 0.000712 0.00062 0.000721 0.000746 0.000602 0.00062 0.000721 0.00062 0.000602 0.000746 0.000602 0.00062 0.000721 0.000506 0.000712 0.00062 0.000602 0.000506 0.000712 0.000495 0.000602 0.00062 0.000602 0.000426 0.001068 0.000617 0.001107 0.000417 0.00109 0.000617 0.001107 0.000616 0.001131 0.000417 0.00109 0.000417 0.00109 0.000616 0.001131 0.000408 0.001113 0.000616 0.001131 0.000615 0.001156 0.000408 0.001113 0.000264 0.000962 0.000426 0.001068 0.000248 0.000979 0.000426 0.001068 0.000417 0.00109 0.000248 0.000979 0.000248 0.000979 0.000417 0.00109 0.00023 0.000996 0.000417 0.00109 0.000408 0.001113 0.00023 0.000996 0.000154 0.000801 0.000264 0.000962 0.000131 0.000811 0.000264 0.000962 0.000248 0.000979 0.000131 0.000811 0.000131 0.000811 0.000248 0.000979 0.000109 0.00082 0.000248 0.000979 0.00023 0.000996 0.000109 0.00082 0.000112 0.000609 0.000154 0.000801 0.000087 0.00061 0.000154 0.000801 0.000131 0.000811 0.000087 0.00061 0.000087 0.00061 0.000131 0.000811 0.000062 0.00061 0.000131 0.000811 0.000109 0.00082 0.000062 0.00061 0.000146 0.000414 0.000112 0.000609 0.000123 0.000405 0.000112 0.000609 0.000087 0.00061 0.000123 0.000405 0.000123 0.000405 0.000087 0.00061 0.0001 0.000396 0.000087 0.00061 0.000062 0.00061 0.0001 0.000396 0.000252 0.000246 0.000146 0.000414 0.000234 0.000229 0.000146 0.000414 0.000123 0.000405 0.000234 0.000229 0.000234 0.000229 0.000123 0.000405 0.000216 0.000212 0.000123 0.000405 0.0001 0.000396 0.000216 0.000212 0.000415 0.000131 0.000252 0.000246 0.000405 0.000108 0.000252 0.000246 0.000234 0.000229 0.000405 0.000108 0.000405 0.000108 0.000234 0.000229 0.000395 0.000085 0.000234 0.000229 0.000216 0.000212 0.000395 0.000085 0.000611 0.000087 0.000415 0.000131 0.000611 0.000062 0.000415 0.000131 0.000405 0.000108 0.000611 0.000062 0.000611 0.000062 0.000405 0.000108 0.00061 0.000036 0.000405 0.000108 0.000395 0.000085 0.00061 0.000036 0.00081 0.000121 0.000611 0.000087 0.000819 0.000098 0.000611 0.000087 0.000611 0.000062 0.000819 0.000098 0.000819 0.000098 0.000611 0.000062 0.000829 0.000074 0.000611 0.000062 0.00061 0.000036 0.000829 0.000074 0.000982 0.00023 0.00081 0.000121 0.000999 0.000212 0.00081 0.000121 0.000819 0.000098 0.000999 0.000212 0.000999 0.000212 0.000819 0.000098 0.001017 0.000193 0.000819 0.000098 0.000829 0.000074 0.001017 0.000193 0.001099 0.000397 0.000982 0.00023 0.001123 0.000387 0.000982 0.00023 0.000999 0.000212 0.001123 0.000387 0.001123 0.000387 0.000999 0.000212 0.001147 0.000377 0.000999 0.000212 0.001017 0.000193 0.001147 0.000377 0.001143 0.000599 0.001099 0.000397 0.001169 0.000598 0.001099 0.000397 0.001123 0.000387 0.001169 0.000598 0.001169 0.000598 0.001123 0.000387 0.001195 0.000598 0.001123 0.000387 0.001147 0.000377 0.001195 0.000598 0.001105 0.000803 0.001143 0.000599 0.001129 0.000813 0.001143 0.000599 0.001169 0.000598 0.001129 0.000813 0.001129 0.000813 0.001169 0.000598 0.001154 0.000823 0.001169 0.000598 0.001195 0.000598 0.001154 0.000823 0.00099 0.000975 0.001105 0.000803 0.001007 0.000994 0.001105 0.000803 0.001129 0.000813 0.001007 0.000994 0.001007 0.000994 0.001129 0.000813 0.001025 0.001013 0.001129 0.000813 0.001154 0.000823 0.001025 0.001013 0.000814 0.001079 0.00099 0.000975 0.000822 0.001103 0.00099 0.000975 0.001007 0.000994 0.000822 0.001103 0.000822 0.001103 0.001007 0.000994 0.00083 0.001127 0.001007 0.000994 0.001025 0.001013 0.00083 0.001127 0.000617 0.001107 0.000814 0.001079 0.000616 0.001131 0.000814 0.001079 0.000822 0.001103 0.000616 0.001131 0.000616 0.001131 0.000822 0.001103 0.000615 0.001156 0.000822 0.001103 0.00083 0.001127 0.000615 0.001156 0.000816 0.000407 0.000726 0.000347 0.000982 0.00023 0.000726 0.000347 0.00081 0.000121 0.000982 0.00023 0.000425 0.000796 0.000513 0.000857 0.000264 0.000962 0.000513 0.000857 0.000426 0.001068 0.000264 0.000962 0.000726 0.000347 0.00062 0.000326 0.00081 0.000121 0.00062 0.000326 0.000611 0.000087 0.00081 0.000121 0.000617 0.001107 0.000619 0.00088 0.000814 0.001079 0.000619 0.00088 0.000725 0.000857 0.000814 0.001079 0.000513 0.000857 0.000619 0.00088 0.000426 0.001068 0.000619 0.00088 0.000617 0.001107 0.000426 0.001068 0.00062 0.000326 0.000514 0.000348 0.000611 0.000087 0.000514 0.000348 0.000415 0.000131 0.000611 0.000087 0.000814 0.001079 0.000725 0.000857 0.00099 0.000975 0.000725 0.000857 0.000813 0.000797 0.00099 0.000975 0.000514 0.000348 0.000426 0.000408 0.000415 0.000131 0.000426 0.000408 0.000252 0.000246 0.000415 0.000131 0.000813 0.000797 0.000874 0.000709 0.00099 0.000975 0.000874 0.000709 0.001105 0.000803 0.00099 0.000975 0.000426 0.000408 0.000367 0.000497 0.000252 0.000246 0.000367 0.000497 0.000146 0.000414 0.000252 0.000246 0.000874 0.000709 0.000897 0.000604 0.001105 0.000803 0.000897 0.000604 0.001143 0.000599 0.001105 0.000803 0.000367 0.000497 0.000346 0.000602 0.000146 0.000414 0.000346 0.000602 0.000112 0.000609 0.000146 0.000414 0.000897 0.000604 0.000876 0.000497 0.001143 0.000599 0.000876 0.000497 0.001099 0.000397 0.001143 0.000599 0.000346 0.000602 0.000367 0.000707 0.000112 0.000609 0.000367 0.000707 0.000154 0.000801 0.000112 0.000609 0.000876 0.000497 0.000816 0.000407 0.001099 0.000397 0.000816 0.000407 0.000982 0.00023 0.001099 0.000397</float_array>
					<technique_common>
						<accessor source="#3001|MB|42-mesh-map-0-array" count="6456" stride="2">
							<param name="S" type="float"/>
							<param name="T" type="float"/>
						</accessor>
					</technique_common>
				</source>
				<source id="3001|MB|42-mesh-map-1">
					<float_array id="3001|MB|42-mesh-map-1-array" count="12912">0 0 0 0 0 0 0 0 0 0 0 0 0.867 0.579 0.867 0.726 0.744 0.579 0.867 0.726 0.744 0.726 0.744 0.579 0 0 0 0 0 0 0 0 0 0 0 0 0 0 0 0 0 0 0 0 0 0 0 0 0 0 0 0 0 0 0 0 0 0 0 0 0 0 0 0 0 0 0 0 0 0 0 0 0 0 0 0 0 0 0 0 0 0 0 0 0 0 0 0 0 0 0 0 0 0 0 0 0 0 0 0 0 0 0 0 0 0 0 0 0 0 0 0 0 0 0 0 0 0 0 0 0 0 0 0 0 0 0 0 0 0 0 0 0 0 0 0 0 0 0 0 0 0 0 0 0 0 0 0 0 0 0 0 0 0 0 0 0 0 0 0 0 0 0 0 0 0 0 0 0 0 0 0 0 0 0 0 0 0 0 0 0 0 0 0 0 0 0 0 0 0 0 0 0 0 0 0 0 0 0 0 0 0 0 0 0 0 0 0 0 0 0 0 0 0 0 0 0 0 0 0 0 0 0 0 0 0 0 0 0 0 0 0 0 0 0 0 0 0 0 0 0 0 0 0 0 0 0 0 0 0 0 0 0 0 0 0 0 0 0 0 0 0 0 0 0 0 0 0 0 0 0 0 0 0 0 0 0 0 0 0 0 0 0 0 0 0 0 0 0 0 0 0 0 0 0 0 0 0 0 0 0 0 0 0 0 0 0 0 0 0 0 0 0 0 0 0 0 0 0 0 0 0 0 0 0 0 0 0 0 0 0 0 0 0 0 0 0 0 0 0 0 0 0 0 0 0 0 0 0 0 0 0 0 0 0 0 0 0 0 0 0 0 0 0 0 0 0 0 0 0 0 0 0 0 0 0 0 0 0 0 0 0 0 0 0 0 0 0 0 0 0 0 0 0 0 0 0 0 0 0 0 0 0 0 0 0 0 0 0 0 0 0 0 0 0 0 0 0 0 0 0 0 0 0 0 0 0 0 0 0 0 0 0.561 0.579 0.561 0.726 0.5 0.579 0.561 0.726 0.5 0.726 0.5 0.579 0 0 0 0 0 0 0 0 0 0 0 0 0.744 0.579 0.744 0.726 0.684 0.579 0.744 0.726 0.684 0.726 0.684 0.579 0 0 0 0 0 0 0 0 0 0 0 0 0 0 0 0 0 0 0 0 0 0 0 0 0 0 0 0 0 0 0 0 0 0 0 0 0 0 0 0 0 0 0 0 0 0 0 0 0.684 0.579 0.684 0.726 0.622 0.579 0.684 0.726 0.622 0.726 0.622 0.579 0 0 0 0 0 0 0 0 0 0 0 0 0 0 0 0 0 0 0 0 0 0 0 0 0 0 0 0 0 0 0 0 0 0 0 0 0 0 0 0 0 0 0 0 0 0 0 0 0 0 0 0 0 0 0 0 0 0 0 0 0 0 0 0 0 0 0 0 0 0 0 0 0 0 0 0 0 0 0 0 0 0 0 0 0 0 0 0 0 0 0 0 0 0 0 0 0 0 0 0 0 0 0 0 0 0 0 0 0 0 0 0 0 0 0 0 0 0 0 0 0 0 0 0 0 0 0 0 0 0 0 0 0 0 0 0 0 0 0 0 0 0 0 0 0 0 0 0 0 0 0 0 0 0 0 0 0 0 0 0 0 0 0 0 0 0 0 0 0 0 0 0 0 0 0 0 0 0 0 0 0 0 0 0 0 0 0 0 0 0 0 0 0 0 0 0 0 0 0 0 0 0 0 0 0 0 0 0 0 0 0 0 0 0 0 0 0 0 0 0 0 0 0 0 0 0 0 0 0 0 0 0 0 0 0 0 0 0 0 0 0 0 0 0 0 0 0 0 0 0 0 0 0 0 0 0 0 0 0 0 0 0 0 0 0 0 0 0 0 0 0 0 0 0 0 0 0 0 0 0 0 0 0 0 0 0 0 0 0 0 0 0 0 0 0 0 0 0 0 0 0 0 0 0 0 0 0 0 0 0 0 0 0 0 0 0 0 0 0 0 0 0 0 0 0 0 0 0 0 0 0 0 0 0 0 0 0 0 0 0 0 0 0 0 0 0 0 0 0.561 0.579 0.622 0.579 0.561 0.726 0.622 0.579 0.622 0.726 0.561 0.726 0 0 0 0 0 0 0 0 0 0 0 0 0 0 0 0 0 0 0 0 0 0 0 0 0 0 0 0 0 0 0 0 0 0 0 0 0 0 0 0 0 0 0 0 0 0 0 0 0.132 0.579 0.255 0.579 0.132 0.726 0.255 0.579 0.255 0.726 0.132 0.726 0 0 0 0 0 0 0 0 0 0 0 0 0 0 0 0 0 0 0 0 0 0 0 0 0 0 0 0 0 0 0 0 0 0 0 0 0 0 0 0 0 0 0 0 0 0 0 0 0 0 0 0 0 0 0 0 0 0 0 0 0 0 0 0 0 0 0 0 0 0 0 0 0 0 0 0 0 0 0 0 0 0 0 0 0 0 0 0 0 0 0 0 0 0 0 0 0 0 0 0 0 0 0 0 0 0 0 0 0 0 0 0 0 0 0 0 0 0 0 0 0 0 0 0 0 0 0 0 0 0 0 0 0 0 0 0 0 0 0 0 0 0 0 0 0 0 0 0 0 0 0 0 0 0 0 0 0 0 0 0 0 0 0 0 0 0 0 0 0 0 0 0 0 0 0 0 0 0 0 0 0 0 0 0 0 0 0 0 0 0 0 0 0 0 0 0 0 0 0 0 0 0 0 0 0 0 0 0 0 0 0 0 0 0 0 0 0 0 0 0 0 0 0 0 0 0 0 0 0 0 0 0 0 0 0 0 0 0 0 0 0 0 0 0 0 0 0 0 0 0 0 0 0 0 0 0 0 0 0 0 0 0 0 0 0 0 0 0 0 0 0 0 0 0 0 0 0 0 0 0 0 0 0 0 0 0 0 0 0 0 0 0 0 0 0 0 0 0 0 0 0 0 0 0 0 0 0 0 0 0 0 0 0 0 0 0 0 0 0 0 0 0 0 0 0 0 0 0 0 0 0 0 0 0 0 0 0 0 0 0 0 0 0 0 0 0 0 0 0 0 0 0 0 0 0 0 0 0 0 0 0 0 0 0 0 0 0 0 0 0 0 0 0 0 0 0 0 0 0 0 0 0 0 0 0 0 0 0 0 0 0 0 0 0 0 0 0 0 0 0 0 0 0 0 0 0 0 0 0.438 0.579 0.5 0.579 0.438 0.726 0.5 0.579 0.5 0.726 0.438 0.726 0 0 0 0 0 0 0 0 0 0 0 0 0.255 0.579 0.315 0.579 0.255 0.726 0.315 0.579 0.315 0.726 0.255 0.726 0 0 0 0 0 0 0 0 0 0 0 0 0 0 0 0 0 0 0 0 0 0 0 0 0 0 0 0 0 0 0 0 0 0 0 0 0 0 0 0 0 0 0 0 0 0 0 0 0.315 0.579 0.377 0.579 0.315 0.726 0.377 0.579 0.377 0.726 0.315 0.726 0 0 0 0 0 0 0 0 0 0 0 0 0 0 0 0 0 0 0 0 0 0 0 0 0 0 0 0 0 0 0 0 0 0 0 0 0 0 0 0 0 0 0 0 0 0 0 0 0 0 0 0 0 0 0 0 0 0 0 0 0 0 0 0 0 0 0 0 0 0 0 0 0 0 0 0 0 0 0 0 0 0 0 0 0 0 0 0 0 0 0 0 0 0 0 0 0 0 0 0 0 0 0 0 0 0 0 0 0 0 0 0 0 0 0 0 0 0 0 0 0 0 0 0 0 0 0 0 0 0 0 0 0 0 0 0 0 0 0 0 0 0 0 0 0 0 0 0 0 0 0 0 0 0 0 0 0 0 0 0 0 0 0 0 0 0 0 0 0 0 0 0 0 0 0 0 0 0 0 0 0 0 0 0 0 0 0 0 0 0 0 0 0 0 0 0 0 0 0 0 0 0 0 0 0 0 0 0 0 0 0 0 0 0 0 0 0 0 0 0 0 0 0 0 0 0 0 0 0 0 0 0 0 0 0 0 0 0 0 0 0 0 0 0 0 0 0 0 0 0 0 0 0 0 0 0 0 0 0 0 0 0 0 0 0 0 0 0 0 0 0 0 0 0 0 0 0 0 0 0 0 0 0 0 0 0 0 0 0 0 0 0 0 0 0 0 0 0 0 0 0 0 0 0 0 0 0 0 0 0 0 0 0 0 0 0 0 0 0 0 0 0 0 0 0 0 0 0 0 0 0 0 0 0 0 0 0 0 0 0 0 0 0 0 0 0 0 0 0.438 0.579 0.438 0.726 0.377 0.579 0.438 0.726 0.377 0.726 0.377 0.579 0 0 0 0 0 0 0 0 0 0 0 0 0 0 0 0 0 0 0 0 0 0 0 0 0 0 0 0 0 0 0 0 0 0 0 0 0 0 0 0 0 0 0 0 0 0 0 0 0.867 0.579 0.989 0.579 0.867 0.726 0.989 0.579 0.989 0.726 0.867 0.726 0 0 0 0 0 0 0 0 0 0 0 0 0 0 0 0 0 0 0 0 0 0 0 0 0 0 0 0 0 0 0 0 0 0 0 0 0 0 0 0 0 0 0 0 0 0 0 0 0 0 0 0 0 0 0 0 0 0 0 0 0 0 0 0 0 0 0 0 0 0 0 0 0 0 0 0 0 0 0 0 0 0 0 0 0 0 0 0 0 0 0 0 0 0 0 0 0 0 0 0 0 0 0 0 0 0 0 0 0 0 0 0 0 0 0 0 0 0 0 0 0 0 0 0 0 0 0 0 0 0 0 0 0 0 0 0 0 0 0 0 0 0 0 0 0 0 0 0 0 0 0 0 0 0 0 0 0 0 0 0 0 0 0 0 0 0 0 0 0 0 0 0 0 0 0 0 0 0 0 0 0 0 0 0 0 0 0 0 0 0 0 0 0 0 0 0 0 0 0 0 0 0 0 0 0 0 0 0 0 0 0 0 0 0 0 0 0 0 0 0 0 0 0 0 0 0 0 0 0 0 0 0 0 0 0 0 0 0 0 0 0 0 0 0 0 0 0 0 0 0 0 0 0 0 0 0 0 0 0 0 0 0 0 0 0 0 0 0 0 0 0 0 0 0 0 0 0 0 0 0 0 0 0 0 0 0 0 0 0 0 0 0 0 0 0 0 0 0 0 0 0 0 0 0 0 0 0 0 0 0 0 0 0 0 0 0 0 0 0 0 0 0 0 0 0 0 0 0 0 0 0 0 0 0 0 0 0 0 0 0 0 0 0 0 0 0 0 0 0 0 0 0 0 0 0 0 0 0 0 0 0 0 0 0 0 0 0 0 0 0 0 0 0 0 0 0 0 0 0 0 0 0 0 0 0 0 0 0 0 0 0 0 0 0 0 0 0 0 0 0 0 0 0 0 0 0 0 0 0.438 0.401 0.5 0.401 0.438 0.547 0.5 0.401 0.5 0.547 0.438 0.547 0 0 0 0 0 0 0 0 0 0 0 0 0.255 0.401 0.315 0.401 0.255 0.547 0.315 0.401 0.315 0.547 0.255 0.547 0 0 0 0 0 0 0 0 0 0 0 0 0 0 0 0 0 0 0 0 0 0 0 0 0 0 0 0 0 0 0 0 0 0 0 0 0 0 0 0 0 0 0 0 0 0 0 0 0.315 0.401 0.377 0.401 0.315 0.547 0.377 0.401 0.377 0.547 0.315 0.547 0 0 0 0 0 0 0 0 0 0 0 0 0 0 0 0 0 0 0 0 0 0 0 0 0 0 0 0 0 0 0 0 0 0 0 0 0 0 0 0 0 0 0 0 0 0 0 0 0 0 0 0 0 0 0 0 0 0 0 0 0 0 0 0 0 0 0 0 0 0 0 0 0 0 0 0 0 0 0 0 0 0 0 0 0 0 0 0 0 0 0 0 0 0 0 0 0 0 0 0 0 0 0 0 0 0 0 0 0 0 0 0 0 0 0 0 0 0 0 0 0 0 0 0 0 0 0 0 0 0 0 0 0 0 0 0 0 0 0 0 0 0 0 0 0 0 0 0 0 0 0 0 0 0 0 0 0 0 0 0 0 0 0 0 0 0 0 0 0 0 0 0 0 0 0 0 0 0 0 0 0 0 0 0 0 0 0 0 0 0 0 0 0 0 0 0 0 0 0 0 0 0 0 0 0 0 0 0 0 0 0 0 0 0 0 0 0 0 0 0 0 0 0 0 0 0 0 0 0 0 0 0 0 0 0 0 0 0 0 0 0 0 0 0 0 0 0 0 0 0 0 0 0 0 0 0 0 0 0 0 0 0 0 0 0 0 0 0 0 0 0 0 0 0 0 0 0 0 0 0 0 0 0 0 0 0 0 0 0 0 0 0 0 0 0 0 0 0 0 0 0 0 0 0 0 0 0 0 0 0 0 0 0 0 0 0 0 0 0 0 0 0 0 0 0 0 0 0 0 0 0 0 0 0 0 0 0 0 0 0 0 0 0 0 0 0 0 0 0.438 0.401 0.438 0.547 0.377 0.401 0.438 0.547 0.377 0.547 0.377 0.401 0 0 0 0 0 0 0 0 0 0 0 0 0 0 0 0 0 0 0 0 0 0 0 0 0 0 0 0 0 0 0 0 0 0 0 0 0 0 0 0 0 0 0 0 0 0 0 0 0.132 0.579 0.132 0.726 0.01 0.579 0.132 0.726 0.01 0.726 0.01 0.579 0 0 0 0 0 0 0 0 0 0 0 0 0 0 0 0 0 0 0 0 0 0 0 0 0 0 0 0 0 0 0 0 0 0 0 0 0 0 0 0 0 0 0 0 0 0 0 0 0 0 0 0 0 0 0 0 0 0 0 0 0 0 0 0 0 0 0 0 0 0 0 0 0 0 0 0 0 0 0 0 0 0 0 0 0 0 0 0 0 0 0 0 0 0 0 0 0 0 0 0 0 0 0 0 0 0 0 0 0 0 0 0 0 0 0 0 0 0 0 0 0 0 0 0 0 0 0 0 0 0 0 0 0 0 0 0 0 0 0 0 0 0 0 0 0 0 0 0 0 0 0 0 0 0 0 0 0 0 0 0 0 0 0 0 0 0 0 0 0 0 0 0 0 0 0 0 0 0 0 0 0 0 0 0 0 0 0 0 0 0 0 0 0 0 0 0 0 0 0 0 0 0 0 0 0 0 0 0 0 0 0 0 0 0 0 0 0 0 0 0 0 0 0 0 0 0 0 0 0 0 0 0 0 0 0 0 0 0 0 0 0 0 0 0 0 0 0 0 0 0 0 0 0 0 0 0 0 0 0 0 0 0 0 0 0 0 0 0 0 0 0 0 0 0 0 0 0 0 0 0 0 0 0 0 0 0 0 0 0 0 0 0 0 0 0 0 0 0 0 0 0 0 0 0 0 0 0 0 0 0 0 0 0 0 0 0 0 0 0 0 0 0 0 0 0 0 0 0 0 0 0 0 0 0 0 0 0 0 0 0 0 0 0 0 0 0 0 0 0 0 0 0 0 0 0 0 0 0 0 0 0 0 0 0 0 0 0 0 0 0 0 0 0 0 0 0 0 0 0 0 0 0 0 0 0 0 0 0 0 0 0 0 0 0 0 0 0 0 0 0 0 0 0 0 0 0 0 0 0.561 0.401 0.561 0.547 0.5 0.401 0.561 0.547 0.5 0.547 0.5 0.401 0 0 0 0 0 0 0 0 0 0 0 0 0.744 0.401 0.744 0.547 0.684 0.401 0.744 0.547 0.684 0.547 0.684 0.401 0 0 0 0 0 0 0 0 0 0 0 0 0 0 0 0 0 0 0 0 0 0 0 0 0 0 0 0 0 0 0 0 0 0 0 0 0 0 0 0 0 0 0 0 0 0 0 0 0.684 0.401 0.684 0.547 0.622 0.401 0.684 0.547 0.622 0.547 0.622 0.401 0 0 0 0 0 0 0 0 0 0 0 0 0 0 0 0 0 0 0 0 0 0 0 0 0 0 0 0 0 0 0 0 0 0 0 0 0 0 0 0 0 0 0 0 0 0 0 0 0 0 0 0 0 0 0 0 0 0 0 0 0 0 0 0 0 0 0 0 0 0 0 0 0 0 0 0 0 0 0 0 0 0 0 0 0 0 0 0 0 0 0 0 0 0 0 0 0 0 0 0 0 0 0 0 0 0 0 0 0 0 0 0 0 0 0 0 0 0 0 0 0 0 0 0 0 0 0 0 0 0 0 0 0 0 0 0 0 0 0 0 0 0 0 0 0 0 0 0 0 0 0 0 0 0 0 0 0 0 0 0 0 0 0 0 0 0 0 0 0 0 0 0 0 0 0 0 0 0 0 0 0 0 0 0 0 0 0 0 0 0 0 0 0 0 0 0 0 0 0 0 0 0 0 0 0 0 0 0 0 0 0 0 0 0 0 0 0 0 0 0 0 0 0 0 0 0 0 0 0 0 0 0 0 0 0 0 0 0 0 0 0 0 0 0 0 0 0 0 0 0 0 0 0 0 0 0 0 0 0 0 0 0 0 0 0 0 0 0 0 0 0 0 0 0 0 0 0 0 0 0 0 0 0 0 0 0 0 0 0 0 0 0 0 0 0 0 0 0 0 0 0 0 0 0 0 0 0 0 0 0 0 0 0 0 0 0 0 0 0 0 0 0 0 0 0 0 0 0 0 0 0 0 0 0 0 0 0 0 0 0 0 0 0 0 0 0 0 0 0.561 0.401 0.622 0.401 0.561 0.547 0.622 0.401 0.622 0.547 0.561 0.547 0 0 0 0 0 0 0 0 0 0 0 0 0 0 0 0 0 0 0 0 0 0 0 0 0 0 0 0 0 0 0 0 0 0 0 0 0 0 0 0 0 0 0 0 0 0 0 0 0 0 0 0 0 0 0 0 0 0 0 0 0 0 0 0 0 0 0 0 0 0 0 0 0 0 0 0 0 0 0 0 0 0 0 0 0 0 0 0 0 0 0 0 0 0 0 0 0 0 0 0 0 0 0 0 0 0 0 0 0 0 0 0 0 0 0 0 0 0 0 0 0 0 0 0 0 0 0 0 0 0 0 0 0 0 0 0 0 0 0 0 0 0 0 0 0 0 0 0 0 0 0 0 0 0 0 0 0 0 0 0 0 0 0 0 0 0 0 0 0 0 0 0 0 0 0 0 0 0 0 0 0 0 0 0 0 0 0 0 0 0 0 0 0 0 0 0 0 0 0 0 0 0 0 0 0 0 0 0 0 0 0 0 0 0 0 0 0 0 0 0 0 0 0 0 0 0 0 0 0 0 0 0 0 0 0 0 0 0 0 0 0 0 0 0 0 0 0 0 0 0 0 0 0 0 0 0 0 0 0 0 0 0 0 0 0 0 0 0 0 0 0 0 0 0 0 0 0 0 0 0 0 0 0 0 0 0 0 0 0 0 0 0 0 0 0 0 0 0 0 0 0 0 0 0 0 0 0 0 0 0 0 0 0 0 0 0 0 0 0 0 0 0 0 0 0 0 0 0 0 0 0 0 0 0 0 0 0 0 0 0 0 0 0 0 0 0 0 0 0 0 0 0 0 0 0 0 0 0 0 0 0 0 0 0 0 0 0 0 0 0 0 0 0 0 0 0 0 0 0 0 0 0 0 0 0 0 0 0 0 0 0 0 0 0 0 0 0 0 0 0 0 0 0 0 0 0 0 0 0 0 0 0 0 0 0 0 0 0 0 0 0 0 0 0 0 0 0 0 0 0 0 0 0 0 0 0 0 0 0 0 0 0 0 0 0 0 0 0 0 0 0 0 0 0 0 0 0 0 0 0 0 0 0 0 0 0 0 0 0 0 0 0 0 0 0 0 0 0 0 0 0 0 0 0 0 0 0 0 0 0 0 0 0 0 0 0 0 0 0 0 0 0 0 0 0 0 0 0 0 0 0 0 0 0 0 0 0 0 0 0 0 0 0 0 0 0 0 0 0 0 0 0 0 0 0 0 0 0 0 0 0 0 0 0 0 0 0 0 0 0 0 0 0 0 0 0 0 0 0 0 0 0 0 0 0 0 0 0 0 0 0 0 0 0 0 0 0 0 0 0 0 0 0 0 0 0 0 0 0 0 0 0 0 0 0 0 0 0 0 0 0 0 0 0 0 0 0 0 0 0 0 0 0 0 0 0 0 0 0 0 0 0 0 0 0 0 0 0 0 0 0 0 0 0 0 0 0 0 0 0 0 0 0 0 0 0 0 0 0 0 0 0 0 0 0 0 0 0 0 0 0 0 0 0 0 0 0 0 0 0 0 0 0 0 0 0 0 0 0 0 0 0 0 0 0 0 0 0 0 0 0 0 0 0 0 0 0 0 0 0 0 0 0 0 0 0 0 0 0 0 0 0 0 0 0 0 0 0 0 0 0 0 0 0 0 0 0 0 0 0 0 0 0 0 0 0 0 0 0 0 0 0 0 0 0 0 0 0 0 0 0 0 0 0 0 0 0 0 0 0 0 0 0 0 0 0 0 0 0 0 0 0 0 0 0 0 0 0 0 0 0 0 0 0 0 0 0 0 0 0 0 0 0 0 0 0 0 0 0 0 0 0 0 0 0 0 0 0 0 0 0 0 0 0 0 0 0 0 0 0 0 0 0 0 0 0 0 0 0 0 0 0 0 0 0 0 0 0 0 0 0 0 0 0 0 0 0 0 0 0 0 0 0 0 0 0 0 0 0 0 0 0 0 0 0 0 0 0 0 0 0 0 0 0 0 0 0 0 0 0 0 0 0 0 0 0 0 0 0 0 0 0 0 0 0 0 0 0 0 0 0 0 0 0 0 0 0 0 0 0 0 0 0 0 0 0 0 0 0 0 0 0 0 0 0 0 0 0 0 0 0 0 0 0 0 0 0 0 0 0 0 0 0 0 0 0 0 0 0 0 0 0 0 0 0 0 0 0 0 0 0 0 0 0 0 0 0 0 0 0 0 0 0 0 0 0 0 0 0 0 0 0 0 0 0 0 0 0 0 0 0 0 0 0 0 0 0 0 0 0 0 0 0 0 0 0 0 0 0 0 0 0 0 0 0 0 0 0 0 0 0 0 0 0 0 0 0 0 0 0 0 0 0 0 0 0 0 0 0 0 0 0 0 0 0 0 0 0 0 0 0 0 0 0 0 0 0 0 0 0 0 0 0 0 0 0 0 0 0 0 0 0 0 0 0 0 0 0 0 0 0 0 0 0 0 0 0 0 0 0 0 0 0 0 0 0 0 0 0 0 0 0 0 0 0 0 0 0 0 0 0 0 0 0 0 0 0 0 0 0 0 0 0 0 0 0 0 0 0 0 0 0 0 0 0 0 0 0 0 0 0 0 0 0 0 0 0 0 0 0 0 0 0 0 0 0 0 0 0 0 0 0 0 0 0 0 0 0 0 0 0 0 0 0 0 0 0 0 0 0 0 0 0 0 0 0 0 0 0 0 0 0 0 0 0 0 0 0 0 0 0 0 0 0 0 0 0 0 0 0 0 0 0 0 0 0 0 0 0 0 0 0 0 0 0 0 0 0 0 0 0 0 0 0 0 0 0 0 0 0 0 0 0 0 0 0 0 0 0 0 0 0 0 0 0 0 0 0 0 0 0 0 0 0 0 0 0 0 0 0 0 0 0 0 0 0 0 0 0 0 0 0 0 0 0 0 0 0 0 0 0 0 0 0 0 0 0 0 0 0 0 0 0 0 0 0 0 0 0 0 0 0 0 0 0 0 0 0 0 0 0 0 0 0 0 0 0 0 0 0 0 0 0 0 0 0 0 0 0 0 0 0 0 0 0 0 0 0 0 0 0 0 0 0 0 0 0 0 0 0 0 0 0 0 0 0 0 0 0 0 0 0 0 0 0 0 0 0 0 0 0 0 0 0 0 0 0 0 0 0 0 0 0 0 0 0 0 0 0 0 0 0 0 0 0 0 0 0 0 0 0 0 0 0 0 0 0 0 0 0 0 0 0 0 0 0 0 0 0 0 0 0 0 0 0 0 0 0 0 0 0 0 0 0 0 0 0 0 0 0 0 0 0 0 0 0 0 0 0 0 0 0 0 0 0 0 0 0 0 0 0 0 0 0 0 0 0 0 0 0 0 0 0 0 0 0 0 0 0 0 0 0 0 0 0 0 0 0 0 0 0 0 0 0 0 0 0 0 0 0 0 0 0 0 0 0 0 0 0 0 0 0 0 0 0 0 0 0 0 0 0 0 0 0 0 0 0 0 0 0 0 0 0 0 0 0 0 0 0 0 0 0 0 0 0 0 0 0 0 0 0 0 0 0 0 0 0 0 0 0 0 0 0 0 0 0 0 0 0 0 0 0 0 0 0 0 0 0 0 0 0 0 0 0 0 0 0 0 0 0 0 0 0 0 0 0 0 0 0 0 0 0 0 0 0 0 0 0 0 0 0 0 0 0 0 0 0 0 0 0 0 0 0 0 0 0 0 0 0 0 0 0 0 0 0 0 0 0 0 0 0 0 0 0 0 0 0 0 0 0 0 0 0 0 0 0 0 0 0 0 0 0 0 0 0 0 0 0 0 0 0 0 0 0 0 0 0 0 0 0 0 0 0 0 0 0 0 0 0 0 0 0 0 0 0 0 0 0 0 0 0 0 0 0 0 0 0 0 0 0 0 0 0 0 0 0 0 0 0 0 0 0 0 0 0 0 0 0 0 0 0 0 0 0 0 0 0 0 0 0 0 0 0 0 0 0 0 0 0 0 0 0 0 0 0 0 0 0 0 0 0 0 0 0 0 0 0 0 0 0 0 0 0 0 0 0 0 0 0 0 0 0 0 0 0 0 0 0 0 0 0 0 0 0 0 0 0 0 0 0 0 0 0 0 0 0 0 0 0 0 0 0 0 0 0 0 0 0 0 0 0 0 0 0 0 0 0 0 0 0 0 0 0 0 0 0 0 0 0 0 0 0 0 0 0 0 0 0 0 0 0 0 0 0 0 0 0 0 0 0 0 0 0 0 0 0 0 0 0 0 0 0 0 0 0 0 0 0 0 0 0 0 0 0 0 0 0 0 0 0 0 0 0 0 0 0 0 0 0 0 0 0 0 0 0 0 0 0 0 0 0 0 0 0 0 0 0 0 0 0 0 0 0 0 0 0 0 0 0 0 0 0 0 0 0 0 0 0 0 0 0 0 0 0 0 0 0 0 0 0 0 0 0 0 0 0 0 0 0 0 0 0 0 0 0 0 0 0 0 0 0 0 0 0 0 0 0 0 0 0 0 0 0 0 0 0 0 0 0 0 0 0 0 0 0 0 0 0 0 0 0 0 0 0 0 0 0 0 0 0 0 0 0 0 0 0 0 0 0 0 0 0 0 0 0 0 0 0 0 0 0 0 0 0 0 0 0 0 0 0 0 0 0 0 0 0 0 0 0 0 0 0 0 0 0 0 0 0 0 0 0 0 0 0 0 0 0 0 0 0 0 0 0 0 0 0 0 0 0 0 0 0 0 0 0 0 0 0 0 0 0 0 0 0 0 0 0 0 0 0 0 0 0 0 0 0 0 0 0 0 0 0 0 0 0 0 0 0 0 0 0 0 0 0 0 0 0 0 0 0 0 0 0 0 0 0 0 0 0 0 0 0 0 0 0 0 0 0 0 0 0 0 0 0 0 0 0 0 0 0 0 0 0 0 0 0 0 0 0 0 0 0 0 0 0 0 0 0 0 0 0 0 0 0 0 0 0 0 0 0 0 0 0 0 0 0 0 0 0 0 0 0 0 0 0 0 0 0 0 0 0 0 0 0 0 0 0 0 0 0 0 0 0 0 0 0 0 0 0 0 0 0 0 0 0 0 0 0 0 0 0 0 0 0 0 0 0 0 0 0 0 0 0 0 0 0 0 0 0 0 0 0 0 0 0 0 0 0 0 0 0 0 0 0 0 0 0 0 0 0 0 0 0 0 0 0 0 0 0 0 0 0 0 0 0 0 0 0 0 0 0 0 0 0 0 0 0 0 0 0 0 0 0 0 0 0 0 0 0 0 0 0 0 0 0 0 0 0 0 0 0 0 0 0 0 0 0 0 0 0 0 0 0 0 0 0 0 0 0 0 0 0 0 0 0 0 0 0 0 0 0 0 0 0 0 0 0 0 0 0 0 0 0 0 0 0 0 0 0 0 0 0 0 0 0 0 0 0 0 0 0 0 0 0 0 0 0 0 0 0 0 0 0 0 0 0 0 0 0 0 0 0 0 0 0 0 0 0 0 0 0 0 0 0 0 0 0 0 0 0 0 0 0 0 0 0 0 0 0 0 0 0 0 0 0 0 0 0 0 0 0 0 0 0 0 0 0 0 0 0 0 0 0 0 0 0 0 0 0 0 0 0 0 0 0 0 0 0 0 0 0 0 0 0 0 0 0 0 0 0 0 0 0 0 0 0 0 0 0 0 0 0 0 0 0 0 0 0 0 0 0 0 0 0 0 0 0 0 0 0 0 0 0 0 0 0 0 0 0 0 0 0 0 0 0 0 0 0 0 0 0 0 0 0 0 0 0 0 0 0 0 0 0 0 0 0 0 0 0 0 0 0 0 0 0 0 0 0 0 0 0 0 0 0 0 0 0 0 0 0 0 0 0 0 0 0 0 0 0 0 0 0 0 0 0 0 0 0 0 0 0 0 0 0 0 0 0 0 0 0 0 0 0 0 0 0 0 0 0 0 0 0 0 0 0 0 0 0 0 0 0 0 0 0 0 0 0 0 0 0 0 0 0 0 0 0 0 0 0 0 0 0 0 0 0 0 0 0 0 0 0 0 0 0 0 0 0 0 0 0 0 0 0 0 0 0 0 0 0 0 0 0 0 0 0 0 0 0 0 0 0 0 0 0 0 0 0 0 0 0 0 0 0 0 0 0 0 0 0 0 0 0 0 0 0 0 0 0 0 0 0 0 0 0 0 0 0 0 0 0 0 0 0 0 0 0 0 0 0 0 0 0 0 0 0 0 0 0 0 0 0 0 0 0 0 0 0 0 0 0 0 0 0 0 0 0 0 0 0 0 0 0 0 0 0 0 0 0 0 0 0 0 0 0 0 0 0 0 0 0 0 0 0 0 0 0 0 0 0 0 0 0 0 0 0 0 0 0 0 0 0 0 0 0 0 0 0 0 0 0 0 0 0 0 0 0 0 0 0 0 0 0 0 0 0 0 0 0 0 0 0 0 0 0 0 0 0 0 0 0 0 0 0 0 0 0 0 0 0 0 0 0 0 0 0 0 0 0 0 0 0 0 0 0 0 0 0 0 0 0 0 0 0 0 0 0 0 0 0 0 0 0 0 0 0 0 0 0 0 0 0 0 0 0 0 0 0 0 0 0 0 0 0 0 0 0 0 0 0 0 0 0 0 0 0 0 0 0 0 0 0 0 0 0 0 0 0 0 0 0 0 0 0 0 0 0 0 0 0 0 0 0 0 0 0 0 0 0 0 0 0 0 0 0 0 0 0 0 0 0 0 0 0 0 0 0 0 0 0 0 0 0 0 0 0 0 0 0 0 0 0 0 0 0 0 0 0 0 0 0 0 0 0 0 0 0 0 0 0 0 0 0 0 0 0 0 0 0 0 0 0 0 0 0 0 0 0 0 0 0 0 0 0 0 0 0 0 0 0 0 0 0 0 0 0 0 0 0 0 0 0 0 0 0 0 0 0 0 0 0 0 0 0 0 0 0 0 0 0 0 0 0 0 0 0 0 0 0 0 0 0 0 0 0 0 0 0 0 0 0 0 0 0 0 0 0 0 0 0 0 0 0 0 0 0 0 0 0 0 0 0 0 0 0 0 0 0 0 0 0 0 0 0 0 0 0 0 0 0 0 0 0 0 0 0 0 0 0 0 0 0 0 0 0 0 0 0 0 0 0 0 0 0 0 0 0 0 0 0 0 0 0 0 0 0 0 0 0 0 0 0 0 0 0 0 0 0 0 0 0 0 0 0 0 0 0 0 0 0 0 0 0 0 0 0 0 0 0 0 0 0 0 0 0 0 0 0 0 0 0 0 0 0 0 0 0 0 0 0 0 0 0 0 0 0 0 0 0 0 0 0 0 0 0 0 0 0 0 0 0 0 0 0 0 0 0 0 0 0 0 0 0 0 0 0 0 0 0 0 0 0 0 0 0 0 0 0 0 0 0 0 0 0 0 0 0 0 0 0 0 0 0 0 0 0 0 0 0 0 0 0 0 0 0 0 0 0 0 0 0 0 0 0 0 0 0 0 0 0 0 0 0 0 0 0 0 0 0 0 0 0 0 0 0 0 0 0 0 0 0 0 0 0 0 0 0 0 0 0 0 0 0 0 0 0 0 0 0 0 0 0 0 0 0 0 0 0 0 0 0 0 0 0 0 0 0 0 0 0 0 0 0 0 0 0 0 0 0 0 0 0 0 0 0 0 0 0 0 0 0 0 0 0 0 0 0 0 0 0 0 0 0 0 0 0 0 0 0 0 0 0 0 0 0 0 0 0 0 0 0 0 0 0 0 0 0 0 0 0 0 0 0 0 0 0 0 0 0 0 0 0 0 0 0 0 0 0 0 0 0 0 0 0 0 0 0 0 0 0 0 0 0 0 0 0 0 0 0 0 0 0 0 0 0 0 0 0 0 0 0 0 0 0 0 0 0 0 0 0 0 0 0 0 0 0 0 0 0 0 0 0 0 0 0 0 0 0 0 0 0 0 0 0 0 0 0 0 0 0 0 0 0 0 0 0 0 0 0 0 0 0 0 0 0 0 0 0 0 0 0 0 0 0 0 0 0 0 0 0 0 0 0 0 0 0 0 0 0 0 0 0 0 0 0 0 0 0 0 0 0 0 0 0 0 0 0 0 0 0 0 0 0 0 0 0 0 0 0 0 0 0 0 0 0 0 0 0 0 0 0 0 0 0 0 0 0 0 0 0 0 0 0 0 0 0 0 0 0 0 0 0 0 0 0 0 0 0 0 0 0 0 0 0 0 0 0 0 0 0 0 0 0 0 0 0 0 0 0 0 0 0 0 0 0 0 0 0 0 0 0 0 0 0 0 0 0 0 0 0 0 0 0 0 0 0 0 0 0 0 0 0 0 0 0 0 0 0 0 0 0 0 0 0 0 0 0 0 0 0 0 0 0 0 0 0 0 0 0 0 0 0 0 0 0 0 0 0 0 0 0 0 0 0 0 0 0 0 0 0 0 0 0 0 0 0 0 0 0 0 0 0 0 0 0 0 0 0 0 0 0 0 0 0 0 0 0 0 0 0 0 0 0 0 0 0 0 0 0 0 0 0 0 0 0 0 0 0 0 0 0 0 0 0 0 0 0 0 0 0 0 0 0 0 0 0 0 0 0 0 0 0 0 0 0 0 0 0 0 0 0 0 0 0 0 0 0 0 0 0 0 0 0 0 0 0 0 0 0 0 0 0 0 0 0 0 0 0 0 0 0 0 0 0 0 0 0 0 0 0 0 0 0 0 0 0 0 0 0 0 0 0 0 0 0 0 0 0 0 0 0 0 0 0 0 0 0 0 0 0 0 0 0 0 0 0 0 0 0 0 0 0 0 0 0 0 0 0 0 0 0 0 0 0 0 0 0 0 0 0 0 0 0 0 0 0 0 0 0 0 0 0 0 0 0 0 0 0 0 0 0 0 0 0 0 0 0 0 0 0 0 0 0 0 0 0 0 0 0 0 0 0 0 0 0 0 0 0 0 0 0 0 0 0 0 0 0 0 0 0 0 0 0 0 0 0 0 0 0 0 0 0 0 0 0 0 0 0 0 0 0 0 0 0 0 0 0 0 0 0 0 0 0 0 0 0 0 0 0 0 0 0 0 0 0 0 0 0 0 0 0 0 0 0 0 0 0 0 0 0 0 0 0 0 0 0 0 0 0 0 0 0 0 0 0 0 0 0 0 0 0 0 0 0 0 0 0 0 0 0 0 0 0 0 0 0 0 0 0 0 0 0 0 0 0 0 0 0 0 0 0 0 0 0 0 0 0 0 0 0 0 0 0 0 0 0 0 0 0 0 0 0 0 0 0 0 0 0 0 0 0 0 0 0 0 0 0 0 0 0 0 0 0 0 0 0 0 0 0 0 0 0 0 0 0 0 0 0 0 0 0 0 0 0 0 0 0 0 0 0 0 0 0 0 0 0 0 0 0 0 0 0 0 0 0 0 0 0 0 0 0 0 0 0 0 0 0 0 0 0 0 0 0 0 0 0 0 0 0 0 0 0 0 0 0 0 0 0 0 0 0 0 0 0 0 0 0 0 0 0 0 0 0 0 0 0 0 0 0 0 0 0 0 0 0 0 0 0 0 0 0 0 0 0 0 0 0 0 0 0 0 0 0 0 0 0 0 0 0 0 0 0 0 0 0 0 0 0 0 0 0 0 0 0 0 0 0 0 0 0 0 0 0 0 0 0 0 0 0 0 0 0 0 0 0 0 0 0 0 0 0 0 0 0 0 0 0 0 0 0 0 0 0 0 0 0 0 0 0 0 0 0 0 0 0 0 0 0 0 0 0 0 0 0 0 0 0 0 0 0 0 0 0 0 0 0 0 0 0 0 0 0 0 0 0 0 0 0 0 0 0 0 0 0 0 0 0 0 0 0 0 0 0 0 0 0 0 0 0 0 0 0 0 0 0 0 0 0 0 0 0 0 0 0 0 0 0 0 0 0 0 0 0 0 0 0 0 0 0 0 0 0 0 0 0 0 0 0 0 0 0 0 0 0 0 0 0 0 0 0 0 0 0 0 0 0 0 0 0 0 0 0 0 0 0 0 0 0 0 0 0 0 0 0 0 0 0 0 0 0 0 0 0 0 0 0 0 0 0 0 0 0 0 0 0 0 0 0 0 0 0 0 0 0 0 0 0 0 0 0 0 0 0 0 0 0 0 0 0 0 0 0 0 0 0 0 0 0 0 0 0 0 0 0 0 0 0 0 0 0 0 0 0 0 0 0 0 0 0 0 0 0 0 0 0 0 0 0 0 0 0 0 0 0 0 0 0 0 0 0 0 0 0 0 0 0 0 0 0 0 0 0 0 0 0 0 0 0 0 0 0 0 0 0 0 0 0 0 0 0 0 0 0 0 0 0 0 0 0 0 0 0 0 0 0 0 0 0 0 0 0 0 0 0 0 0 0 0 0 0 0 0 0 0 0 0 0 0 0 0 0 0 0 0 0 0 0 0 0 0 0 0 0 0 0 0 0 0 0 0 0 0 0 0 0 0 0 0 0 0 0 0 0 0 0 0 0 0 0 0 0 0 0 0 0 0 0 0 0 0 0 0 0 0 0 0 0 0 0 0 0 0 0 0 0 0 0 0 0 0 0 0 0 0 0 0 0 0 0 0 0 0 0 0 0 0 0 0 0 0 0 0 0 0 0 0 0 0 0 0 0 0 0 0 0 0 0 0 0 0 0 0 0 0 0 0 0 0 0 0 0 0 0 0 0 0 0 0 0 0 0 0 0 0 0 0 0 0 0 0 0 0 0 0 0 0 0 0 0 0 0 0 0 0 0 0 0 0 0 0 0 0 0 0 0 0 0 0 0 0 0 0 0 0 0 0 0 0 0 0 0 0 0 0 0 0 0 0 0 0 0 0 0 0 0 0 0 0 0 0 0 0 0 0 0 0 0 0 0 0 0 0 0 0 0 0 0 0 0 0 0 0 0 0 0 0 0 0 0 0 0 0 0 0 0 0 0 0 0 0 0 0 0 0 0 0 0 0 0 0 0 0 0 0 0 0 0 0 0 0 0 0 0 0 0 0 0 0 0 0 0 0 0 0 0 0 0 0 0 0 0 0 0 0 0 0 0 0 0 0 0 0 0 0 0 0 0 0 0 0 0 0 0 0 0 0 0 0 0 0 0 0 0 0 0 0 0 0 0 0 0 0 0 0 0 0 0 0 0 0 0 0 0 0 0 0 0 0 0 0 0 0 0 0 0 0 0 0 0 0 0 0 0 0 0 0 0 0 0 0 0 0 0 0 0 0 0 0 0 0 0 0 0 0 0 0 0 0 0 0 0 0 0 0 0 0 0 0 0 0 0 0 0 0 0 0 0 0 0 0 0 0 0 0 0 0 0 0 0 0 0 0 0 0 0 0 0 0 0 0 0 0 0 0 0 0 0 0 0 0 0 0 0 0 0 0 0 0 0 0 0 0 0 0 0 0 0 0 0 0 0 0 0 0 0 0 0 0 0 0 0 0 0 0 0 0 0 0 0 0 0 0 0 0 0 0 0 0 0 0 0 0 0 0 0 0 0 0 0 0 0 0 0 0 0 0 0 0 0 0 0 0 0 0 0 0 0 0 0 0 0 0 0 0 0 0 0 0 0 0 0 0 0 0 0 0 0 0 0 0 0 0 0 0 0 0 0 0 0 0 0 0 0 0 0 0 0 0 0 0 0 0 0 0 0 0 0 0 0 0 0 0 0 0 0 0 0 0 0 0 0 0 0 0 0 0 0 0 0 0 0 0 0 0 0 0 0 0 0 0 0 0 0 0 0 0 0 0 0 0 0 0 0 0 0 0 0 0 0 0 0 0 0 0 0 0 0 0 0 0 0 0 0 0 0 0 0 0 0 0 0 0 0 0 0 0 0 0 0 0 0 0 0 0 0 0 0 0 0 0 0 0 0 0 0 0 0 0 0 0 0 0 0 0 0 0 0 0 0 0 0 0 0 0 0 0 0 0 0 0 0 0 0 0 0 0 0 0 0 0 0 0 0 0 0 0 0 0 0 0 0 0 0 0 0 0 0 0 0 0 0 0 0 0 0 0 0 0 0 0 0 0 0 0 0 0 0 0 0 0 0 0 0 0 0 0 0 0 0 0 0 0 0 0 0 0 0 0 0 0 0 0 0 0 0 0 0 0 0 0 0 0 0 0 0 0 0 0 0 0 0 0 0 0 0 0 0 0 0 0 0 0 0 0 0 0 0 0 0 0 0 0 0 0 0 0 0 0 0 0 0 0 0 0 0 0 0 0 0 0 0 0 0 0 0 0 0 0 0 0 0 0 0 0 0 0 0 0 0 0 0 0 0 0 0 0 0 0 0 0 0 0 0 0 0 0 0 0 0 0 0 0 0 0 0 0 0 0 0 0 0 0 0 0 0 0 0 0 0 0 0 0 0 0 0 0 0 0 0 0 0 0 0 0 0 0 0 0 0 0 0 0 0 0 0 0 0 0 0 0 0 0 0 0 0 0 0 0 0 0 0 0 0 0 0 0 0 0 0 0 0 0 0 0 0 0 0 0 0 0 0 0 0 0 0 0 0 0 0 0 0 0 0 0 0 0 0 0 0 0 0 0 0 0 0 0 0 0 0 0 0 0 0 0 0 0 0 0 0 0 0 0 0 0 0 0 0 0 0 0 0 0 0 0 0 0 0 0 0 0 0 0 0 0 0 0 0 0 0 0 0 0 0 0 0 0 0 0 0 0 0 0 0 0 0 0 0 0 0 0 0 0 0 0 0 0 0 0 0 0 0 0 0 0 0 0 0 0 0 0 0 0 0 0 0 0 0 0 0 0 0 0 0 0 0 0 0 0 0 0 0 0 0 0 0 0 0 0 0 0 0 0 0 0 0 0 0 0 0 0 0 0 0 0 0 0 0 0 0 0 0 0 0 0 0 0 0 0 0 0 0 0 0 0 0 0 0 0 0 0 0 0 0 0 0 0 0 0 0 0 0 0 0 0 0 0 0 0 0 0 0 0 0 0 0 0 0 0 0 0 0 0 0 0 0 0 0 0 0 0 0 0 0 0 0 0 0 0 0 0 0 0 0 0 0 0 0 0 0 0 0 0 0 0 0 0 0 0 0 0 0 0 0 0 0 0 0 0 0 0 0 0 0 0 0 0 0 0 0 0 0 0 0 0 0 0 0 0 0 0 0 0 0 0 0 0 0 0 0 0 0 0 0 0 0 0 0 0 0 0 0 0 0 0 0 0 0 0 0 0 0 0 0 0 0 0 0 0 0 0 0 0 0 0 0 0 0 0 0 0 0 0 0 0 0 0 0 0 0 0 0 0 0 0 0 0 0 0 0 0 0 0 0 0 0 0 0 0 0 0 0 0 0 0 0 0 0 0 0 0 0 0 0 0 0 0 0 0 0 0 0 0 0 0 0 0 0 0 0 0 0 0 0 0 0 0 0 0 0 0 0 0 0 0 0 0 0 0 0 0 0 0 0 0 0 0 0 0 0 0 0 0 0 0 0 0 0 0 0 0 0 0 0 0 0 0 0 0 0 0 0 0 0 0 0 0 0 0 0 0 0 0 0 0 0 0 0 0 0 0 0 0 0 0 0 0 0 0 0 0 0 0 0 0 0 0 0 0 0 0 0 0 0 0 0 0 0 0 0 0 0 0 0 0 0 0 0 0 0 0 0 0 0 0 0 0 0 0 0 0 0 0 0 0 0 0 0 0 0 0 0 0 0 0 0 0 0 0 0 0 0 0 0 0 0 0 0 0 0 0 0 0 0 0 0 0 0 0 0 0 0 0 0 0 0 0 0 0 0 0 0 0 0 0 0 0 0 0 0 0 0 0 0 0 0 0 0 0 0 0 0 0 0 0 0 0 0 0 0 0 0 0 0 0 0 0 0 0 0 0 0 0 0 0 0 0 0 0 0 0 0 0 0 0 0 0 0 0 0 0 0 0 0 0 0 0 0 0 0 0 0 0 0 0 0 0 0 0 0 0 0 0 0 0 0 0 0 0 0 0 0 0 0 0 0 0 0 0 0 0 0 0 0 0 0 0 0 0 0 0 0 0 0 0 0 0 0 0 0 0 0 0 0 0 0 0 0 0 0 0 0 0 0 0 0 0 0 0 0 0 0 0 0 0 0 0 0 0 0 0 0 0 0 0 0 0 0 0 0 0 0 0 0 0 0 0 0 0 0 0 0 0 0 0 0 0 0 0 0 0 0 0 0 0 0 0 0 0 0 0 0 0 0 0 0 0 0 0 0 0 0 0 0 0 0 0 0 0 0 0 0 0 0 0 0 0 0 0 0 0 0 0 0 0 0 0 0 0 0 0 0 0 0 0 0 0 0 0 0 0 0 0 0 0 0 0 0 0 0 0 0 0 0 0 0 0 0 0 0 0 0 0 0 0 0 0 0 0 0 0 0 0 0 0 0 0 0 0 0 0 0 0 0 0 0 0 0 0 0 0 0 0 0 0 0 0 0 0 0 0 0 0 0 0 0 0 0 0 0 0 0 0 0 0 0 0 0 0 0 0 0 0 0 0 0 0 0 0 0 0 0 0 0 0 0 0 0 0 0 0 0 0 0 0 0 0 0 0 0 0 0 0 0 0 0 0 0 0 0 0 0 0 0 0 0 0 0 0 0 0 0 0 0 0 0 0 0 0 0 0 0 0 0 0 0 0 0 0 0 0 0 0 0 0 0 0 0 0 0 0 0 0 0 0 0 0 0 0 0 0 0 0 0 0 0 0 0 0 0 0 0 0 0 0 0 0 0 0 0 0 0 0 0 0 0 0 0 0 0 0 0 0 0 0 0 0 0 0 0 0 0 0 0 0 0 0 0 0 0 0 0 0 0 0 0 0 0 0 0 0 0 0 0 0 0 0 0 0 0 0 0 0 0 0 0 0 0 0 0 0 0 0 0 0 0 0 0 0 0 0 0 0 0 0 0 0 0 0 0 0 0 0 0 0 0 0 0 0 0 0 0 0 0 0 0 0 0 0 0 0 0 0 0 0 0 0 0 0 0 0 0 0 0 0 0 0 0 0 0 0 0 0 0 0 0 0 0 0 0 0 0 0 0 0 0 0 0 0 0 0 0 0 0 0 0 0 0 0 0 0 0 0 0 0 0 0 0 0 0 0 0 0 0 0 0 0 0 0 0 0 0 0 0 0 0 0 0 0 0 0 0 0 0 0 0 0 0 0 0 0 0 0 0 0 0 0 0 0 0 0 0 0 0 0 0 0 0 0 0 0 0 0 0 0 0 0 0 0 0 0 0 0 0 0 0 0 0 0 0 0 0 0 0 0 0 0 0 0 0 0 0 0 0 0 0 0 0 0 0 0 0 0 0 0 0 0 0 0 0 0 0 0 0 0 0 0 0 0 0 0 0 0 0 0 0 0 0 0 0 0 0 0 0 0 0 0 0 0 0 0 0 0 0 0 0 0 0 0 0 0 0 0 0 0 0 0 0 0 0 0 0 0 0 0 0 0 0 0 0 0 0 0 0 0 0 0 0 0 0 0 0 0 0 0 0 0 0 0 0 0 0 0 0 0 0 0 0 0 0 0 0 0 0 0 0 0 0 0 0 0 0 0 0 0 0 0 0 0 0 0 0 0 0 0 0 0 0 0 0 0 0 0 0 0 0 0 0 0 0 0 0 0 0 0 0 0 0 0 0 0 0 0 0 0 0 0 0 0 0 0 0 0 0 0 0 0 0 0 0 0 0 0 0 0 0 0 0 0 0 0 0 0 0 0 0 0 0 0 0 0 0 0 0 0 0 0 0 0 0 0 0 0 0 0 0 0 0 0 0 0 0 0 0 0 0 0 0 0 0 0 0 0 0 0 0 0 0 0 0 0 0 0 0 0 0 0 0 0 0 0 0 0 0 0 0 0 0 0 0 0 0 0 0 0 0 0 0 0 0 0 0 0 0 0 0 0 0 0 0 0 0 0 0 0 0 0 0 0 0 0 0 0 0 0 0 0 0 0 0 0 0 0 0 0 0 0 0 0 0 0 0 0 0 0 0 0 0 0 0 0 0 0 0 0 0 0 0 0 0 0 0 0 0 0 0 0 0 0 0 0 0 0 0 0 0 0 0 0 0 0 0 0 0 0 0 0 0 0 0 0 0 0 0 0 0 0 0 0 0 0 0 0 0 0 0 0 0 0 0 0 0 0 0 0 0 0 0 0 0 0 0 0 0 0 0 0 0 0 0 0 0 0 0 0 0 0 0 0 0 0 0 0 0 0 0 0 0 0 0 0 0 0 0 0 0 0 0 0 0 0 0 0 0 0 0 0 0 0 0 0 0 0 0 0 0 0 0 0 0 0 0 0 0 0 0 0 0 0 0 0 0 0 0 0 0 0 0 0 0 0 0 0 0 0 0 0 0 0 0 0 0 0 0 0 0 0 0 0 0 0 0 0 0 0 0 0 0 0 0 0 0 0 0 0 0 0 0 0 0 0 0 0 0 0 0 0 0 0 0 0 0 0 0 0 0 0 0 0 0 0 0 0 0 0 0 0 0 0 0 0 0 0 0 0 0 0 0 0 0 0 0 0 0 0 0 0 0 0 0 0 0 0 0 0 0 0 0 0 0 0 0 0 0 0 0 0 0 0 0 0 0 0 0 0 0 0 0 0 0 0 0 0 0 0 0 0 0 0 0 0 0 0 0 0 0 0 0 0 0 0 0 0 0 0 0 0 0 0 0 0 0 0 0 0 0 0 0 0 0 0 0 0 0 0 0 0 0 0 0 0 0 0 0 0 0 0 0 0 0 0 0 0 0 0 0 0 0 0 0 0 0 0 0 0 0 0 0 0 0 0 0 0 0 0 0 0 0 0 0 0 0 0 0 0 0 0 0 0 0 0 0 0 0 0 0 0 0 0 0 0 0 0 0 0 0 0 0 0 0 0 0 0 0 0 0 0 0 0 0 0 0 0 0 0 0 0 0 0 0 0 0 0 0 0 0 0 0 0 0 0 0 0 0 0 0 0 0 0 0 0 0 0 0 0 0 0 0 0 0 0 0 0 0 0 0 0 0 0 0 0 0 0 0 0 0 0 0 0 0 0 0 0 0 0 0 0 0 0 0 0 0 0 0 0 0 0 0 0 0 0 0 0 0 0 0 0 0 0 0 0 0 0 0 0 0 0 0 0 0 0 0 0 0 0 0 0 0 0 0 0 0 0 0 0 0 0 0 0 0 0 0 0 0 0 0 0 0 0 0 0 0 0 0 0 0 0 0 0 0 0 0 0 0 0 0 0 0 0 0 0 0 0 0 0 0 0 0 0 0 0 0 0 0 0 0 0 0 0 0 0 0 0 0 0 0 0 0 0 0 0 0 0 0 0 0 0 0 0 0 0 0 0 0 0 0 0 0 0 0 0 0 0 0 0 0 0 0 0 0 0 0 0 0 0 0 0 0 0 0 0 0 0 0 0 0 0 0 0 0 0 0 0 0 0 0 0 0 0 0 0 0 0 0 0 0 0 0 0 0 0 0 0 0 0 0 0 0 0 0 0 0 0 0 0 0 0 0 0 0 0 0 0 0 0 0 0 0 0 0 0 0 0 0 0 0 0 0 0 0 0 0 0 0 0 0 0 0 0 0 0 0 0 0 0 0 0 0 0 0 0 0 0 0 0 0 0 0 0 0 0 0 0 0 0 0 0 0 0 0 0 0 0 0 0 0 0 0 0 0 0 0 0 0 0 0 0 0 0 0 0 0 0 0 0 0 0 0 0 0 0 0 0 0 0 0 0 0 0 0 0 0 0 0 0 0 0 0 0 0 0 0 0 0 0 0 0 0 0 0 0 0 0 0 0 0 0 0 0 0 0 0 0 0 0 0 0 0 0 0 0 0 0 0 0 0 0 0 0 0 0 0 0 0 0 0 0 0 0 0 0 0 0 0 0 0 0 0 0 0 0 0 0 0 0 0 0 0 0 0 0 0 0 0 0 0 0 0 0 0 0 0 0 0 0 0 0 0 0 0 0 0 0 0 0 0 0 0 0 0 0 0 0 0 0 0 0 0 0 0 0 0 0 0 0 0 0 0 0 0 0 0 0 0 0 0 0 0 0 0 0 0 0 0 0 0 0 0 0 0 0 0 0 0 0 0 0 0 0 0 0 0 0 0 0 0 0 0 0 0 0 0 0 0 0 0 0 0 0 0 0 0 0 0 0 0 0 0 0 0 0 0 0 0 0 0 0 0 0 0 0 0 0 0 0 0 0 0 0 0 0 0 0 0 0 0 0 0 0 0 0 0 0 0 0 0 0 0 0 0 0 0 0 0 0 0 0 0 0 0 0 0 0 0 0 0 0 0 0 0 0 0 0 0 0 0 0 0 0 0 0 0 0 0 0 0 0 0 0 0 0 0 0 0 0 0 0 0 0 0 0 0 0 0 0 0 0 0 0 0 0 0 0 0 0 0 0 0 0 0 0 0 0 0 0 0 0 0 0 0 0 0 0 0 0 0 0 0 0 0 0 0 0 0 0 0 0 0 0 0 0 0 0 0 0 0 0 0 0 0 0 0 0 0 0 0 0 0 0 0 0 0 0 0 0 0 0 0 0 0 0 0 0 0 0 0 0 0 0 0 0 0 0 0 0 0 0 0 0 0 0 0 0 0 0 0 0 0 0 0 0 0 0 0 0 0 0 0 0 0 0 0 0 0 0 0 0 0 0 0 0 0 0 0 0 0 0 0 0 0 0 0 0 0 0 0 0 0 0 0 0 0 0 0 0 0 0 0 0 0 0 0 0 0 0 0 0 0 0 0 0 0 0 0 0 0 0 0 0 0 0 0 0 0 0 0 0 0 0 0 0 0 0 0 0 0 0 0 0 0 0 0 0 0 0 0 0 0 0 0 0 0 0 0 0 0 0 0 0 0 0 0 0 0 0 0 0 0 0 0 0 0 0 0 0 0 0 0 0 0 0 0 0 0 0 0 0 0 0 0 0 0 0 0 0 0 0 0 0 0 0 0 0 0 0 0 0 0 0 0 0 0 0 0 0 0 0 0 0 0 0 0 0 0 0 0 0 0 0 0 0 0 0 0 0 0 0 0 0 0 0 0 0 0 0 0 0 0 0 0 0 0 0 0 0 0 0 0 0 0 0 0 0 0 0 0 0 0 0 0 0 0 0 0 0 0 0 0 0 0 0 0 0 0 0 0 0 0 0 0 0 0 0 0 0 0 0 0 0 0 0 0 0 0 0 0 0 0 0 0 0 0 0 0 0 0 0 0 0 0 0 0 0 0 0 0 0 0 0 0 0 0 0 0 0 0 0 0 0 0 0 0 0 0 0 0 0 0 0 0 0 0 0 0 0 0 0 0 0 0 0 0 0 0 0 0 0 0 0 0 0 0 0 0 0 0 0 0 0 0 0 0 0 0 0 0 0 0 0 0 0 0 0 0 0 0 0 0 0 0 0 0 0 0 0 0 0 0 0 0 0 0 0 0 0 0 0 0 0 0 0 0 0 0 0 0 0 0 0 0 0 0 0 0 0 0 0 0 0 0 0 0 0 0 0 0 0 0 0 0 0 0 0 0 0 0 0 0 0 0 0 0 0 0 0 0 0 0 0 0 0 0 0 0 0 0 0 0 0 0 0 0 0 0 0 0 0 0 0 0 0 0 0 0 0 0 0 0 0 0 0 0 0 0 0 0 0 0 0 0 0 0 0 0 0 0 0 0 0 0 0 0 0 0 0 0 0 0 0 0 0 0 0 0 0 0 0 0 0 0 0 0 0 0 0 0 0 0 0 0 0 0 0 0 0 0 0 0 0 0 0 0 0 0 0 0 0 0 0 0 0 0 0 0 0 0 0 0 0 0 0 0 0 0 0 0 0 0 0 0 0 0 0 0 0 0 0 0 0 0 0 0 0 0 0 0 0 0 0 0 0 0 0 0 0 0 0 0 0 0 0 0 0 0 0 0 0 0 0 0 0 0 0 0 0 0 0 0 0 0 0 0 0 0 0 0 0 0 0 0 0 0 0 0 0 0 0 0 0 0 0 0 0 0 0 0 0 0 0 0 0 0 0 0 0 0 0 0 0 0 0 0 0 0 0 0 0 0 0 0 0 0 0 0 0 0 0 0 0 0 0 0 0 0 0 0 0 0 0 0 0 0 0 0 0 0 0 0 0 0 0 0 0 0 0 0 0 0 0 0 0 0 0 0 0 0 0 0 0 0 0 0 0 0 0 0 0 0 0 0 0 0 0 0 0 0 0 0 0 0 0 0 0 0 0 0 0 0 0 0 0 0 0 0 0 0 0 0 0 0 0 0 0 0 0 0 0 0 0 0 0 0 0 0 0 0 0 0 0 0 0 0 0 0 0 0 0 0 0 0 0 0 0 0 0 0 0 0 0 0 0 0 0 0 0 0 0 0 0 0 0 0 0 0 0 0 0 0 0 0 0 0 0 0 0 0 0 0 0 0 0 0 0 0 0 0 0 0 0 0 0 0 0 0 0 0 0 0 0 0 0 0 0 0 0 0 0 0 0 0 0 0 0 0 0 0 0 0 0 0 0 0 0 0 0 0 0 0 0 0 0 0 0 0 0 0 0 0 0 0 0 0 0 0 0 0 0 0 0 0 0 0 0 0 0 0 0 0 0 0 0 0 0 0 0 0 0 0 0 0 0 0 0 0 0 0 0 0 0 0 0 0 0 0 0 0 0 0 0 0 0 0 0 0 0 0 0 0 0 0 0 0 0 0 0 0 0 0 0 0 0 0 0 0 0 0 0 0 0 0 0 0 0 0 0 0 0 0 0 0 0 0 0 0 0 0 0 0 0 0 0 0 0 0 0 0 0 0 0 0 0 0 0 0 0 0 0 0 0 0 0 0 0 0 0 0 0 0 0 0 0 0 0 0</float_array>
					<technique_common>
						<accessor source="#3001|MB|42-mesh-map-1-array" count="6456" stride="2">
							<param name="S" type="float"/>
							<param name="T" type="float"/>
						</accessor>
					</technique_common>
				</source>
				<source id="3001|MB|42-mesh-map-2">
					<float_array id="3001|MB|42-mesh-map-2-array" count="12912">0 0 0 0 0 0 0 0 0 0 0 0 0.747 0.019 0.747 0.3 0.513 0.019 0.747 0.3 0.513 0.3 0.513 0.019 0 0 0 0 0 0 0 0 0 0 0 0 0 0 0 0 0 0 0 0 0 0 0 0 0 0 0 0 0 0 0 0 0 0 0 0 0 0 0 0 0 0 0 0 0 0 0 0 0 0 0 0 0 0 0 0 0 0 0 0 0 0 0 0 0 0 0 0 0 0 0 0 0 0 0 0 0 0 0 0 0 0 0 0 0 0 0 0 0 0 0 0 0 0 0 0 0 0 0 0 0 0 0 0 0 0 0 0 0 0 0 0 0 0 0 0 0 0 0 0 0 0 0 0 0 0 0 0 0 0 0 0 0 0 0 0 0 0 0 0 0 0 0 0 0 0 0 0 0 0 0 0 0 0 0 0 0 0 0 0 0 0 0 0 0 0 0 0 0 0 0 0 0 0 0 0 0 0 0 0 0 0 0 0 0 0 0 0 0 0 0 0 0 0 0 0 0 0 0 0 0 0 0 0 0 0 0 0 0 0 0 0 0 0 0 0 0 0 0 0 0 0 0 0 0 0 0 0 0 0 0 0 0 0 0 0 0 0 0 0 0 0 0 0 0 0 0 0 0 0 0 0 0 0 0 0 0 0 0 0 0 0 0 0 0 0 0 0 0 0 0 0 0 0 0 0 0 0 0 0 0 0 0 0 0 0 0 0 0 0 0 0 0 0 0 0 0 0 0 0 0 0 0 0 0 0 0 0 0 0 0 0 0 0 0 0 0 0 0 0 0 0 0 0 0 0 0 0 0 0 0 0 0 0 0 0 0 0 0 0 0 0 0 0 0 0 0 0 0 0 0 0 0 0 0 0 0 0 0 0 0 0 0 0 0 0 0 0 0 0 0 0 0 0 0 0 0 0 0 0 0 0 0 0 0 0 0 0 0 0 0 0 0 0 0 0 0 0 0 0 0 0 0 0 0 0 0 0 0.618 0.696 0.618 0.977 0.5 0.696 0.618 0.977 0.5 0.977 0.5 0.696 0 0 0 0 0 0 0 0 0 0 0 0 0.969 0.696 0.969 0.977 0.853 0.696 0.969 0.977 0.853 0.977 0.853 0.696 0 0 0 0 0 0 0 0 0 0 0 0 0 0 0 0 0 0 0 0 0 0 0 0 0 0 0 0 0 0 0 0 0 0 0 0 0 0 0 0 0 0 0 0 0 0 0 0 0.853 0.696 0.853 0.977 0.735 0.696 0.853 0.977 0.735 0.977 0.735 0.696 0 0 0 0 0 0 0 0 0 0 0 0 0 0 0 0 0 0 0 0 0 0 0 0 0 0 0 0 0 0 0 0 0 0 0 0 0 0 0 0 0 0 0 0 0 0 0 0 0 0 0 0 0 0 0 0 0 0 0 0 0 0 0 0 0 0 0 0 0 0 0 0 0 0 0 0 0 0 0 0 0 0 0 0 0 0 0 0 0 0 0 0 0 0 0 0 0 0 0 0 0 0 0 0 0 0 0 0 0 0 0 0 0 0 0 0 0 0 0 0 0 0 0 0 0 0 0 0 0 0 0 0 0 0 0 0 0 0 0 0 0 0 0 0 0 0 0 0 0 0 0 0 0 0 0 0 0 0 0 0 0 0 0 0 0 0 0 0 0 0 0 0 0 0 0 0 0 0 0 0 0 0 0 0 0 0 0 0 0 0 0 0 0 0 0 0 0 0 0 0 0 0 0 0 0 0 0 0 0 0 0 0 0 0 0 0 0 0 0 0 0 0 0 0 0 0 0 0 0 0 0 0 0 0 0 0 0 0 0 0 0 0 0 0 0 0 0 0 0 0 0 0 0 0 0 0 0 0 0 0 0 0 0 0 0 0 0 0 0 0 0 0 0 0 0 0 0 0 0 0 0 0 0 0 0 0 0 0 0 0 0 0 0 0 0 0 0 0 0 0 0 0 0 0 0 0 0 0 0 0 0 0 0 0 0 0 0 0 0 0 0 0 0 0 0 0 0 0 0 0 0 0 0 0 0 0 0 0 0 0 0 0 0 0 0 0 0 0 0.618 0.696 0.735 0.696 0.618 0.977 0.735 0.696 0.735 0.977 0.618 0.977 0 0 0 0 0 0 0 0 0 0 0 0 0 0 0 0 0 0 0 0 0 0 0 0 0 0 0 0 0 0 0 0 0 0 0 0 0 0 0 0 0 0 0 0 0 0 0 0 0.253 0.019 0.487 0.019 0.253 0.3 0.487 0.019 0.487 0.3 0.253 0.3 0 0 0 0 0 0 0 0 0 0 0 0 0 0 0 0 0 0 0 0 0 0 0 0 0 0 0 0 0 0 0 0 0 0 0 0 0 0 0 0 0 0 0 0 0 0 0 0 0 0 0 0 0 0 0 0 0 0 0 0 0 0 0 0 0 0 0 0 0 0 0 0 0 0 0 0 0 0 0 0 0 0 0 0 0 0 0 0 0 0 0 0 0 0 0 0 0 0 0 0 0 0 0 0 0 0 0 0 0 0 0 0 0 0 0 0 0 0 0 0 0 0 0 0 0 0 0 0 0 0 0 0 0 0 0 0 0 0 0 0 0 0 0 0 0 0 0 0 0 0 0 0 0 0 0 0 0 0 0 0 0 0 0 0 0 0 0 0 0 0 0 0 0 0 0 0 0 0 0 0 0 0 0 0 0 0 0 0 0 0 0 0 0 0 0 0 0 0 0 0 0 0 0 0 0 0 0 0 0 0 0 0 0 0 0 0 0 0 0 0 0 0 0 0 0 0 0 0 0 0 0 0 0 0 0 0 0 0 0 0 0 0 0 0 0 0 0 0 0 0 0 0 0 0 0 0 0 0 0 0 0 0 0 0 0 0 0 0 0 0 0 0 0 0 0 0 0 0 0 0 0 0 0 0 0 0 0 0 0 0 0 0 0 0 0 0 0 0 0 0 0 0 0 0 0 0 0 0 0 0 0 0 0 0 0 0 0 0 0 0 0 0 0 0 0 0 0 0 0 0 0 0 0 0 0 0 0 0 0 0 0 0 0 0 0 0 0 0 0 0 0 0 0 0 0 0 0 0 0 0 0 0 0 0 0 0 0 0 0 0 0 0 0 0 0 0 0 0 0 0 0 0 0 0 0 0 0 0 0 0 0 0 0 0 0 0 0 0 0 0 0 0 0 0 0 0 0 0 0.382 0.696 0.5 0.696 0.382 0.977 0.5 0.696 0.5 0.977 0.382 0.977 0 0 0 0 0 0 0 0 0 0 0 0 0.031 0.696 0.147 0.696 0.031 0.977 0.147 0.696 0.147 0.977 0.031 0.977 0 0 0 0 0 0 0 0 0 0 0 0 0 0 0 0 0 0 0 0 0 0 0 0 0 0 0 0 0 0 0 0 0 0 0 0 0 0 0 0 0 0 0 0 0 0 0 0 0.147 0.696 0.265 0.696 0.147 0.977 0.265 0.696 0.265 0.977 0.147 0.977 0 0 0 0 0 0 0 0 0 0 0 0 0 0 0 0 0 0 0 0 0 0 0 0 0 0 0 0 0 0 0 0 0 0 0 0 0 0 0 0 0 0 0 0 0 0 0 0 0 0 0 0 0 0 0 0 0 0 0 0 0 0 0 0 0 0 0 0 0 0 0 0 0 0 0 0 0 0 0 0 0 0 0 0 0 0 0 0 0 0 0 0 0 0 0 0 0 0 0 0 0 0 0 0 0 0 0 0 0 0 0 0 0 0 0 0 0 0 0 0 0 0 0 0 0 0 0 0 0 0 0 0 0 0 0 0 0 0 0 0 0 0 0 0 0 0 0 0 0 0 0 0 0 0 0 0 0 0 0 0 0 0 0 0 0 0 0 0 0 0 0 0 0 0 0 0 0 0 0 0 0 0 0 0 0 0 0 0 0 0 0 0 0 0 0 0 0 0 0 0 0 0 0 0 0 0 0 0 0 0 0 0 0 0 0 0 0 0 0 0 0 0 0 0 0 0 0 0 0 0 0 0 0 0 0 0 0 0 0 0 0 0 0 0 0 0 0 0 0 0 0 0 0 0 0 0 0 0 0 0 0 0 0 0 0 0 0 0 0 0 0 0 0 0 0 0 0 0 0 0 0 0 0 0 0 0 0 0 0 0 0 0 0 0 0 0 0 0 0 0 0 0 0 0 0 0 0 0 0 0 0 0 0 0 0 0 0 0 0 0 0 0 0 0 0 0 0 0 0 0 0 0 0 0 0 0 0 0 0 0 0 0 0 0 0 0 0 0 0.382 0.696 0.382 0.977 0.265 0.696 0.382 0.977 0.265 0.977 0.265 0.696 0 0 0 0 0 0 0 0 0 0 0 0 0 0 0 0 0 0 0 0 0 0 0 0 0 0 0 0 0 0 0 0 0 0 0 0 0 0 0 0 0 0 0 0 0 0 0 0 0.747 0.019 0.981 0.019 0.747 0.3 0.981 0.019 0.981 0.3 0.747 0.3 0 0 0 0 0 0 0 0 0 0 0 0 0 0 0 0 0 0 0 0 0 0 0 0 0 0 0 0 0 0 0 0 0 0 0 0 0 0 0 0 0 0 0 0 0 0 0 0 0 0 0 0 0 0 0 0 0 0 0 0 0 0 0 0 0 0 0 0 0 0 0 0 0 0 0 0 0 0 0 0 0 0 0 0 0 0 0 0 0 0 0 0 0 0 0 0 0 0 0 0 0 0 0 0 0 0 0 0 0 0 0 0 0 0 0 0 0 0 0 0 0 0 0 0 0 0 0 0 0 0 0 0 0 0 0 0 0 0 0 0 0 0 0 0 0 0 0 0 0 0 0 0 0 0 0 0 0 0 0 0 0 0 0 0 0 0 0 0 0 0 0 0 0 0 0 0 0 0 0 0 0 0 0 0 0 0 0 0 0 0 0 0 0 0 0 0 0 0 0 0 0 0 0 0 0 0 0 0 0 0 0 0 0 0 0 0 0 0 0 0 0 0 0 0 0 0 0 0 0 0 0 0 0 0 0 0 0 0 0 0 0 0 0 0 0 0 0 0 0 0 0 0 0 0 0 0 0 0 0 0 0 0 0 0 0 0 0 0 0 0 0 0 0 0 0 0 0 0 0 0 0 0 0 0 0 0 0 0 0 0 0 0 0 0 0 0 0 0 0 0 0 0 0 0 0 0 0 0 0 0 0 0 0 0 0 0 0 0 0 0 0 0 0 0 0 0 0 0 0 0 0 0 0 0 0 0 0 0 0 0 0 0 0 0 0 0 0 0 0 0 0 0 0 0 0 0 0 0 0 0 0 0 0 0 0 0 0 0 0 0 0 0 0 0 0 0 0 0 0 0 0 0 0 0 0 0 0 0 0 0 0 0 0 0 0 0 0 0 0 0 0 0 0 0 0 0 0 0 0.382 0.354 0.5 0.354 0.382 0.635 0.5 0.354 0.5 0.635 0.382 0.635 0 0 0 0 0 0 0 0 0 0 0 0 0.031 0.354 0.147 0.354 0.031 0.635 0.147 0.354 0.147 0.635 0.031 0.635 0 0 0 0 0 0 0 0 0 0 0 0 0 0 0 0 0 0 0 0 0 0 0 0 0 0 0 0 0 0 0 0 0 0 0 0 0 0 0 0 0 0 0 0 0 0 0 0 0.147 0.354 0.265 0.354 0.147 0.635 0.265 0.354 0.265 0.635 0.147 0.635 0 0 0 0 0 0 0 0 0 0 0 0 0 0 0 0 0 0 0 0 0 0 0 0 0 0 0 0 0 0 0 0 0 0 0 0 0 0 0 0 0 0 0 0 0 0 0 0 0 0 0 0 0 0 0 0 0 0 0 0 0 0 0 0 0 0 0 0 0 0 0 0 0 0 0 0 0 0 0 0 0 0 0 0 0 0 0 0 0 0 0 0 0 0 0 0 0 0 0 0 0 0 0 0 0 0 0 0 0 0 0 0 0 0 0 0 0 0 0 0 0 0 0 0 0 0 0 0 0 0 0 0 0 0 0 0 0 0 0 0 0 0 0 0 0 0 0 0 0 0 0 0 0 0 0 0 0 0 0 0 0 0 0 0 0 0 0 0 0 0 0 0 0 0 0 0 0 0 0 0 0 0 0 0 0 0 0 0 0 0 0 0 0 0 0 0 0 0 0 0 0 0 0 0 0 0 0 0 0 0 0 0 0 0 0 0 0 0 0 0 0 0 0 0 0 0 0 0 0 0 0 0 0 0 0 0 0 0 0 0 0 0 0 0 0 0 0 0 0 0 0 0 0 0 0 0 0 0 0 0 0 0 0 0 0 0 0 0 0 0 0 0 0 0 0 0 0 0 0 0 0 0 0 0 0 0 0 0 0 0 0 0 0 0 0 0 0 0 0 0 0 0 0 0 0 0 0 0 0 0 0 0 0 0 0 0 0 0 0 0 0 0 0 0 0 0 0 0 0 0 0 0 0 0 0 0 0 0 0 0 0 0 0 0 0 0 0 0 0.382 0.354 0.382 0.635 0.265 0.354 0.382 0.635 0.265 0.635 0.265 0.354 0 0 0 0 0 0 0 0 0 0 0 0 0 0 0 0 0 0 0 0 0 0 0 0 0 0 0 0 0 0 0 0 0 0 0 0 0 0 0 0 0 0 0 0 0 0 0 0 0.253 0.019 0.253 0.3 0.019 0.019 0.253 0.3 0.019 0.3 0.019 0.019 0 0 0 0 0 0 0 0 0 0 0 0 0 0 0 0 0 0 0 0 0 0 0 0 0 0 0 0 0 0 0 0 0 0 0 0 0 0 0 0 0 0 0 0 0 0 0 0 0 0 0 0 0 0 0 0 0 0 0 0 0 0 0 0 0 0 0 0 0 0 0 0 0 0 0 0 0 0 0 0 0 0 0 0 0 0 0 0 0 0 0 0 0 0 0 0 0 0 0 0 0 0 0 0 0 0 0 0 0 0 0 0 0 0 0 0 0 0 0 0 0 0 0 0 0 0 0 0 0 0 0 0 0 0 0 0 0 0 0 0 0 0 0 0 0 0 0 0 0 0 0 0 0 0 0 0 0 0 0 0 0 0 0 0 0 0 0 0 0 0 0 0 0 0 0 0 0 0 0 0 0 0 0 0 0 0 0 0 0 0 0 0 0 0 0 0 0 0 0 0 0 0 0 0 0 0 0 0 0 0 0 0 0 0 0 0 0 0 0 0 0 0 0 0 0 0 0 0 0 0 0 0 0 0 0 0 0 0 0 0 0 0 0 0 0 0 0 0 0 0 0 0 0 0 0 0 0 0 0 0 0 0 0 0 0 0 0 0 0 0 0 0 0 0 0 0 0 0 0 0 0 0 0 0 0 0 0 0 0 0 0 0 0 0 0 0 0 0 0 0 0 0 0 0 0 0 0 0 0 0 0 0 0 0 0 0 0 0 0 0 0 0 0 0 0 0 0 0 0 0 0 0 0 0 0 0 0 0 0 0 0 0 0 0 0 0 0 0 0 0 0 0 0 0 0 0 0 0 0 0 0 0 0 0 0 0 0 0 0 0 0 0 0 0 0 0 0 0 0 0 0 0 0 0 0 0 0 0 0 0 0 0 0 0 0 0 0 0 0 0 0 0 0 0 0 0 0 0 0.618 0.354 0.618 0.635 0.5 0.354 0.618 0.635 0.5 0.635 0.5 0.354 0 0 0 0 0 0 0 0 0 0 0 0 0.969 0.354 0.969 0.635 0.853 0.354 0.969 0.635 0.853 0.635 0.853 0.354 0 0 0 0 0 0 0 0 0 0 0 0 0 0 0 0 0 0 0 0 0 0 0 0 0 0 0 0 0 0 0 0 0 0 0 0 0 0 0 0 0 0 0 0 0 0 0 0 0.853 0.354 0.853 0.635 0.735 0.354 0.853 0.635 0.735 0.635 0.735 0.354 0 0 0 0 0 0 0 0 0 0 0 0 0 0 0 0 0 0 0 0 0 0 0 0 0 0 0 0 0 0 0 0 0 0 0 0 0 0 0 0 0 0 0 0 0 0 0 0 0 0 0 0 0 0 0 0 0 0 0 0 0 0 0 0 0 0 0 0 0 0 0 0 0 0 0 0 0 0 0 0 0 0 0 0 0 0 0 0 0 0 0 0 0 0 0 0 0 0 0 0 0 0 0 0 0 0 0 0 0 0 0 0 0 0 0 0 0 0 0 0 0 0 0 0 0 0 0 0 0 0 0 0 0 0 0 0 0 0 0 0 0 0 0 0 0 0 0 0 0 0 0 0 0 0 0 0 0 0 0 0 0 0 0 0 0 0 0 0 0 0 0 0 0 0 0 0 0 0 0 0 0 0 0 0 0 0 0 0 0 0 0 0 0 0 0 0 0 0 0 0 0 0 0 0 0 0 0 0 0 0 0 0 0 0 0 0 0 0 0 0 0 0 0 0 0 0 0 0 0 0 0 0 0 0 0 0 0 0 0 0 0 0 0 0 0 0 0 0 0 0 0 0 0 0 0 0 0 0 0 0 0 0 0 0 0 0 0 0 0 0 0 0 0 0 0 0 0 0 0 0 0 0 0 0 0 0 0 0 0 0 0 0 0 0 0 0 0 0 0 0 0 0 0 0 0 0 0 0 0 0 0 0 0 0 0 0 0 0 0 0 0 0 0 0 0 0 0 0 0 0 0 0 0 0 0 0 0 0 0 0 0 0 0 0 0 0 0 0 0.618 0.354 0.735 0.354 0.618 0.635 0.735 0.354 0.735 0.635 0.618 0.635 0 0 0 0 0 0 0 0 0 0 0 0 0 0 0 0 0 0 0 0 0 0 0 0 0 0 0 0 0 0 0 0 0 0 0 0 0 0 0 0 0 0 0 0 0 0 0 0 0 0 0 0 0 0 0 0 0 0 0 0 0 0 0 0 0 0 0 0 0 0 0 0 0 0 0 0 0 0 0 0 0 0 0 0 0 0 0 0 0 0 0 0 0 0 0 0 0 0 0 0 0 0 0 0 0 0 0 0 0 0 0 0 0 0 0 0 0 0 0 0 0 0 0 0 0 0 0 0 0 0 0 0 0 0 0 0 0 0 0 0 0 0 0 0 0 0 0 0 0 0 0 0 0 0 0 0 0 0 0 0 0 0 0 0 0 0 0 0 0 0 0 0 0 0 0 0 0 0 0 0 0 0 0 0 0 0 0 0 0 0 0 0 0 0 0 0 0 0 0 0 0 0 0 0 0 0 0 0 0 0 0 0 0 0 0 0 0 0 0 0 0 0 0 0 0 0 0 0 0 0 0 0 0 0 0 0 0 0 0 0 0 0 0 0 0 0 0 0 0 0 0 0 0 0 0 0 0 0 0 0 0 0 0 0 0 0 0 0 0 0 0 0 0 0 0 0 0 0 0 0 0 0 0 0 0 0 0 0 0 0 0 0 0 0 0 0 0 0 0 0 0 0 0 0 0 0 0 0 0 0 0 0 0 0 0 0 0 0 0 0 0 0 0 0 0 0 0 0 0 0 0 0 0 0 0 0 0 0 0 0 0 0 0 0 0 0 0 0 0 0 0 0 0 0 0 0 0 0 0 0 0 0 0 0 0 0 0 0 0 0 0 0 0 0 0 0 0 0 0 0 0 0 0 0 0 0 0 0 0 0 0 0 0 0 0 0 0 0 0 0 0 0 0 0 0 0 0 0 0 0 0 0 0 0 0 0 0 0 0 0 0 0 0 0 0 0 0 0 0 0 0 0 0 0 0 0 0 0 0 0 0 0 0 0 0 0 0 0 0 0 0 0 0 0 0 0 0 0 0 0 0 0 0 0 0 0 0 0 0 0 0 0 0 0 0 0 0 0 0 0 0 0 0 0 0 0 0 0 0 0 0 0 0 0 0 0 0 0 0 0 0 0 0 0 0 0 0 0 0 0 0 0 0 0 0 0 0 0 0 0 0 0 0 0 0 0 0 0 0 0 0 0 0 0 0 0 0 0 0 0 0 0 0 0 0 0 0 0 0 0 0 0 0 0 0 0 0 0 0 0 0 0 0 0 0 0 0 0 0 0 0 0 0 0 0 0 0 0 0 0 0 0 0 0 0 0 0 0 0 0 0 0 0 0 0 0 0 0 0 0 0 0 0 0 0 0 0 0 0 0 0 0 0 0 0 0 0 0 0 0 0 0 0 0 0 0 0 0 0 0 0 0 0 0 0 0 0 0 0 0 0 0 0 0 0 0 0 0 0 0 0 0 0 0 0 0 0 0 0 0 0 0 0 0 0 0 0 0 0 0 0 0 0 0 0 0 0 0 0 0 0 0 0 0 0 0 0 0 0 0 0 0 0 0 0 0 0 0 0 0 0 0 0 0 0 0 0 0 0 0 0 0 0 0 0 0 0 0 0 0 0 0 0 0 0 0 0 0 0 0 0 0 0 0 0 0 0 0 0 0 0 0 0 0 0 0 0 0 0 0 0 0 0 0 0 0 0 0 0 0 0 0 0 0 0 0 0 0 0 0 0 0 0 0 0 0 0 0 0 0 0 0 0 0 0 0 0 0 0 0 0 0 0 0 0 0 0 0 0 0 0 0 0 0 0 0 0 0 0 0 0 0 0 0 0 0 0 0 0 0 0 0 0 0 0 0 0 0 0 0 0 0 0 0 0 0 0 0 0 0 0 0 0 0 0 0 0 0 0 0 0 0 0 0 0 0 0 0 0 0 0 0 0 0 0 0 0 0 0 0 0 0 0 0 0 0 0 0 0 0 0 0 0 0 0 0 0 0 0 0 0 0 0 0 0 0 0 0 0 0 0 0 0 0 0 0 0 0 0 0 0 0 0 0 0 0 0 0 0 0 0 0 0 0 0 0 0 0 0 0 0 0 0 0 0 0 0 0 0 0 0 0 0 0 0 0 0 0 0 0 0 0 0 0 0 0 0 0 0 0 0 0 0 0 0 0 0 0 0 0 0 0 0 0 0 0 0 0 0 0 0 0 0 0 0 0 0 0 0 0 0 0 0 0 0 0 0 0 0 0 0 0 0 0 0 0 0 0 0 0 0 0 0 0 0 0 0 0 0 0 0 0 0 0 0 0 0 0 0 0 0 0 0 0 0 0 0 0 0 0 0 0 0 0 0 0 0 0 0 0 0 0 0 0 0 0 0 0 0 0 0 0 0 0 0 0 0 0 0 0 0 0 0 0 0 0 0 0 0 0 0 0 0 0 0 0 0 0 0 0 0 0 0 0 0 0 0 0 0 0 0 0 0 0 0 0 0 0 0 0 0 0 0 0 0 0 0 0 0 0 0 0 0 0 0 0 0 0 0 0 0 0 0 0 0 0 0 0 0 0 0 0 0 0 0 0 0 0 0 0 0 0 0 0 0 0 0 0 0 0 0 0 0 0 0 0 0 0 0 0 0 0 0 0 0 0 0 0 0 0 0 0 0 0 0 0 0 0 0 0 0 0 0 0 0 0 0 0 0 0 0 0 0 0 0 0 0 0 0 0 0 0 0 0 0 0 0 0 0 0 0 0 0 0 0 0 0 0 0 0 0 0 0 0 0 0 0 0 0 0 0 0 0 0 0 0 0 0 0 0 0 0 0 0 0 0 0 0 0 0 0 0 0 0 0 0 0 0 0 0 0 0 0 0 0 0 0 0 0 0 0 0 0 0 0 0 0 0 0 0 0 0 0 0 0 0 0 0 0 0 0 0 0 0 0 0 0 0 0 0 0 0 0 0 0 0 0 0 0 0 0 0 0 0 0 0 0 0 0 0 0 0 0 0 0 0 0 0 0 0 0 0 0 0 0 0 0 0 0 0 0 0 0 0 0 0 0 0 0 0 0 0 0 0 0 0 0 0 0 0 0 0 0 0 0 0 0 0 0 0 0 0 0 0 0 0 0 0 0 0 0 0 0 0 0 0 0 0 0 0 0 0 0 0 0 0 0 0 0 0 0 0 0 0 0 0 0 0 0 0 0 0 0 0 0 0 0 0 0 0 0 0 0 0 0 0 0 0 0 0 0 0 0 0 0 0 0 0 0 0 0 0 0 0 0 0 0 0 0 0 0 0 0 0 0 0 0 0 0 0 0 0 0 0 0 0 0 0 0 0 0 0 0 0 0 0 0 0 0 0 0 0 0 0 0 0 0 0 0 0 0 0 0 0 0 0 0 0 0 0 0 0 0 0 0 0 0 0 0 0 0 0 0 0 0 0 0 0 0 0 0 0 0 0 0 0 0 0 0 0 0 0 0 0 0 0 0 0 0 0 0 0 0 0 0 0 0 0 0 0 0 0 0 0 0 0 0 0 0 0 0 0 0 0 0 0 0 0 0 0 0 0 0 0 0 0 0 0 0 0 0 0 0 0 0 0 0 0 0 0 0 0 0 0 0 0 0 0 0 0 0 0 0 0 0 0 0 0 0 0 0 0 0 0 0 0 0 0 0 0 0 0 0 0 0 0 0 0 0 0 0 0 0 0 0 0 0 0 0 0 0 0 0 0 0 0 0 0 0 0 0 0 0 0 0 0 0 0 0 0 0 0 0 0 0 0 0 0 0 0 0 0 0 0 0 0 0 0 0 0 0 0 0 0 0 0 0 0 0 0 0 0 0 0 0 0 0 0 0 0 0 0 0 0 0 0 0 0 0 0 0 0 0 0 0 0 0 0 0 0 0 0 0 0 0 0 0 0 0 0 0 0 0 0 0 0 0 0 0 0 0 0 0 0 0 0 0 0 0 0 0 0 0 0 0 0 0 0 0 0 0 0 0 0 0 0 0 0 0 0 0 0 0 0 0 0 0 0 0 0 0 0 0 0 0 0 0 0 0 0 0 0 0 0 0 0 0 0 0 0 0 0 0 0 0 0 0 0 0 0 0 0 0 0 0 0 0 0 0 0 0 0 0 0 0 0 0 0 0 0 0 0 0 0 0 0 0 0 0 0 0 0 0 0 0 0 0 0 0 0 0 0 0 0 0 0 0 0 0 0 0 0 0 0 0 0 0 0 0 0 0 0 0 0 0 0 0 0 0 0 0 0 0 0 0 0 0 0 0 0 0 0 0 0 0 0 0 0 0 0 0 0 0 0 0 0 0 0 0 0 0 0 0 0 0 0 0 0 0 0 0 0 0 0 0 0 0 0 0 0 0 0 0 0 0 0 0 0 0 0 0 0 0 0 0 0 0 0 0 0 0 0 0 0 0 0 0 0 0 0 0 0 0 0 0 0 0 0 0 0 0 0 0 0 0 0 0 0 0 0 0 0 0 0 0 0 0 0 0 0 0 0 0 0 0 0 0 0 0 0 0 0 0 0 0 0 0 0 0 0 0 0 0 0 0 0 0 0 0 0 0 0 0 0 0 0 0 0 0 0 0 0 0 0 0 0 0 0 0 0 0 0 0 0 0 0 0 0 0 0 0 0 0 0 0 0 0 0 0 0 0 0 0 0 0 0 0 0 0 0 0 0 0 0 0 0 0 0 0 0 0 0 0 0 0 0 0 0 0 0 0 0 0 0 0 0 0 0 0 0 0 0 0 0 0 0 0 0 0 0 0 0 0 0 0 0 0 0 0 0 0 0 0 0 0 0 0 0 0 0 0 0 0 0 0 0 0 0 0 0 0 0 0 0 0 0 0 0 0 0 0 0 0 0 0 0 0 0 0 0 0 0 0 0 0 0 0 0 0 0 0 0 0 0 0 0 0 0 0 0 0 0 0 0 0 0 0 0 0 0 0 0 0 0 0 0 0 0 0 0 0 0 0 0 0 0 0 0 0 0 0 0 0 0 0 0 0 0 0 0 0 0 0 0 0 0 0 0 0 0 0 0 0 0 0 0 0 0 0 0 0 0 0 0 0 0 0 0 0 0 0 0 0 0 0 0 0 0 0 0 0 0 0 0 0 0 0 0 0 0 0 0 0 0 0 0 0 0 0 0 0 0 0 0 0 0 0 0 0 0 0 0 0 0 0 0 0 0 0 0 0 0 0 0 0 0 0 0 0 0 0 0 0 0 0 0 0 0 0 0 0 0 0 0 0 0 0 0 0 0 0 0 0 0 0 0 0 0 0 0 0 0 0 0 0 0 0 0 0 0 0 0 0 0 0 0 0 0 0 0 0 0 0 0 0 0 0 0 0 0 0 0 0 0 0 0 0 0 0 0 0 0 0 0 0 0 0 0 0 0 0 0 0 0 0 0 0 0 0 0 0 0 0 0 0 0 0 0 0 0 0 0 0 0 0 0 0 0 0 0 0 0 0 0 0 0 0 0 0 0 0 0 0 0 0 0 0 0 0 0 0 0 0 0 0 0 0 0 0 0 0 0 0 0 0 0 0 0 0 0 0 0 0 0 0 0 0 0 0 0 0 0 0 0 0 0 0 0 0 0 0 0 0 0 0 0 0 0 0 0 0 0 0 0 0 0 0 0 0 0 0 0 0 0 0 0 0 0 0 0 0 0 0 0 0 0 0 0 0 0 0 0 0 0 0 0 0 0 0 0 0 0 0 0 0 0 0 0 0 0 0 0 0 0 0 0 0 0 0 0 0 0 0 0 0 0 0 0 0 0 0 0 0 0 0 0 0 0 0 0 0 0 0 0 0 0 0 0 0 0 0 0 0 0 0 0 0 0 0 0 0 0 0 0 0 0 0 0 0 0 0 0 0 0 0 0 0 0 0 0 0 0 0 0 0 0 0 0 0 0 0 0 0 0 0 0 0 0 0 0 0 0 0 0 0 0 0 0 0 0 0 0 0 0 0 0 0 0 0 0 0 0 0 0 0 0 0 0 0 0 0 0 0 0 0 0 0 0 0 0 0 0 0 0 0 0 0 0 0 0 0 0 0 0 0 0 0 0 0 0 0 0 0 0 0 0 0 0 0 0 0 0 0 0 0 0 0 0 0 0 0 0 0 0 0 0 0 0 0 0 0 0 0 0 0 0 0 0 0 0 0 0 0 0 0 0 0 0 0 0 0 0 0 0 0 0 0 0 0 0 0 0 0 0 0 0 0 0 0 0 0 0 0 0 0 0 0 0 0 0 0 0 0 0 0 0 0 0 0 0 0 0 0 0 0 0 0 0 0 0 0 0 0 0 0 0 0 0 0 0 0 0 0 0 0 0 0 0 0 0 0 0 0 0 0 0 0 0 0 0 0 0 0 0 0 0 0 0 0 0 0 0 0 0 0 0 0 0 0 0 0 0 0 0 0 0 0 0 0 0 0 0 0 0 0 0 0 0 0 0 0 0 0 0 0 0 0 0 0 0 0 0 0 0 0 0 0 0 0 0 0 0 0 0 0 0 0 0 0 0 0 0 0 0 0 0 0 0 0 0 0 0 0 0 0 0 0 0 0 0 0 0 0 0 0 0 0 0 0 0 0 0 0 0 0 0 0 0 0 0 0 0 0 0 0 0 0 0 0 0 0 0 0 0 0 0 0 0 0 0 0 0 0 0 0 0 0 0 0 0 0 0 0 0 0 0 0 0 0 0 0 0 0 0 0 0 0 0 0 0 0 0 0 0 0 0 0 0 0 0 0 0 0 0 0 0 0 0 0 0 0 0 0 0 0 0 0 0 0 0 0 0 0 0 0 0 0 0 0 0 0 0 0 0 0 0 0 0 0 0 0 0 0 0 0 0 0 0 0 0 0 0 0 0 0 0 0 0 0 0 0 0 0 0 0 0 0 0 0 0 0 0 0 0 0 0 0 0 0 0 0 0 0 0 0 0 0 0 0 0 0 0 0 0 0 0 0 0 0 0 0 0 0 0 0 0 0 0 0 0 0 0 0 0 0 0 0 0 0 0 0 0 0 0 0 0 0 0 0 0 0 0 0 0 0 0 0 0 0 0 0 0 0 0 0 0 0 0 0 0 0 0 0 0 0 0 0 0 0 0 0 0 0 0 0 0 0 0 0 0 0 0 0 0 0 0 0 0 0 0 0 0 0 0 0 0 0 0 0 0 0 0 0 0 0 0 0 0 0 0 0 0 0 0 0 0 0 0 0 0 0 0 0 0 0 0 0 0 0 0 0 0 0 0 0 0 0 0 0 0 0 0 0 0 0 0 0 0 0 0 0 0 0 0 0 0 0 0 0 0 0 0 0 0 0 0 0 0 0 0 0 0 0 0 0 0 0 0 0 0 0 0 0 0 0 0 0 0 0 0 0 0 0 0 0 0 0 0 0 0 0 0 0 0 0 0 0 0 0 0 0 0 0 0 0 0 0 0 0 0 0 0 0 0 0 0 0 0 0 0 0 0 0 0 0 0 0 0 0 0 0 0 0 0 0 0 0 0 0 0 0 0 0 0 0 0 0 0 0 0 0 0 0 0 0 0 0 0 0 0 0 0 0 0 0 0 0 0 0 0 0 0 0 0 0 0 0 0 0 0 0 0 0 0 0 0 0 0 0 0 0 0 0 0 0 0 0 0 0 0 0 0 0 0 0 0 0 0 0 0 0 0 0 0 0 0 0 0 0 0 0 0 0 0 0 0 0 0 0 0 0 0 0 0 0 0 0 0 0 0 0 0 0 0 0 0 0 0 0 0 0 0 0 0 0 0 0 0 0 0 0 0 0 0 0 0 0 0 0 0 0 0 0 0 0 0 0 0 0 0 0 0 0 0 0 0 0 0 0 0 0 0 0 0 0 0 0 0 0 0 0 0 0 0 0 0 0 0 0 0 0 0 0 0 0 0 0 0 0 0 0 0 0 0 0 0 0 0 0 0 0 0 0 0 0 0 0 0 0 0 0 0 0 0 0 0 0 0 0 0 0 0 0 0 0 0 0 0 0 0 0 0 0 0 0 0 0 0 0 0 0 0 0 0 0 0 0 0 0 0 0 0 0 0 0 0 0 0 0 0 0 0 0 0 0 0 0 0 0 0 0 0 0 0 0 0 0 0 0 0 0 0 0 0 0 0 0 0 0 0 0 0 0 0 0 0 0 0 0 0 0 0 0 0 0 0 0 0 0 0 0 0 0 0 0 0 0 0 0 0 0 0 0 0 0 0 0 0 0 0 0 0 0 0 0 0 0 0 0 0 0 0 0 0 0 0 0 0 0 0 0 0 0 0 0 0 0 0 0 0 0 0 0 0 0 0 0 0 0 0 0 0 0 0 0 0 0 0 0 0 0 0 0 0 0 0 0 0 0 0 0 0 0 0 0 0 0 0 0 0 0 0 0 0 0 0 0 0 0 0 0 0 0 0 0 0 0 0 0 0 0 0 0 0 0 0 0 0 0 0 0 0 0 0 0 0 0 0 0 0 0 0 0 0 0 0 0 0 0 0 0 0 0 0 0 0 0 0 0 0 0 0 0 0 0 0 0 0 0 0 0 0 0 0 0 0 0 0 0 0 0 0 0 0 0 0 0 0 0 0 0 0 0 0 0 0 0 0 0 0 0 0 0 0 0 0 0 0 0 0 0 0 0 0 0 0 0 0 0 0 0 0 0 0 0 0 0 0 0 0 0 0 0 0 0 0 0 0 0 0 0 0 0 0 0 0 0 0 0 0 0 0 0 0 0 0 0 0 0 0 0 0 0 0 0 0 0 0 0 0 0 0 0 0 0 0 0 0 0 0 0 0 0 0 0 0 0 0 0 0 0 0 0 0 0 0 0 0 0 0 0 0 0 0 0 0 0 0 0 0 0 0 0 0 0 0 0 0 0 0 0 0 0 0 0 0 0 0 0 0 0 0 0 0 0 0 0 0 0 0 0 0 0 0 0 0 0 0 0 0 0 0 0 0 0 0 0 0 0 0 0 0 0 0 0 0 0 0 0 0 0 0 0 0 0 0 0 0 0 0 0 0 0 0 0 0 0 0 0 0 0 0 0 0 0 0 0 0 0 0 0 0 0 0 0 0 0 0 0 0 0 0 0 0 0 0 0 0 0 0 0 0 0 0 0 0 0 0 0 0 0 0 0 0 0 0 0 0 0 0 0 0 0 0 0 0 0 0 0 0 0 0 0 0 0 0 0 0 0 0 0 0 0 0 0 0 0 0 0 0 0 0 0 0 0 0 0 0 0 0 0 0 0 0 0 0 0 0 0 0 0 0 0 0 0 0 0 0 0 0 0 0 0 0 0 0 0 0 0 0 0 0 0 0 0 0 0 0 0 0 0 0 0 0 0 0 0 0 0 0 0 0 0 0 0 0 0 0 0 0 0 0 0 0 0 0 0 0 0 0 0 0 0 0 0 0 0 0 0 0 0 0 0 0 0 0 0 0 0 0 0 0 0 0 0 0 0 0 0 0 0 0 0 0 0 0 0 0 0 0 0 0 0 0 0 0 0 0 0 0 0 0 0 0 0 0 0 0 0 0 0 0 0 0 0 0 0 0 0 0 0 0 0 0 0 0 0 0 0 0 0 0 0 0 0 0 0 0 0 0 0 0 0 0 0 0 0 0 0 0 0 0 0 0 0 0 0 0 0 0 0 0 0 0 0 0 0 0 0 0 0 0 0 0 0 0 0 0 0 0 0 0 0 0 0 0 0 0 0 0 0 0 0 0 0 0 0 0 0 0 0 0 0 0 0 0 0 0 0 0 0 0 0 0 0 0 0 0 0 0 0 0 0 0 0 0 0 0 0 0 0 0 0 0 0 0 0 0 0 0 0 0 0 0 0 0 0 0 0 0 0 0 0 0 0 0 0 0 0 0 0 0 0 0 0 0 0 0 0 0 0 0 0 0 0 0 0 0 0 0 0 0 0 0 0 0 0 0 0 0 0 0 0 0 0 0 0 0 0 0 0 0 0 0 0 0 0 0 0 0 0 0 0 0 0 0 0 0 0 0 0 0 0 0 0 0 0 0 0 0 0 0 0 0 0 0 0 0 0 0 0 0 0 0 0 0 0 0 0 0 0 0 0 0 0 0 0 0 0 0 0 0 0 0 0 0 0 0 0 0 0 0 0 0 0 0 0 0 0 0 0 0 0 0 0 0 0 0 0 0 0 0 0 0 0 0 0 0 0 0 0 0 0 0 0 0 0 0 0 0 0 0 0 0 0 0 0 0 0 0 0 0 0 0 0 0 0 0 0 0 0 0 0 0 0 0 0 0 0 0 0 0 0 0 0 0 0 0 0 0 0 0 0 0 0 0 0 0 0 0 0 0 0 0 0 0 0 0 0 0 0 0 0 0 0 0 0 0 0 0 0 0 0 0 0 0 0 0 0 0 0 0 0 0 0 0 0 0 0 0 0 0 0 0 0 0 0 0 0 0 0 0 0 0 0 0 0 0 0 0 0 0 0 0 0 0 0 0 0 0 0 0 0 0 0 0 0 0 0 0 0 0 0 0 0 0 0 0 0 0 0 0 0 0 0 0 0 0 0 0 0 0 0 0 0 0 0 0 0 0 0 0 0 0 0 0 0 0 0 0 0 0 0 0 0 0 0 0 0 0 0 0 0 0 0 0 0 0 0 0 0 0 0 0 0 0 0 0 0 0 0 0 0 0 0 0 0 0 0 0 0 0 0 0 0 0 0 0 0 0 0 0 0 0 0 0 0 0 0 0 0 0 0 0 0 0 0 0 0 0 0 0 0 0 0 0 0 0 0 0 0 0 0 0 0 0 0 0 0 0 0 0 0 0 0 0 0 0 0 0 0 0 0 0 0 0 0 0 0 0 0 0 0 0 0 0 0 0 0 0 0 0 0 0 0 0 0 0 0 0 0 0 0 0 0 0 0 0 0 0 0 0 0 0 0 0 0 0 0 0 0 0 0 0 0 0 0 0 0 0 0 0 0 0 0 0 0 0 0 0 0 0 0 0 0 0 0 0 0 0 0 0 0 0 0 0 0 0 0 0 0 0 0 0 0 0 0 0 0 0 0 0 0 0 0 0 0 0 0 0 0 0 0 0 0 0 0 0 0 0 0 0 0 0 0 0 0 0 0 0 0 0 0 0 0 0 0 0 0 0 0 0 0 0 0 0 0 0 0 0 0 0 0 0 0 0 0 0 0 0 0 0 0 0 0 0 0 0 0 0 0 0 0 0 0 0 0 0 0 0 0 0 0 0 0 0 0 0 0 0 0 0 0 0 0 0 0 0 0 0 0 0 0 0 0 0 0 0 0 0 0 0 0 0 0 0 0 0 0 0 0 0 0 0 0 0 0 0 0 0 0 0 0 0 0 0 0 0 0 0 0 0 0 0 0 0 0 0 0 0 0 0 0 0 0 0 0 0 0 0 0 0 0 0 0 0 0 0 0 0 0 0 0 0 0 0 0 0 0 0 0 0 0 0 0 0 0 0 0 0 0 0 0 0 0 0 0 0 0 0 0 0 0 0 0 0 0 0 0 0 0 0 0 0 0 0 0 0 0 0 0 0 0 0 0 0 0 0 0 0 0 0 0 0 0 0 0 0 0 0 0 0 0 0 0 0 0 0 0 0 0 0 0 0 0 0 0 0 0 0 0 0 0 0 0 0 0 0 0 0 0 0 0 0 0 0 0 0 0 0 0 0 0 0 0 0 0 0 0 0 0 0 0 0 0 0 0 0 0 0 0 0 0 0 0 0 0 0 0 0 0 0 0 0 0 0 0 0 0 0 0 0 0 0 0 0 0 0 0 0 0 0 0 0 0 0 0 0 0 0 0 0 0 0 0 0 0 0 0 0 0 0 0 0 0 0 0 0 0 0 0 0 0 0 0 0 0 0 0 0 0 0 0 0 0 0 0 0 0 0 0 0 0 0 0 0 0 0 0 0 0 0 0 0 0 0 0 0 0 0 0 0 0 0 0 0 0 0 0 0 0 0 0 0 0 0 0 0 0 0 0 0 0 0 0 0 0 0 0 0 0 0 0 0 0 0 0 0 0 0 0 0 0 0 0 0 0 0 0 0 0 0 0 0 0 0 0 0 0 0 0 0 0 0 0 0 0 0 0 0 0 0 0 0 0 0 0 0 0 0 0 0 0 0 0 0 0 0 0 0 0 0 0 0 0 0 0 0 0 0 0 0 0 0 0 0 0 0 0 0 0 0 0 0 0 0 0 0 0 0 0 0 0 0 0 0 0 0 0 0 0 0 0 0 0 0 0 0 0 0 0 0 0 0 0 0 0 0 0 0 0 0 0 0 0 0 0 0 0 0 0 0 0 0 0 0 0 0 0 0 0 0 0 0 0 0 0 0 0 0 0 0 0 0 0 0 0 0 0 0 0 0 0 0 0 0 0 0 0 0 0 0 0 0 0 0 0 0 0 0 0 0 0 0 0 0 0 0 0 0 0 0 0 0 0 0 0 0 0 0 0 0 0 0 0 0 0 0 0 0 0 0 0 0 0 0 0 0 0 0 0 0 0 0 0 0 0 0 0 0 0 0 0 0 0 0 0 0 0 0 0 0 0 0 0 0 0 0 0 0 0 0 0 0 0 0 0 0 0 0 0 0 0 0 0 0 0 0 0 0 0 0 0 0 0 0 0 0 0 0 0 0 0 0 0 0 0 0 0 0 0 0 0 0 0 0 0 0 0 0 0 0 0 0 0 0 0 0 0 0 0 0 0 0 0 0 0 0 0 0 0 0 0 0 0 0 0 0 0 0 0 0 0 0 0 0 0 0 0 0 0 0 0 0 0 0 0 0 0 0 0 0 0 0 0 0 0 0 0 0 0 0 0 0 0 0 0 0 0 0 0 0 0 0 0 0 0 0 0 0 0 0 0 0 0 0 0 0 0 0 0 0 0 0 0 0 0 0 0 0 0 0 0 0 0 0 0 0 0 0 0 0 0 0 0 0 0 0 0 0 0 0 0 0 0 0 0 0 0 0 0 0 0 0 0 0 0 0 0 0 0 0 0 0 0 0 0 0 0 0 0 0 0 0 0 0 0 0 0 0 0 0 0 0 0 0 0 0 0 0 0 0 0 0 0 0 0 0 0 0 0 0 0 0 0 0 0 0 0 0 0 0 0 0 0 0 0 0 0 0 0 0 0 0 0 0 0 0 0 0 0 0 0 0 0 0 0 0 0 0 0 0 0 0 0 0 0 0 0 0 0 0 0 0 0 0 0 0 0 0 0 0 0 0 0 0 0 0 0 0 0 0 0 0 0 0 0 0 0 0 0 0 0 0 0 0 0 0 0 0 0 0 0 0 0 0 0 0 0 0 0 0 0 0 0 0 0 0 0 0 0 0 0 0 0 0 0 0 0 0 0 0 0 0 0 0 0 0 0 0 0 0 0 0 0 0 0 0 0 0 0 0 0 0 0 0 0 0 0 0 0 0 0 0 0 0 0 0 0 0 0 0 0 0 0 0 0 0 0 0 0 0 0 0 0 0 0 0 0 0 0 0 0 0 0 0 0 0 0 0 0 0 0 0 0 0 0 0 0 0 0 0 0 0 0 0 0 0 0 0 0 0 0 0 0 0 0 0 0 0 0 0 0 0 0 0 0 0 0 0 0 0 0 0 0 0 0 0 0 0 0 0 0 0 0 0 0 0 0 0 0 0 0 0 0 0 0 0 0 0 0 0 0 0 0 0 0 0 0 0 0 0 0 0 0 0 0 0 0 0 0 0 0 0 0 0 0 0 0 0 0 0 0 0 0 0 0 0 0 0 0 0 0 0 0 0 0 0 0 0 0 0 0 0 0 0 0 0 0 0 0 0 0 0 0 0 0 0 0 0 0 0 0 0 0 0 0 0 0 0 0 0 0 0 0 0 0 0 0 0 0 0 0 0 0 0 0 0 0 0 0 0 0 0 0 0 0 0 0 0 0 0 0 0 0 0 0 0 0 0 0 0 0 0 0 0 0 0 0 0 0 0 0 0 0 0 0 0 0 0 0 0 0 0 0 0 0 0 0 0 0 0 0 0 0 0 0 0 0 0 0 0 0 0 0 0 0 0 0 0 0 0 0 0 0 0 0 0 0 0 0 0 0 0 0 0 0 0 0 0 0 0 0 0 0 0 0 0 0 0 0 0 0 0 0 0 0 0 0 0 0 0 0 0 0 0 0 0 0 0 0 0 0 0 0 0 0 0 0 0 0 0 0 0 0 0 0 0 0 0 0 0 0 0 0 0 0 0 0 0 0 0 0 0 0 0 0 0 0 0 0 0 0 0 0 0 0 0 0 0 0 0 0 0 0 0 0 0 0 0 0 0 0 0 0 0 0 0 0 0 0 0 0 0 0 0 0 0 0 0 0 0 0 0 0 0 0 0 0 0 0 0 0 0 0 0 0 0 0 0 0 0 0 0 0 0 0 0 0 0 0 0 0 0 0 0 0 0 0 0 0 0 0 0 0 0 0 0 0 0 0 0 0 0 0 0 0 0 0 0 0 0 0 0 0 0 0 0 0 0 0 0 0 0 0 0 0 0 0 0 0 0 0 0 0 0 0 0 0 0 0 0 0 0 0 0 0 0 0 0 0 0 0 0 0 0 0 0 0 0 0 0 0 0 0 0 0 0 0 0 0 0 0 0 0 0 0 0 0 0 0 0 0 0 0 0 0 0 0 0 0 0 0 0 0 0 0 0 0 0 0 0 0 0 0 0 0 0 0 0 0 0 0 0 0 0 0 0 0 0 0 0 0 0 0 0 0 0 0 0 0 0 0 0 0 0 0 0 0 0 0 0 0 0 0 0 0 0 0 0 0 0 0 0 0 0 0 0 0 0 0 0 0 0 0 0 0 0 0 0 0 0 0 0 0 0 0 0 0 0 0 0 0 0 0 0 0 0 0 0 0 0 0 0 0 0 0 0 0 0 0 0 0 0 0 0 0 0 0 0 0 0 0 0 0 0 0 0 0 0 0 0 0 0 0 0 0 0 0 0 0 0 0 0 0 0 0 0 0 0 0 0 0 0 0 0 0 0 0 0 0 0 0 0 0 0 0 0 0 0 0 0 0 0 0 0 0 0 0 0 0 0 0 0 0 0 0 0 0 0 0 0 0 0 0 0 0 0 0 0 0 0 0 0 0 0 0 0 0 0 0 0 0 0 0 0 0 0 0 0 0 0 0 0 0 0 0 0 0 0 0 0 0 0 0 0 0 0 0 0 0 0 0 0 0 0 0 0 0 0 0 0 0 0 0 0 0 0 0 0 0 0 0 0 0 0 0 0 0 0 0 0 0 0 0 0 0 0 0 0 0 0 0 0 0 0 0 0 0 0 0 0 0 0 0 0 0 0 0 0 0 0 0 0 0 0 0 0 0 0 0 0 0 0 0 0 0 0 0 0 0 0 0 0 0 0 0 0 0 0 0 0 0 0 0 0 0 0 0 0 0 0 0 0 0 0 0 0 0 0 0 0 0 0 0 0 0 0 0 0 0 0 0 0 0 0 0 0 0 0 0 0 0 0 0 0 0 0 0 0 0 0 0 0 0 0 0 0 0 0 0 0 0 0 0 0 0 0 0 0 0 0 0 0 0 0 0 0 0 0 0 0 0 0 0 0 0 0 0 0 0 0 0 0 0 0 0 0 0 0 0 0 0 0 0 0 0 0 0 0 0 0 0 0 0 0 0 0 0 0 0 0 0 0 0 0 0 0 0 0 0 0 0 0 0 0 0 0 0 0 0 0 0 0 0 0 0 0 0 0 0 0 0 0 0 0 0 0 0 0 0 0 0 0 0 0 0 0 0 0 0 0 0 0 0 0 0 0 0 0 0 0 0 0 0 0 0 0 0 0 0 0 0 0 0 0 0 0 0 0 0 0 0 0 0 0 0 0 0 0 0 0 0 0 0 0 0 0 0 0 0 0 0 0 0 0 0 0 0 0 0 0 0 0 0 0 0 0 0 0 0 0 0 0 0 0 0 0 0 0 0 0 0 0 0 0 0 0 0 0 0 0 0 0 0 0 0 0 0 0 0 0 0 0 0 0 0 0 0 0 0 0 0 0 0 0 0 0 0 0 0 0 0 0 0 0 0 0 0 0 0 0 0 0 0 0 0 0 0 0 0 0 0 0 0 0 0 0 0 0 0 0 0 0 0 0 0 0 0 0 0 0 0 0 0 0 0 0 0 0 0 0 0 0 0 0 0 0 0 0 0 0 0 0 0 0 0 0 0 0 0 0 0 0 0 0 0 0 0 0 0 0 0 0 0 0 0 0 0 0 0 0 0 0 0 0 0 0 0 0 0 0 0 0 0 0 0 0 0 0 0 0 0 0 0 0 0 0 0 0 0 0 0 0 0 0 0 0 0 0 0 0 0 0 0 0 0 0 0 0 0 0 0 0 0 0 0 0 0 0 0 0 0 0 0 0 0 0 0 0 0 0 0 0 0 0 0 0 0 0 0 0 0 0 0 0 0 0 0 0 0 0 0 0 0 0 0 0 0 0 0 0 0 0 0 0 0 0 0 0 0 0 0 0 0 0 0 0 0 0 0 0 0 0 0 0 0 0 0 0 0 0 0 0 0 0 0 0 0 0 0 0 0 0 0 0 0 0 0 0 0 0 0 0 0 0 0 0 0 0 0 0 0 0 0 0 0 0 0 0 0 0 0 0 0 0 0 0 0 0 0 0 0 0 0 0 0 0 0 0 0 0 0 0 0 0 0 0 0 0 0 0 0 0 0 0 0 0 0 0 0 0 0 0 0 0 0 0 0 0 0 0 0 0 0 0 0 0 0 0 0 0 0 0 0 0 0 0 0 0 0 0 0 0 0 0 0 0 0 0 0 0 0 0 0 0 0 0 0 0 0 0 0 0 0 0 0 0 0 0 0 0 0 0 0 0 0 0 0 0 0 0 0 0 0 0 0 0 0 0 0 0 0 0 0 0 0 0 0 0 0 0 0 0 0 0 0 0 0 0 0 0 0 0 0 0 0 0 0 0 0 0 0 0 0 0 0 0 0 0 0 0 0 0 0 0 0 0 0 0 0 0 0 0 0 0 0 0 0 0 0 0 0 0 0 0 0 0 0 0 0 0 0 0 0 0 0 0 0 0 0 0 0 0 0 0 0 0 0 0 0 0 0 0 0 0 0 0 0 0 0 0 0 0 0 0 0 0 0 0 0 0 0 0 0 0 0 0 0 0 0 0 0 0 0 0 0 0 0 0 0 0 0 0 0 0 0 0 0 0 0 0 0 0 0 0 0 0 0 0 0 0 0 0 0 0 0 0 0 0 0 0 0 0 0 0 0 0 0 0 0 0 0 0 0 0 0 0 0 0 0 0 0 0 0 0 0 0 0 0 0 0 0 0 0 0 0 0 0 0 0 0 0 0 0 0 0 0 0 0 0 0 0 0 0 0 0 0 0 0 0 0 0 0 0 0 0 0 0 0 0 0 0 0 0 0 0 0 0 0 0 0 0 0 0 0 0 0 0 0 0 0 0 0 0 0 0 0 0 0 0 0 0 0 0 0 0 0 0 0 0 0 0 0 0 0 0 0 0 0 0 0 0 0 0 0 0 0 0 0 0 0 0 0 0 0 0 0 0 0 0 0 0 0 0 0 0 0 0 0 0 0 0 0 0 0 0 0 0 0 0 0 0 0 0 0 0 0 0 0 0 0 0 0 0 0 0 0 0 0 0 0 0 0 0 0 0 0 0 0 0 0 0 0 0 0 0 0 0 0 0 0 0 0 0 0 0 0 0 0 0 0 0 0 0 0 0 0 0 0 0 0 0 0 0 0 0 0 0 0 0 0 0 0 0 0 0 0 0 0 0 0 0 0 0 0 0 0 0 0 0 0 0 0 0 0 0 0 0 0 0 0 0 0 0 0 0 0 0 0 0 0 0 0 0 0 0 0 0 0 0 0 0 0 0 0 0 0 0 0 0 0 0 0 0 0 0 0 0 0 0 0 0 0 0 0 0 0 0 0 0 0 0 0 0 0 0 0 0 0 0 0 0 0 0 0 0 0 0 0 0 0 0 0 0 0 0 0 0 0 0 0 0 0 0 0 0 0 0 0 0 0 0 0 0 0 0 0 0 0 0 0 0 0 0 0 0 0 0 0 0 0 0 0 0 0 0 0 0 0 0 0 0 0 0 0 0 0 0 0 0 0 0 0 0 0 0 0 0 0 0 0 0 0 0 0 0 0 0 0 0 0 0 0 0 0 0 0 0 0 0 0 0 0 0 0 0 0 0 0 0 0 0 0 0 0 0 0 0 0 0 0 0 0 0 0 0 0 0 0 0 0 0 0 0 0 0 0 0 0 0 0 0 0 0 0 0 0 0 0 0 0 0 0 0 0 0 0 0 0 0 0 0 0 0 0 0 0 0 0 0 0 0 0 0 0 0 0 0 0 0 0 0 0 0 0 0 0 0 0 0 0 0 0 0 0 0 0 0 0 0 0 0 0 0 0 0 0 0 0 0 0 0 0 0 0 0 0 0 0 0 0 0 0 0 0 0 0 0 0 0 0 0 0 0 0 0 0 0 0 0 0 0 0 0 0 0 0 0 0 0 0 0 0 0 0 0 0 0 0 0 0 0 0 0 0 0 0 0 0 0 0 0 0 0 0 0 0 0 0 0 0 0 0 0 0 0 0 0 0 0 0 0 0 0 0 0 0 0 0 0 0 0 0 0 0 0 0 0 0 0 0 0 0 0 0 0 0 0 0 0 0 0 0 0 0 0 0 0 0 0 0 0 0 0 0 0 0 0 0 0 0 0 0 0 0 0 0 0 0 0 0 0 0 0 0 0 0 0 0 0 0 0 0 0 0 0 0 0 0 0 0 0 0 0 0 0 0 0 0 0 0 0 0 0 0 0 0 0 0 0 0 0 0 0 0 0 0 0 0 0 0 0 0 0 0 0 0 0 0 0 0 0 0 0 0 0 0 0 0 0 0 0 0 0 0 0 0 0 0 0 0 0 0 0 0 0 0 0 0 0 0 0 0 0 0 0 0 0 0 0 0 0 0 0 0 0 0 0 0 0 0 0 0 0 0 0 0 0 0 0 0 0 0 0 0 0 0 0 0 0 0 0 0 0 0 0 0 0 0 0 0 0 0 0 0 0 0 0 0 0 0 0 0 0 0 0 0 0 0 0 0 0 0 0 0 0 0 0 0 0 0 0 0 0 0 0 0 0 0 0 0 0 0 0 0 0 0 0 0 0 0 0 0 0 0 0 0 0 0 0 0 0 0 0 0 0 0 0 0 0 0 0 0 0 0 0 0 0 0 0 0 0 0 0 0 0 0 0 0 0 0 0 0 0 0 0 0 0 0 0 0 0 0 0 0 0 0 0 0 0 0 0 0 0 0 0 0 0 0 0 0 0 0 0 0 0 0 0 0 0 0 0 0 0 0 0 0 0 0 0 0 0 0 0 0 0 0 0 0 0 0 0 0 0 0 0 0 0 0 0 0 0 0 0 0 0 0 0 0 0 0 0 0 0 0 0 0 0 0 0 0 0 0 0 0 0 0 0 0 0 0 0 0 0 0 0 0 0 0 0 0 0 0 0 0 0 0 0 0 0 0 0 0 0 0 0 0 0 0 0 0 0 0 0 0 0 0 0 0 0 0 0 0 0 0 0 0 0 0 0 0 0 0 0 0 0 0 0 0 0 0 0 0 0 0 0 0 0 0 0 0 0 0 0 0 0 0 0 0 0 0 0 0 0 0 0 0 0 0 0 0 0 0 0 0 0 0 0 0 0 0 0 0 0 0 0 0 0 0 0 0 0 0 0 0 0 0 0 0 0 0 0 0 0 0 0 0 0 0 0 0 0 0 0 0 0 0 0 0 0 0 0 0 0 0 0 0 0 0 0 0 0 0 0 0 0 0 0 0 0 0 0 0 0 0 0 0 0 0 0 0 0 0 0 0 0 0 0 0 0 0 0 0 0 0 0 0 0 0 0 0 0 0 0 0 0 0 0 0 0 0 0 0 0 0 0 0 0 0 0 0 0 0 0 0 0 0 0 0 0 0 0 0 0 0 0 0 0 0 0 0 0 0 0 0 0 0 0 0 0 0 0 0 0 0 0 0 0 0 0 0 0 0 0 0 0 0 0 0 0 0 0 0 0 0 0 0 0 0 0 0 0 0 0 0 0 0 0 0 0 0 0 0 0 0 0 0 0 0 0 0 0 0 0 0 0 0 0 0 0 0 0 0 0 0 0 0 0 0 0 0 0 0 0 0 0 0 0 0 0 0 0 0 0 0 0 0 0 0 0 0 0 0 0 0 0 0 0 0 0 0 0 0 0 0 0 0 0 0 0 0 0 0 0 0 0 0 0 0 0 0 0 0 0 0 0 0 0 0 0 0 0 0 0 0 0 0 0 0 0 0 0 0 0 0 0 0 0 0 0 0 0 0 0 0 0 0 0 0 0 0 0 0 0 0 0 0 0 0 0 0 0 0 0 0 0 0 0 0 0 0 0 0 0 0 0 0 0 0 0 0 0 0 0 0 0 0 0 0 0 0 0 0 0 0 0 0 0 0 0 0 0 0 0 0 0 0 0 0 0 0 0 0 0 0 0 0 0 0 0 0 0 0 0 0 0 0 0 0 0 0 0 0 0 0 0 0 0 0 0 0 0 0 0 0 0 0 0 0 0 0 0 0 0 0 0 0 0 0 0 0 0 0 0 0 0 0 0 0 0 0 0 0 0 0 0 0 0 0 0 0 0 0 0 0 0 0 0 0 0 0 0 0 0 0 0 0 0 0 0 0 0 0 0 0 0 0 0 0 0 0 0 0 0 0 0 0 0 0 0 0</float_array>
					<technique_common>
						<accessor source="#3001|MB|42-mesh-map-2-array" count="6456" stride="2">
							<param name="S" type="float"/>
							<param name="T" type="float"/>
						</accessor>
					</technique_common>
				</source>
				<vertices id="3001|MB|42-mesh-vertices">
					<input semantic="POSITION" source="#3001|MB|42-mesh-positions"/>
				</vertices>
				<triangles material="MB|42-material" count="2152">
					<input semantic="VERTEX" source="#3001|MB|42-mesh-vertices" offset="0"/>
					<input semantic="NORMAL" source="#3001|MB|42-mesh-normals" offset="1"/>
					<input semantic="TEXCOORD" source="#3001|MB|42-mesh-map-0" offset="2" set="0"/>
					<input semantic="TEXCOORD" source="#3001|MB|42-mesh-map-1" offset="2" set="1"/>
					<input semantic="TEXCOORD" source="#3001|MB|42-mesh-map-2" offset="2" set="2"/>
					<p>269 269 0 48 48 1 256 256 2 48 48 3 506 506 4 256 256 5 265 265 6 485 485 7 426 426 8 485 485 9 428 428 10 426 426 11 470 470 12 431 431 13 427 427 14 431 431 15 432 432 16 427 427 17 46 46 18 471 471 19 433 433 20 471 471 21 434 434 22 433 433 23 445 445 24 155 155 25 444 444 26 155 155 27 10 10 28 444 444 29 444 444 30 10 10 31 443 443 32 10 10 33 11 11 34 443 443 35 443 443 36 11 11 37 442 442 38 11 11 39 12 12 40 442 442 41 442 442 42 12 12 43 441 441 44 12 12 45 259 259 46 441 441 47 440 440 48 439 439 49 156 156 50 439 439 51 13 13 52 156 156 53 438 438 54 14 14 55 439 439 56 14 14 57 13 13 58 439 439 59 437 437 60 15 15 61 438 438 62 15 15 63 14 14 64 438 438 65 436 436 66 260 260 67 437 437 68 260 260 69 15 15 70 437 437 71 258 258 72 257 257 73 7 7 74 257 257 75 4 4 76 7 7 77 7 7 78 4 4 79 8 8 80 4 4 81 5 5 82 8 8 83 9 9 84 6 6 85 154 154 86 6 6 87 153 153 88 154 154 89 9 9 90 8 8 91 6 6 92 8 8 93 5 5 94 6 6 95 447 447 96 448 448 97 451 451 98 448 448 99 452 452 100 451 451 101 447 447 102 451 451 103 446 446 104 451 451 105 499 499 106 446 446 107 449 449 108 453 453 109 448 448 110 453 453 111 452 452 112 448 448 113 450 450 114 454 454 115 449 449 116 454 454 117 453 453 118 449 449 119 264 264 120 261 261 121 28 28 122 261 261 123 16 16 124 28 28 125 28 28 126 16 16 127 27 27 128 16 16 129 17 17 130 27 27 131 27 27 132 17 17 133 26 26 134 17 17 135 18 18 136 26 26 137 80 80 138 26 26 139 89 89 140 26 26 141 18 18 142 89 89 143 25 25 144 19 19 145 263 263 146 19 19 147 262 262 148 263 263 149 24 24 150 20 20 151 25 25 152 20 20 153 19 19 154 25 25 155 23 23 156 21 21 157 24 24 158 21 21 159 20 20 160 24 24 161 22 22 162 62 62 163 23 23 164 62 62 165 21 21 166 23 23 167 458 458 168 29 29 169 456 456 170 29 29 171 455 455 172 456 456 173 461 461 174 464 464 175 459 459 176 464 464 177 463 463 178 459 459 179 462 462 180 465 465 181 36 36 182 465 465 183 37 37 184 36 36 185 33 33 186 40 40 187 460 460 188 40 40 189 466 466 190 460 460 191 34 34 192 39 39 193 35 35 194 39 39 195 38 38 196 35 35 197 468 468 198 41 41 199 467 467 200 41 41 201 42 42 202 467 467 203 43 43 204 162 162 205 44 44 206 162 162 207 157 157 208 44 44 209 159 159 210 488 488 211 368 368 212 488 488 213 255 255 214 368 368 215 507 507 216 63 63 217 158 158 218 63 63 219 487 487 220 158 158 221 267 267 222 472 472 223 432 432 224 472 472 225 427 427 226 432 432 227 0 0 228 429 429 229 47 47 230 429 429 231 430 430 232 47 47 233 2 2 234 435 435 235 474 474 236 435 435 237 473 473 238 474 474 239 469 469 240 88 88 241 46 46 242 88 88 243 471 471 244 46 46 245 475 475 246 50 50 247 470 470 248 50 50 249 431 431 250 470 470 251 486 486 252 45 45 253 254 254 254 45 45 255 253 253 256 254 254 257 47 47 258 430 430 259 49 49 260 430 430 261 65 65 262 49 49 263 489 489 264 509 509 265 490 490 266 509 509 267 79 79 268 490 490 269 508 508 270 160 160 271 78 78 272 160 160 273 64 64 274 78 78 275 477 477 276 476 476 277 484 484 278 476 476 279 52 52 280 484 484 281 483 483 282 59 59 283 478 478 284 59 59 285 51 51 286 478 478 287 482 482 288 53 53 289 480 480 290 53 53 291 54 54 292 480 480 293 61 61 294 60 60 295 57 57 296 60 60 297 58 58 298 57 57 299 56 56 300 481 481 301 61 61 302 481 481 303 60 60 304 61 61 305 55 55 306 479 479 307 483 483 308 479 479 309 59 59 310 483 483 311 32 32 312 457 457 313 87 87 314 457 457 315 504 504 316 87 87 317 31 31 318 30 30 319 86 86 320 30 30 321 85 85 322 86 86 323 45 45 324 1 1 325 253 253 326 1 1 327 266 266 328 253 253 329 270 270 330 505 505 331 394 394 332 505 505 333 161 161 334 394 394 335 268 268 336 3 3 337 269 269 338 3 3 339 48 48 340 269 269 341 270 270 342 256 256 343 505 505 344 256 256 345 506 506 346 505 505 347 491 491 348 495 495 349 492 492 350 495 495 351 496 496 352 492 492 353 491 491 354 446 446 355 495 495 356 446 446 357 499 499 358 495 495 359 493 493 360 492 492 361 497 497 362 492 492 363 496 496 364 497 497 365 494 494 366 493 493 367 498 498 368 493 493 369 497 497 370 498 498 371 301 301 372 77 77 373 298 298 374 77 77 375 66 66 376 298 298 377 77 77 378 76 76 379 66 66 380 76 76 381 67 67 382 66 66 383 76 76 384 75 75 385 67 67 386 75 75 387 68 68 388 67 67 389 80 80 390 89 89 391 75 75 392 89 89 393 68 68 394 75 75 395 74 74 396 300 300 397 69 69 398 300 300 399 299 299 400 69 69 401 73 73 402 74 74 403 70 70 404 74 74 405 69 69 406 70 70 407 72 72 408 73 73 409 71 71 410 73 73 411 70 70 412 71 71 413 22 22 414 72 72 415 62 62 416 72 72 417 71 71 418 62 62 419 469 469 420 490 490 421 88 88 422 490 490 423 79 79 424 88 88 425 475 475 426 78 78 427 50 50 428 78 78 429 64 64 430 50 50 431 486 486 432 254 254 433 488 488 434 254 254 435 255 255 436 488 488 437 507 507 438 49 49 439 63 63 440 49 49 441 65 65 442 63 63 443 503 503 444 501 501 445 81 81 446 501 501 447 82 82 448 81 81 449 84 84 450 87 87 451 502 502 452 87 87 453 504 504 454 502 502 455 83 83 456 86 86 457 500 500 458 86 86 459 85 85 460 500 500 461 392 392 462 379 379 463 138 138 464 379 379 465 586 586 466 138 138 467 388 388 468 510 510 469 567 567 470 510 510 471 512 512 472 567 567 473 552 552 474 511 511 475 515 515 476 511 511 477 516 516 478 515 515 479 136 136 480 517 517 481 553 553 482 517 517 483 518 518 484 553 553 485 445 445 486 527 527 487 155 155 488 527 527 489 100 100 490 155 155 491 527 527 492 526 526 493 100 100 494 526 526 495 101 101 496 100 100 497 526 526 498 525 525 499 101 101 500 525 525 501 102 102 502 101 101 503 525 525 504 524 524 505 102 102 506 524 524 507 382 382 508 102 102 509 440 440 510 156 156 511 523 523 512 156 156 513 103 103 514 523 523 515 522 522 516 523 523 517 104 104 518 523 523 519 103 103 520 104 104 521 521 521 522 522 522 523 105 105 524 522 522 525 104 104 526 105 105 527 520 520 528 521 521 529 383 383 530 521 521 531 105 105 532 383 383 533 381 381 534 97 97 535 380 380 536 97 97 537 94 94 538 380 380 539 97 97 540 98 98 541 94 94 542 98 98 543 95 95 544 94 94 545 99 99 546 154 154 547 96 96 548 154 154 549 153 153 550 96 96 551 99 99 552 96 96 553 98 98 554 96 96 555 95 95 556 98 98 557 529 529 558 533 533 559 530 530 560 533 533 561 534 534 562 530 530 563 529 529 564 528 528 565 533 533 566 528 528 567 579 579 568 533 533 569 531 531 570 530 530 571 535 535 572 530 530 573 534 534 574 535 535 575 532 532 576 531 531 577 536 536 578 531 531 579 535 535 580 536 536 581 387 387 582 118 118 583 384 384 584 118 118 585 106 106 586 384 384 587 118 118 588 117 117 589 106 106 590 117 117 591 107 107 592 106 106 593 117 117 594 116 116 595 107 107 596 116 116 597 108 108 598 107 107 599 180 180 600 189 189 601 116 116 602 189 189 603 108 108 604 116 116 605 115 115 606 386 386 607 109 109 608 386 386 609 385 385 610 109 109 611 114 114 612 115 115 613 110 110 614 115 115 615 109 109 616 110 110 617 113 113 618 114 114 619 111 111 620 114 114 621 110 110 622 111 111 623 112 112 624 113 113 625 152 152 626 113 113 627 111 111 628 152 152 629 540 540 630 538 538 631 119 119 632 538 538 633 537 537 634 119 119 635 543 543 636 541 541 637 546 546 638 541 541 639 545 545 640 546 546 641 544 544 642 126 126 643 547 547 644 126 126 645 127 127 646 547 547 647 123 123 648 542 542 649 130 130 650 542 542 651 548 548 652 130 130 653 124 124 654 125 125 655 129 129 656 125 125 657 128 128 658 129 129 659 550 550 660 549 549 661 131 131 662 549 549 663 132 132 664 131 131 665 133 133 666 134 134 667 162 162 668 134 134 669 157 157 670 162 162 671 159 159 672 368 368 673 569 569 674 368 368 675 367 367 676 569 569 677 587 587 678 158 158 679 163 163 680 158 158 681 487 487 682 163 163 683 390 390 684 516 516 685 554 554 686 516 516 687 511 511 688 554 554 689 90 90 690 137 137 691 513 513 692 137 137 693 514 514 694 513 513 695 92 92 696 556 556 697 519 519 698 556 556 699 555 555 700 519 519 701 551 551 702 136 136 703 188 188 704 136 136 705 553 553 706 188 188 707 557 557 708 552 552 709 140 140 710 552 552 711 515 515 712 140 140 713 568 568 714 366 366 715 135 135 716 366 366 717 365 365 718 135 135 719 137 137 720 139 139 721 514 514 722 139 139 723 165 165 724 514 514 725 489 489 726 570 570 727 509 509 728 570 570 729 179 179 730 509 509 731 508 508 732 178 178 733 160 160 734 178 178 735 164 164 736 160 160 737 559 559 738 566 566 739 558 558 740 566 566 741 142 142 742 558 558 743 565 565 744 560 560 745 149 149 746 560 560 747 141 141 748 149 149 749 564 564 750 562 562 751 143 143 752 562 562 753 144 144 754 143 143 755 151 151 756 147 147 757 150 150 758 147 147 759 148 148 760 150 150 761 146 146 762 151 151 763 563 563 764 151 151 765 150 150 766 563 563 767 145 145 768 565 565 769 561 561 770 565 565 771 149 149 772 561 561 773 122 122 774 187 187 775 539 539 776 187 187 777 584 584 778 539 539 779 121 121 780 186 186 781 120 120 782 186 186 783 185 185 784 120 120 785 135 135 786 365 365 787 91 91 788 365 365 789 389 389 790 91 91 791 393 393 792 394 394 793 585 585 794 394 394 795 161 161 796 585 585 797 391 391 798 392 392 799 93 93 800 392 392 801 138 138 802 93 93 803 393 393 804 585 585 805 379 379 806 585 585 807 586 586 808 379 379 809 571 571 810 572 572 811 575 575 812 572 572 813 576 576 814 575 575 815 571 571 816 575 575 817 528 528 818 575 575 819 579 579 820 528 528 821 573 573 822 577 577 823 572 572 824 577 577 825 576 576 826 572 572 827 574 574 828 578 578 829 573 573 830 578 578 831 577 577 832 573 573 833 425 425 834 422 422 835 177 177 836 422 422 837 166 166 838 177 177 839 177 177 840 166 166 841 176 176 842 166 166 843 167 167 844 176 176 845 176 176 846 167 167 847 175 175 848 167 167 849 168 168 850 175 175 851 180 180 852 175 175 853 189 189 854 175 175 855 168 168 856 189 189 857 174 174 858 169 169 859 424 424 860 169 169 861 423 423 862 424 424 863 173 173 864 170 170 865 174 174 866 170 170 867 169 169 868 174 174 869 172 172 870 171 171 871 173 173 872 171 171 873 170 170 874 173 173 875 112 112 876 152 152 877 172 172 878 152 152 879 171 171 880 172 172 881 551 551 882 188 188 883 570 570 884 188 188 885 179 179 886 570 570 887 557 557 888 140 140 889 178 178 890 140 140 891 164 164 892 178 178 893 568 568 894 569 569 895 366 366 896 569 569 897 367 367 898 366 366 899 587 587 900 163 163 901 139 139 902 163 163 903 165 165 904 139 139 905 583 583 906 181 181 907 581 581 908 181 181 909 182 182 910 581 581 911 184 184 912 582 582 913 187 187 914 582 582 915 584 584 916 187 187 917 183 183 918 580 580 919 186 186 920 580 580 921 185 185 922 186 186 923 269 269 924 256 256 925 238 238 926 256 256 927 658 658 928 238 238 929 265 265 930 588 588 931 485 485 932 588 588 933 590 590 934 485 485 935 628 628 936 589 589 937 593 593 938 589 589 939 594 594 940 593 593 941 236 236 942 595 595 943 629 629 944 595 595 945 596 596 946 629 629 947 605 605 948 604 604 949 371 371 950 604 604 951 200 200 952 371 371 953 604 604 954 603 603 955 200 200 956 603 603 957 201 201 958 200 200 959 603 603 960 602 602 961 201 201 962 602 602 963 202 202 964 201 201 965 602 602 966 441 441 967 202 202 968 441 441 969 259 259 970 202 202 971 601 601 972 372 372 973 600 600 974 372 372 975 203 203 976 600 600 977 599 599 978 600 600 979 204 204 980 600 600 981 203 203 982 204 204 983 598 598 984 599 599 985 205 205 986 599 599 987 204 204 988 205 205 989 436 436 990 598 598 991 260 260 992 598 598 993 205 205 994 260 260 995 258 258 996 197 197 997 257 257 998 197 197 999 194 194 1000 257 257 1001 197 197 1002 198 198 1003 194 194 1004 198 198 1005 195 195 1006 194 194 1007 199 199 1008 370 370 1009 196 196 1010 370 370 1011 369 369 1012 196 196 1013 199 199 1014 196 196 1015 198 198 1016 196 196 1017 195 195 1018 198 198 1019 607 607 1020 610 610 1021 608 608 1022 610 610 1023 611 611 1024 608 608 1025 607 607 1026 606 606 1027 610 610 1028 606 606 1029 651 651 1030 610 610 1031 609 609 1032 608 608 1033 612 612 1034 608 608 1035 611 611 1036 612 612 1037 450 450 1038 609 609 1039 454 454 1040 609 609 1041 612 612 1042 454 454 1043 264 264 1044 218 218 1045 261 261 1046 218 218 1047 206 206 1048 261 261 1049 218 218 1050 217 217 1051 206 206 1052 217 217 1053 207 207 1054 206 206 1055 217 217 1056 216 216 1057 207 207 1058 216 216 1059 208 208 1060 207 207 1061 288 288 1062 297 297 1063 216 216 1064 297 297 1065 208 208 1066 216 216 1067 215 215 1068 263 263 1069 209 209 1070 263 263 1071 262 262 1072 209 209 1073 214 214 1074 215 215 1075 210 210 1076 215 215 1077 209 209 1078 210 210 1079 213 213 1080 214 214 1081 211 211 1082 214 214 1083 210 210 1084 211 211 1085 212 212 1086 213 213 1087 252 252 1088 213 213 1089 211 211 1090 252 252 1091 616 616 1092 614 614 1093 219 219 1094 614 614 1095 613 613 1096 219 219 1097 619 619 1098 617 617 1099 622 622 1100 617 617 1101 621 621 1102 622 622 1103 620 620 1104 226 226 1105 623 623 1106 226 226 1107 227 227 1108 623 623 1109 223 223 1110 618 618 1111 230 230 1112 618 618 1113 624 624 1114 230 230 1115 224 224 1116 225 225 1117 229 229 1118 225 225 1119 228 228 1120 229 229 1121 626 626 1122 625 625 1123 231 231 1124 625 625 1125 232 232 1126 231 231 1127 233 233 1128 234 234 1129 378 378 1130 234 234 1131 373 373 1132 378 378 1133 375 375 1134 368 368 1135 642 642 1136 368 368 1137 255 255 1138 642 642 1139 659 659 1140 374 374 1141 271 271 1142 374 374 1143 641 641 1144 271 271 1145 267 267 1146 594 594 1147 472 472 1148 594 594 1149 589 589 1150 472 472 1151 190 190 1152 237 237 1153 591 591 1154 237 237 1155 592 592 1156 591 591 1157 192 192 1158 474 474 1159 597 597 1160 474 474 1161 473 473 1162 597 597 1163 627 627 1164 236 236 1165 296 296 1166 236 236 1167 629 629 1168 296 296 1169 630 630 1170 628 628 1171 240 240 1172 628 628 1173 593 593 1174 240 240 1175 640 640 1176 254 254 1177 235 235 1178 254 254 1179 253 253 1180 235 235 1181 237 237 1182 239 239 1183 592 592 1184 239 239 1185 273 273 1186 592 592 1187 643 643 1188 644 644 1189 661 661 1190 644 644 1191 287 287 1192 661 661 1193 660 660 1194 286 286 1195 376 376 1196 286 286 1197 272 272 1198 376 376 1199 632 632 1200 639 639 1201 631 631 1202 639 639 1203 242 242 1204 631 631 1205 638 638 1206 633 633 1207 249 249 1208 633 633 1209 241 241 1210 249 249 1211 637 637 1212 635 635 1213 243 243 1214 635 635 1215 244 244 1216 243 243 1217 251 251 1218 247 247 1219 250 250 1220 247 247 1221 248 248 1222 250 250 1223 246 246 1224 251 251 1225 636 636 1226 251 251 1227 250 250 1228 636 636 1229 245 245 1230 638 638 1231 634 634 1232 638 638 1233 249 249 1234 634 634 1235 222 222 1236 295 295 1237 615 615 1238 295 295 1239 656 656 1240 615 615 1241 221 221 1242 294 294 1243 220 220 1244 294 294 1245 293 293 1246 220 220 1247 235 235 1248 253 253 1249 191 191 1250 253 253 1251 266 266 1252 191 191 1253 270 270 1254 394 394 1255 657 657 1256 394 394 1257 377 377 1258 657 657 1259 268 268 1260 269 269 1261 193 193 1262 269 269 1263 238 238 1264 193 193 1265 270 270 1266 657 657 1267 256 256 1268 657 657 1269 658 658 1270 256 256 1271 645 645 1272 646 646 1273 648 648 1274 646 646 1275 649 649 1276 648 648 1277 645 645 1278 648 648 1279 606 606 1280 648 648 1281 651 651 1282 606 606 1283 647 647 1284 650 650 1285 646 646 1286 650 650 1287 649 649 1288 646 646 1289 494 494 1290 498 498 1291 647 647 1292 498 498 1293 650 650 1294 647 647 1295 301 301 1296 298 298 1297 285 285 1298 298 298 1299 274 274 1300 285 285 1301 285 285 1302 274 274 1303 284 284 1304 274 274 1305 275 275 1306 284 284 1307 284 284 1308 275 275 1309 283 283 1310 275 275 1311 276 276 1312 283 283 1313 288 288 1314 283 283 1315 297 297 1316 283 283 1317 276 276 1318 297 297 1319 282 282 1320 277 277 1321 300 300 1322 277 277 1323 299 299 1324 300 300 1325 281 281 1326 278 278 1327 282 282 1328 278 278 1329 277 277 1330 282 282 1331 280 280 1332 279 279 1333 281 281 1334 279 279 1335 278 278 1336 281 281 1337 212 212 1338 252 252 1339 280 280 1340 252 252 1341 279 279 1342 280 280 1343 627 627 1344 296 296 1345 644 644 1346 296 296 1347 287 287 1348 644 644 1349 630 630 1350 240 240 1351 286 286 1352 240 240 1353 272 272 1354 286 286 1355 640 640 1356 642 642 1357 254 254 1358 642 642 1359 255 255 1360 254 254 1361 659 659 1362 271 271 1363 239 239 1364 271 271 1365 273 273 1366 239 239 1367 655 655 1368 289 289 1369 653 653 1370 289 289 1371 290 290 1372 653 653 1373 292 292 1374 654 654 1375 295 295 1376 654 654 1377 656 656 1378 295 295 1379 291 291 1380 652 652 1381 294 294 1382 652 652 1383 293 293 1384 294 294 1385 392 392 1386 350 350 1387 379 379 1388 350 350 1389 728 728 1390 379 379 1391 388 388 1392 567 567 1393 662 662 1394 567 567 1395 664 664 1396 662 662 1397 700 700 1398 667 667 1399 663 663 1400 667 667 1401 668 668 1402 663 663 1403 348 348 1404 701 701 1405 669 669 1406 701 701 1407 670 670 1408 669 669 1409 605 605 1410 371 371 1411 677 677 1412 371 371 1413 312 312 1414 677 677 1415 677 677 1416 312 312 1417 676 676 1418 312 312 1419 313 313 1420 676 676 1421 676 676 1422 313 313 1423 675 675 1424 313 313 1425 314 314 1426 675 675 1427 675 675 1428 314 314 1429 524 524 1430 314 314 1431 382 382 1432 524 524 1433 601 601 1434 674 674 1435 372 372 1436 674 674 1437 315 315 1438 372 372 1439 673 673 1440 316 316 1441 674 674 1442 316 316 1443 315 315 1444 674 674 1445 672 672 1446 317 317 1447 673 673 1448 317 317 1449 316 316 1450 673 673 1451 520 520 1452 383 383 1453 672 672 1454 383 383 1455 317 317 1456 672 672 1457 381 381 1458 380 380 1459 309 309 1460 380 380 1461 306 306 1462 309 309 1463 309 309 1464 306 306 1465 310 310 1466 306 306 1467 307 307 1468 310 310 1469 311 311 1470 308 308 1471 370 370 1472 308 308 1473 369 369 1474 370 370 1475 311 311 1476 310 310 1477 308 308 1478 310 310 1479 307 307 1480 308 308 1481 679 679 1482 680 680 1483 682 682 1484 680 680 1485 683 683 1486 682 682 1487 679 679 1488 682 682 1489 678 678 1490 682 682 1491 721 721 1492 678 678 1493 681 681 1494 684 684 1495 680 680 1496 684 684 1497 683 683 1498 680 680 1499 532 532 1500 536 536 1501 681 681 1502 536 536 1503 684 684 1504 681 681 1505 387 387 1506 384 384 1507 330 330 1508 384 384 1509 318 318 1510 330 330 1511 330 330 1512 318 318 1513 329 329 1514 318 318 1515 319 319 1516 329 329 1517 329 329 1518 319 319 1519 328 328 1520 319 319 1521 320 320 1522 328 328 1523 412 412 1524 328 328 1525 421 421 1526 328 328 1527 320 320 1528 421 421 1529 327 327 1530 321 321 1531 386 386 1532 321 321 1533 385 385 1534 386 386 1535 326 326 1536 322 322 1537 327 327 1538 322 322 1539 321 321 1540 327 327 1541 325 325 1542 323 323 1543 326 326 1544 323 323 1545 322 322 1546 326 326 1547 324 324 1548 364 364 1549 325 325 1550 364 364 1551 323 323 1552 325 325 1553 688 688 1554 331 331 1555 686 686 1556 331 331 1557 685 685 1558 686 686 1559 691 691 1560 694 694 1561 689 689 1562 694 694 1563 693 693 1564 689 689 1565 692 692 1566 695 695 1567 338 338 1568 695 695 1569 339 339 1570 338 338 1571 335 335 1572 342 342 1573 690 690 1574 342 342 1575 696 696 1576 690 690 1577 336 336 1578 341 341 1579 337 337 1580 341 341 1581 340 340 1582 337 337 1583 698 698 1584 343 343 1585 697 697 1586 343 343 1587 344 344 1588 697 697 1589 345 345 1590 378 378 1591 346 346 1592 378 378 1593 373 373 1594 346 346 1595 375 375 1596 713 713 1597 368 368 1598 713 713 1599 367 367 1600 368 368 1601 729 729 1602 395 395 1603 374 374 1604 395 395 1605 641 641 1606 374 374 1607 390 390 1608 554 554 1609 668 668 1610 554 554 1611 663 663 1612 668 668 1613 302 302 1614 665 665 1615 349 349 1616 665 665 1617 666 666 1618 349 349 1619 304 304 1620 671 671 1621 556 556 1622 671 671 1623 555 555 1624 556 556 1625 699 699 1626 420 420 1627 348 348 1628 420 420 1629 701 701 1630 348 348 1631 702 702 1632 352 352 1633 700 700 1634 352 352 1635 667 667 1636 700 700 1637 712 712 1638 347 347 1639 366 366 1640 347 347 1641 365 365 1642 366 366 1643 349 349 1644 666 666 1645 351 351 1646 666 666 1647 397 397 1648 351 351 1649 643 643 1650 661 661 1651 714 714 1652 661 661 1653 411 411 1654 714 714 1655 660 660 1656 376 376 1657 410 410 1658 376 376 1659 396 396 1660 410 410 1661 704 704 1662 703 703 1663 711 711 1664 703 703 1665 354 354 1666 711 711 1667 710 710 1668 361 361 1669 705 705 1670 361 361 1671 353 353 1672 705 705 1673 709 709 1674 355 355 1675 707 707 1676 355 355 1677 356 356 1678 707 707 1679 363 363 1680 362 362 1681 359 359 1682 362 362 1683 360 360 1684 359 359 1685 358 358 1686 708 708 1687 363 363 1688 708 708 1689 362 362 1690 363 363 1691 357 357 1692 706 706 1693 710 710 1694 706 706 1695 361 361 1696 710 710 1697 334 334 1698 687 687 1699 419 419 1700 687 687 1701 726 726 1702 419 419 1703 333 333 1704 332 332 1705 418 418 1706 332 332 1707 417 417 1708 418 418 1709 347 347 1710 303 303 1711 365 365 1712 303 303 1713 389 389 1714 365 365 1715 393 393 1716 727 727 1717 394 394 1718 727 727 1719 377 377 1720 394 394 1721 391 391 1722 305 305 1723 392 392 1724 305 305 1725 350 350 1726 392 392 1727 393 393 1728 379 379 1729 727 727 1730 379 379 1731 728 728 1732 727 727 1733 715 715 1734 718 718 1735 716 716 1736 718 718 1737 719 719 1738 716 716 1739 715 715 1740 678 678 1741 718 718 1742 678 678 1743 721 721 1744 718 718 1745 717 717 1746 716 716 1747 720 720 1748 716 716 1749 719 719 1750 720 720 1751 574 574 1752 717 717 1753 578 578 1754 717 717 1755 720 720 1756 578 578 1757 425 425 1758 409 409 1759 422 422 1760 409 409 1761 398 398 1762 422 422 1763 409 409 1764 408 408 1765 398 398 1766 408 408 1767 399 399 1768 398 398 1769 408 408 1770 407 407 1771 399 399 1772 407 407 1773 400 400 1774 399 399 1775 412 412 1776 421 421 1777 407 407 1778 421 421 1779 400 400 1780 407 407 1781 406 406 1782 424 424 1783 401 401 1784 424 424 1785 423 423 1786 401 401 1787 405 405 1788 406 406 1789 402 402 1790 406 406 1791 401 401 1792 402 402 1793 404 404 1794 405 405 1795 403 403 1796 405 405 1797 402 402 1798 403 403 1799 324 324 1800 404 404 1801 364 364 1802 404 404 1803 403 403 1804 364 364 1805 699 699 1806 714 714 1807 420 420 1808 714 714 1809 411 411 1810 420 420 1811 702 702 1812 410 410 1813 352 352 1814 410 410 1815 396 396 1816 352 352 1817 712 712 1818 366 366 1819 713 713 1820 366 366 1821 367 367 1822 713 713 1823 729 729 1824 351 351 1825 395 395 1826 351 351 1827 397 397 1828 395 395 1829 725 725 1830 723 723 1831 413 413 1832 723 723 1833 414 414 1834 413 413 1835 416 416 1836 419 419 1837 724 724 1838 419 419 1839 726 726 1840 724 724 1841 415 415 1842 418 418 1843 722 722 1844 418 418 1845 417 417 1846 722 722 1847 737 737 1848 780 780 1849 739 739 1850 780 780 1851 779 779 1852 739 739 1853 766 766 1854 770 770 1855 797 797 1856 770 770 1857 794 794 1858 797 797 1859 785 785 1860 764 764 1861 784 784 1862 764 764 1863 761 761 1864 784 784 1865 781 781 1866 784 784 1867 752 752 1868 784 784 1869 754 754 1870 752 752 1871 769 769 1872 767 767 1873 773 773 1874 767 767 1875 786 786 1876 773 773 1877 776 776 1878 783 783 1879 731 731 1880 783 783 1881 780 780 1882 731 731 1883 784 784 1884 761 761 1885 754 754 1886 761 761 1887 758 758 1888 754 754 1889 743 743 1890 778 778 1891 746 746 1892 778 778 1893 749 749 1894 746 746 1895 773 773 1896 786 786 1897 776 776 1898 786 786 1899 783 783 1900 776 776 1901 786 786 1902 767 767 1903 785 785 1904 767 767 1905 764 764 1906 785 785 1907 731 731 1908 780 780 1909 733 733 1910 780 780 1911 737 737 1912 733 733 1913 739 739 1914 779 779 1915 743 743 1916 779 779 1917 778 778 1918 743 743 1919 778 778 1920 781 781 1921 749 749 1922 781 781 1923 752 752 1924 749 749 1925 734 734 1926 735 735 1927 736 736 1928 735 735 1929 738 738 1930 736 736 1931 735 735 1932 733 733 1933 738 738 1934 733 733 1935 737 737 1936 738 738 1937 740 740 1938 741 741 1939 742 742 1940 741 741 1941 744 744 1942 742 742 1943 741 741 1944 739 739 1945 744 744 1946 739 739 1947 743 743 1948 744 744 1949 755 755 1950 756 756 1951 757 757 1952 756 756 1953 759 759 1954 757 757 1955 756 756 1956 754 754 1957 759 759 1958 754 754 1959 758 758 1960 759 759 1961 742 742 1962 744 744 1963 745 745 1964 744 744 1965 747 747 1966 745 745 1967 744 744 1968 743 743 1969 747 747 1970 743 743 1971 746 746 1972 747 747 1973 745 745 1974 747 747 1975 748 748 1976 747 747 1977 750 750 1978 748 748 1979 747 747 1980 746 746 1981 750 750 1982 746 746 1983 749 749 1984 750 750 1985 757 757 1986 759 759 1987 760 760 1988 759 759 1989 762 762 1990 760 760 1991 759 759 1992 758 758 1993 762 762 1994 758 758 1995 761 761 1996 762 762 1997 760 760 1998 762 762 1999 763 763 2000 762 762 2001 765 765 2002 763 763 2003 762 762 2004 761 761 2005 765 765 2006 761 761 2007 764 764 2008 765 765 2009 770 770 2010 771 771 2011 772 772 2012 771 771 2013 774 774 2014 772 772 2015 771 771 2016 769 769 2017 774 774 2018 769 769 2019 773 773 2020 774 774 2021 748 748 2022 750 750 2023 751 751 2024 750 750 2025 753 753 2026 751 751 2027 750 750 2028 749 749 2029 753 753 2030 749 749 2031 752 752 2032 753 753 2033 751 751 2034 753 753 2035 755 755 2036 753 753 2037 756 756 2038 755 755 2039 753 753 2040 752 752 2041 756 756 2042 752 752 2043 754 754 2044 756 756 2045 763 763 2046 765 765 2047 766 766 2048 765 765 2049 768 768 2050 766 766 2051 765 765 2052 764 764 2053 768 768 2054 764 764 2055 767 767 2056 768 768 2057 766 766 2058 768 768 2059 770 770 2060 768 768 2061 771 771 2062 770 770 2063 768 768 2064 767 767 2065 771 771 2066 767 767 2067 769 769 2068 771 771 2069 772 772 2070 774 774 2071 775 775 2072 774 774 2073 777 777 2074 775 775 2075 774 774 2076 773 773 2077 777 777 2078 773 773 2079 776 776 2080 777 777 2081 736 736 2082 738 738 2083 740 740 2084 738 738 2085 741 741 2086 740 740 2087 738 738 2088 737 737 2089 741 741 2090 737 737 2091 739 739 2092 741 741 2093 775 775 2094 777 777 2095 730 730 2096 777 777 2097 732 732 2098 730 730 2099 777 777 2100 776 776 2101 732 732 2102 776 776 2103 731 731 2104 732 732 2105 730 730 2106 732 732 2107 734 734 2108 732 732 2109 735 735 2110 734 734 2111 732 732 2112 731 731 2113 735 735 2114 731 731 2115 733 733 2116 735 735 2117 779 779 2118 782 782 2119 778 778 2120 782 782 2121 781 781 2122 778 778 2123 782 782 2124 785 785 2125 781 781 2126 785 785 2127 784 784 2128 781 781 2129 780 780 2130 783 783 2131 779 779 2132 783 783 2133 782 782 2134 779 779 2135 783 783 2136 786 786 2137 782 782 2138 786 786 2139 785 785 2140 782 782 2141 791 791 2142 787 787 2143 792 792 2144 787 787 2145 789 789 2146 792 792 2147 792 792 2148 789 789 2149 790 790 2150 789 789 2151 788 788 2152 790 790 2153 794 794 2154 791 791 2155 795 795 2156 791 791 2157 792 792 2158 795 795 2159 795 795 2160 792 792 2161 793 793 2162 792 792 2163 790 790 2164 793 793 2165 797 797 2166 794 794 2167 798 798 2168 794 794 2169 795 795 2170 798 798 2171 798 798 2172 795 795 2173 796 796 2174 795 795 2175 793 793 2176 796 796 2177 800 800 2178 797 797 2179 801 801 2180 797 797 2181 798 798 2182 801 801 2183 801 801 2184 798 798 2185 799 799 2186 798 798 2187 796 796 2188 799 799 2189 803 803 2190 800 800 2191 804 804 2192 800 800 2193 801 801 2194 804 804 2195 804 804 2196 801 801 2197 802 802 2198 801 801 2199 799 799 2200 802 802 2201 806 806 2202 803 803 2203 807 807 2204 803 803 2205 804 804 2206 807 807 2207 807 807 2208 804 804 2209 805 805 2210 804 804 2211 802 802 2212 805 805 2213 809 809 2214 806 806 2215 810 810 2216 806 806 2217 807 807 2218 810 810 2219 810 810 2220 807 807 2221 808 808 2222 807 807 2223 805 805 2224 808 808 2225 812 812 2226 809 809 2227 813 813 2228 809 809 2229 810 810 2230 813 813 2231 813 813 2232 810 810 2233 811 811 2234 810 810 2235 808 808 2236 811 811 2237 815 815 2238 812 812 2239 816 816 2240 812 812 2241 813 813 2242 816 816 2243 816 816 2244 813 813 2245 814 814 2246 813 813 2247 811 811 2248 814 814 2249 818 818 2250 815 815 2251 819 819 2252 815 815 2253 816 816 2254 819 819 2255 819 819 2256 816 816 2257 817 817 2258 816 816 2259 814 814 2260 817 817 2261 821 821 2262 818 818 2263 822 822 2264 818 818 2265 819 819 2266 822 822 2267 822 822 2268 819 819 2269 820 820 2270 819 819 2271 817 817 2272 820 820 2273 824 824 2274 821 821 2275 825 825 2276 821 821 2277 822 822 2278 825 825 2279 825 825 2280 822 822 2281 823 823 2282 822 822 2283 820 820 2284 823 823 2285 827 827 2286 824 824 2287 828 828 2288 824 824 2289 825 825 2290 828 828 2291 828 828 2292 825 825 2293 826 826 2294 825 825 2295 823 823 2296 826 826 2297 830 830 2298 827 827 2299 831 831 2300 827 827 2301 828 828 2302 831 831 2303 831 831 2304 828 828 2305 829 829 2306 828 828 2307 826 826 2308 829 829 2309 833 833 2310 830 830 2311 834 834 2312 830 830 2313 831 831 2314 834 834 2315 834 834 2316 831 831 2317 832 832 2318 831 831 2319 829 829 2320 832 832 2321 787 787 2322 833 833 2323 789 789 2324 833 833 2325 834 834 2326 789 789 2327 789 789 2328 834 834 2329 788 788 2330 834 834 2331 832 832 2332 788 788 2333 745 745 2334 748 748 2335 818 818 2336 748 748 2337 815 815 2338 818 818 2339 770 770 2340 772 772 2341 794 794 2342 772 772 2343 791 791 2344 794 794 2345 748 748 2346 751 751 2347 815 815 2348 751 751 2349 812 812 2350 815 815 2351 787 787 2352 775 775 2353 833 833 2354 775 775 2355 730 730 2356 833 833 2357 772 772 2358 775 775 2359 791 791 2360 775 775 2361 787 787 2362 791 791 2363 751 751 2364 755 755 2365 812 812 2366 755 755 2367 809 809 2368 812 812 2369 833 833 2370 730 730 2371 830 830 2372 730 730 2373 734 734 2374 830 830 2375 755 755 2376 757 757 2377 809 809 2378 757 757 2379 806 806 2380 809 809 2381 734 734 2382 736 736 2383 830 830 2384 736 736 2385 827 827 2386 830 830 2387 757 757 2388 760 760 2389 806 806 2390 760 760 2391 803 803 2392 806 806 2393 736 736 2394 740 740 2395 827 827 2396 740 740 2397 824 824 2398 827 827 2399 760 760 2400 763 763 2401 803 803 2402 763 763 2403 800 800 2404 803 803 2405 740 740 2406 742 742 2407 824 824 2408 742 742 2409 821 821 2410 824 824 2411 763 763 2412 766 766 2413 800 800 2414 766 766 2415 797 797 2416 800 800 2417 742 742 2418 745 745 2419 821 821 2420 745 745 2421 818 818 2422 821 821 2423 842 842 2424 885 885 2425 844 844 2426 885 885 2427 884 884 2428 844 844 2429 871 871 2430 875 875 2431 902 902 2432 875 875 2433 899 899 2434 902 902 2435 890 890 2436 869 869 2437 889 889 2438 869 869 2439 866 866 2440 889 889 2441 886 886 2442 889 889 2443 857 857 2444 889 889 2445 859 859 2446 857 857 2447 874 874 2448 872 872 2449 878 878 2450 872 872 2451 891 891 2452 878 878 2453 881 881 2454 888 888 2455 836 836 2456 888 888 2457 885 885 2458 836 836 2459 889 889 2460 866 866 2461 859 859 2462 866 866 2463 863 863 2464 859 859 2465 848 848 2466 883 883 2467 851 851 2468 883 883 2469 854 854 2470 851 851 2471 878 878 2472 891 891 2473 881 881 2474 891 891 2475 888 888 2476 881 881 2477 891 891 2478 872 872 2479 890 890 2480 872 872 2481 869 869 2482 890 890 2483 836 836 2484 885 885 2485 838 838 2486 885 885 2487 842 842 2488 838 838 2489 844 844 2490 884 884 2491 848 848 2492 884 884 2493 883 883 2494 848 848 2495 883 883 2496 886 886 2497 854 854 2498 886 886 2499 857 857 2500 854 854 2501 839 839 2502 840 840 2503 841 841 2504 840 840 2505 843 843 2506 841 841 2507 840 840 2508 838 838 2509 843 843 2510 838 838 2511 842 842 2512 843 843 2513 845 845 2514 846 846 2515 847 847 2516 846 846 2517 849 849 2518 847 847 2519 846 846 2520 844 844 2521 849 849 2522 844 844 2523 848 848 2524 849 849 2525 860 860 2526 861 861 2527 862 862 2528 861 861 2529 864 864 2530 862 862 2531 861 861 2532 859 859 2533 864 864 2534 859 859 2535 863 863 2536 864 864 2537 847 847 2538 849 849 2539 850 850 2540 849 849 2541 852 852 2542 850 850 2543 849 849 2544 848 848 2545 852 852 2546 848 848 2547 851 851 2548 852 852 2549 850 850 2550 852 852 2551 853 853 2552 852 852 2553 855 855 2554 853 853 2555 852 852 2556 851 851 2557 855 855 2558 851 851 2559 854 854 2560 855 855 2561 862 862 2562 864 864 2563 865 865 2564 864 864 2565 867 867 2566 865 865 2567 864 864 2568 863 863 2569 867 867 2570 863 863 2571 866 866 2572 867 867 2573 865 865 2574 867 867 2575 868 868 2576 867 867 2577 870 870 2578 868 868 2579 867 867 2580 866 866 2581 870 870 2582 866 866 2583 869 869 2584 870 870 2585 875 875 2586 876 876 2587 877 877 2588 876 876 2589 879 879 2590 877 877 2591 876 876 2592 874 874 2593 879 879 2594 874 874 2595 878 878 2596 879 879 2597 853 853 2598 855 855 2599 856 856 2600 855 855 2601 858 858 2602 856 856 2603 855 855 2604 854 854 2605 858 858 2606 854 854 2607 857 857 2608 858 858 2609 856 856 2610 858 858 2611 860 860 2612 858 858 2613 861 861 2614 860 860 2615 858 858 2616 857 857 2617 861 861 2618 857 857 2619 859 859 2620 861 861 2621 868 868 2622 870 870 2623 871 871 2624 870 870 2625 873 873 2626 871 871 2627 870 870 2628 869 869 2629 873 873 2630 869 869 2631 872 872 2632 873 873 2633 871 871 2634 873 873 2635 875 875 2636 873 873 2637 876 876 2638 875 875 2639 873 873 2640 872 872 2641 876 876 2642 872 872 2643 874 874 2644 876 876 2645 877 877 2646 879 879 2647 880 880 2648 879 879 2649 882 882 2650 880 880 2651 879 879 2652 878 878 2653 882 882 2654 878 878 2655 881 881 2656 882 882 2657 841 841 2658 843 843 2659 845 845 2660 843 843 2661 846 846 2662 845 845 2663 843 843 2664 842 842 2665 846 846 2666 842 842 2667 844 844 2668 846 846 2669 880 880 2670 882 882 2671 835 835 2672 882 882 2673 837 837 2674 835 835 2675 882 882 2676 881 881 2677 837 837 2678 881 881 2679 836 836 2680 837 837 2681 835 835 2682 837 837 2683 839 839 2684 837 837 2685 840 840 2686 839 839 2687 837 837 2688 836 836 2689 840 840 2690 836 836 2691 838 838 2692 840 840 2693 884 884 2694 887 887 2695 883 883 2696 887 887 2697 886 886 2698 883 883 2699 887 887 2700 890 890 2701 886 886 2702 890 890 2703 889 889 2704 886 886 2705 885 885 2706 888 888 2707 884 884 2708 888 888 2709 887 887 2710 884 884 2711 888 888 2712 891 891 2713 887 887 2714 891 891 2715 890 890 2716 887 887 2717 896 896 2718 892 892 2719 897 897 2720 892 892 2721 894 894 2722 897 897 2723 897 897 2724 894 894 2725 895 895 2726 894 894 2727 893 893 2728 895 895 2729 899 899 2730 896 896 2731 900 900 2732 896 896 2733 897 897 2734 900 900 2735 900 900 2736 897 897 2737 898 898 2738 897 897 2739 895 895 2740 898 898 2741 902 902 2742 899 899 2743 903 903 2744 899 899 2745 900 900 2746 903 903 2747 903 903 2748 900 900 2749 901 901 2750 900 900 2751 898 898 2752 901 901 2753 905 905 2754 902 902 2755 906 906 2756 902 902 2757 903 903 2758 906 906 2759 906 906 2760 903 903 2761 904 904 2762 903 903 2763 901 901 2764 904 904 2765 908 908 2766 905 905 2767 909 909 2768 905 905 2769 906 906 2770 909 909 2771 909 909 2772 906 906 2773 907 907 2774 906 906 2775 904 904 2776 907 907 2777 911 911 2778 908 908 2779 912 912 2780 908 908 2781 909 909 2782 912 912 2783 912 912 2784 909 909 2785 910 910 2786 909 909 2787 907 907 2788 910 910 2789 914 914 2790 911 911 2791 915 915 2792 911 911 2793 912 912 2794 915 915 2795 915 915 2796 912 912 2797 913 913 2798 912 912 2799 910 910 2800 913 913 2801 917 917 2802 914 914 2803 918 918 2804 914 914 2805 915 915 2806 918 918 2807 918 918 2808 915 915 2809 916 916 2810 915 915 2811 913 913 2812 916 916 2813 920 920 2814 917 917 2815 921 921 2816 917 917 2817 918 918 2818 921 921 2819 921 921 2820 918 918 2821 919 919 2822 918 918 2823 916 916 2824 919 919 2825 923 923 2826 920 920 2827 924 924 2828 920 920 2829 921 921 2830 924 924 2831 924 924 2832 921 921 2833 922 922 2834 921 921 2835 919 919 2836 922 922 2837 926 926 2838 923 923 2839 927 927 2840 923 923 2841 924 924 2842 927 927 2843 927 927 2844 924 924 2845 925 925 2846 924 924 2847 922 922 2848 925 925 2849 929 929 2850 926 926 2851 930 930 2852 926 926 2853 927 927 2854 930 930 2855 930 930 2856 927 927 2857 928 928 2858 927 927 2859 925 925 2860 928 928 2861 932 932 2862 929 929 2863 933 933 2864 929 929 2865 930 930 2866 933 933 2867 933 933 2868 930 930 2869 931 931 2870 930 930 2871 928 928 2872 931 931 2873 935 935 2874 932 932 2875 936 936 2876 932 932 2877 933 933 2878 936 936 2879 936 936 2880 933 933 2881 934 934 2882 933 933 2883 931 931 2884 934 934 2885 938 938 2886 935 935 2887 939 939 2888 935 935 2889 936 936 2890 939 939 2891 939 939 2892 936 936 2893 937 937 2894 936 936 2895 934 934 2896 937 937 2897 892 892 2898 938 938 2899 894 894 2900 938 938 2901 939 939 2902 894 894 2903 894 894 2904 939 939 2905 893 893 2906 939 939 2907 937 937 2908 893 893 2909 850 850 2910 853 853 2911 923 923 2912 853 853 2913 920 920 2914 923 923 2915 875 875 2916 877 877 2917 899 899 2918 877 877 2919 896 896 2920 899 899 2921 853 853 2922 856 856 2923 920 920 2924 856 856 2925 917 917 2926 920 920 2927 892 892 2928 880 880 2929 938 938 2930 880 880 2931 835 835 2932 938 938 2933 877 877 2934 880 880 2935 896 896 2936 880 880 2937 892 892 2938 896 896 2939 856 856 2940 860 860 2941 917 917 2942 860 860 2943 914 914 2944 917 917 2945 938 938 2946 835 835 2947 935 935 2948 835 835 2949 839 839 2950 935 935 2951 860 860 2952 862 862 2953 914 914 2954 862 862 2955 911 911 2956 914 914 2957 839 839 2958 841 841 2959 935 935 2960 841 841 2961 932 932 2962 935 935 2963 862 862 2964 865 865 2965 911 911 2966 865 865 2967 908 908 2968 911 911 2969 841 841 2970 845 845 2971 932 932 2972 845 845 2973 929 929 2974 932 932 2975 865 865 2976 868 868 2977 908 908 2978 868 868 2979 905 905 2980 908 908 2981 845 845 2982 847 847 2983 929 929 2984 847 847 2985 926 926 2986 929 929 2987 868 868 2988 871 871 2989 905 905 2990 871 871 2991 902 902 2992 905 905 2993 847 847 2994 850 850 2995 926 926 2996 850 850 2997 923 923 2998 926 926 2999 947 947 3000 990 990 3001 949 949 3002 990 990 3003 989 989 3004 949 949 3005 976 976 3006 980 980 3007 1007 1007 3008 980 980 3009 1004 1004 3010 1007 1007 3011 995 995 3012 974 974 3013 994 994 3014 974 974 3015 971 971 3016 994 994 3017 991 991 3018 994 994 3019 962 962 3020 994 994 3021 964 964 3022 962 962 3023 979 979 3024 977 977 3025 983 983 3026 977 977 3027 996 996 3028 983 983 3029 986 986 3030 993 993 3031 941 941 3032 993 993 3033 990 990 3034 941 941 3035 994 994 3036 971 971 3037 964 964 3038 971 971 3039 968 968 3040 964 964 3041 953 953 3042 988 988 3043 956 956 3044 988 988 3045 959 959 3046 956 956 3047 983 983 3048 996 996 3049 986 986 3050 996 996 3051 993 993 3052 986 986 3053 996 996 3054 977 977 3055 995 995 3056 977 977 3057 974 974 3058 995 995 3059 941 941 3060 990 990 3061 943 943 3062 990 990 3063 947 947 3064 943 943 3065 949 949 3066 989 989 3067 953 953 3068 989 989 3069 988 988 3070 953 953 3071 988 988 3072 991 991 3073 959 959 3074 991 991 3075 962 962 3076 959 959 3077 944 944 3078 945 945 3079 946 946 3080 945 945 3081 948 948 3082 946 946 3083 945 945 3084 943 943 3085 948 948 3086 943 943 3087 947 947 3088 948 948 3089 950 950 3090 951 951 3091 952 952 3092 951 951 3093 954 954 3094 952 952 3095 951 951 3096 949 949 3097 954 954 3098 949 949 3099 953 953 3100 954 954 3101 965 965 3102 966 966 3103 967 967 3104 966 966 3105 969 969 3106 967 967 3107 966 966 3108 964 964 3109 969 969 3110 964 964 3111 968 968 3112 969 969 3113 952 952 3114 954 954 3115 955 955 3116 954 954 3117 957 957 3118 955 955 3119 954 954 3120 953 953 3121 957 957 3122 953 953 3123 956 956 3124 957 957 3125 955 955 3126 957 957 3127 958 958 3128 957 957 3129 960 960 3130 958 958 3131 957 957 3132 956 956 3133 960 960 3134 956 956 3135 959 959 3136 960 960 3137 967 967 3138 969 969 3139 970 970 3140 969 969 3141 972 972 3142 970 970 3143 969 969 3144 968 968 3145 972 972 3146 968 968 3147 971 971 3148 972 972 3149 970 970 3150 972 972 3151 973 973 3152 972 972 3153 975 975 3154 973 973 3155 972 972 3156 971 971 3157 975 975 3158 971 971 3159 974 974 3160 975 975 3161 980 980 3162 981 981 3163 982 982 3164 981 981 3165 984 984 3166 982 982 3167 981 981 3168 979 979 3169 984 984 3170 979 979 3171 983 983 3172 984 984 3173 958 958 3174 960 960 3175 961 961 3176 960 960 3177 963 963 3178 961 961 3179 960 960 3180 959 959 3181 963 963 3182 959 959 3183 962 962 3184 963 963 3185 961 961 3186 963 963 3187 965 965 3188 963 963 3189 966 966 3190 965 965 3191 963 963 3192 962 962 3193 966 966 3194 962 962 3195 964 964 3196 966 966 3197 973 973 3198 975 975 3199 976 976 3200 975 975 3201 978 978 3202 976 976 3203 975 975 3204 974 974 3205 978 978 3206 974 974 3207 977 977 3208 978 978 3209 976 976 3210 978 978 3211 980 980 3212 978 978 3213 981 981 3214 980 980 3215 978 978 3216 977 977 3217 981 981 3218 977 977 3219 979 979 3220 981 981 3221 982 982 3222 984 984 3223 985 985 3224 984 984 3225 987 987 3226 985 985 3227 984 984 3228 983 983 3229 987 987 3230 983 983 3231 986 986 3232 987 987 3233 946 946 3234 948 948 3235 950 950 3236 948 948 3237 951 951 3238 950 950 3239 948 948 3240 947 947 3241 951 951 3242 947 947 3243 949 949 3244 951 951 3245 985 985 3246 987 987 3247 940 940 3248 987 987 3249 942 942 3250 940 940 3251 987 987 3252 986 986 3253 942 942 3254 986 986 3255 941 941 3256 942 942 3257 940 940 3258 942 942 3259 944 944 3260 942 942 3261 945 945 3262 944 944 3263 942 942 3264 941 941 3265 945 945 3266 941 941 3267 943 943 3268 945 945 3269 989 989 3270 992 992 3271 988 988 3272 992 992 3273 991 991 3274 988 988 3275 992 992 3276 995 995 3277 991 991 3278 995 995 3279 994 994 3280 991 991 3281 990 990 3282 993 993 3283 989 989 3284 993 993 3285 992 992 3286 989 989 3287 993 993 3288 996 996 3289 992 992 3290 996 996 3291 995 995 3292 992 992 3293 1001 1001 3294 997 997 3295 1002 1002 3296 997 997 3297 999 999 3298 1002 1002 3299 1002 1002 3300 999 999 3301 1000 1000 3302 999 999 3303 998 998 3304 1000 1000 3305 1004 1004 3306 1001 1001 3307 1005 1005 3308 1001 1001 3309 1002 1002 3310 1005 1005 3311 1005 1005 3312 1002 1002 3313 1003 1003 3314 1002 1002 3315 1000 1000 3316 1003 1003 3317 1007 1007 3318 1004 1004 3319 1008 1008 3320 1004 1004 3321 1005 1005 3322 1008 1008 3323 1008 1008 3324 1005 1005 3325 1006 1006 3326 1005 1005 3327 1003 1003 3328 1006 1006 3329 1010 1010 3330 1007 1007 3331 1011 1011 3332 1007 1007 3333 1008 1008 3334 1011 1011 3335 1011 1011 3336 1008 1008 3337 1009 1009 3338 1008 1008 3339 1006 1006 3340 1009 1009 3341 1013 1013 3342 1010 1010 3343 1014 1014 3344 1010 1010 3345 1011 1011 3346 1014 1014 3347 1014 1014 3348 1011 1011 3349 1012 1012 3350 1011 1011 3351 1009 1009 3352 1012 1012 3353 1016 1016 3354 1013 1013 3355 1017 1017 3356 1013 1013 3357 1014 1014 3358 1017 1017 3359 1017 1017 3360 1014 1014 3361 1015 1015 3362 1014 1014 3363 1012 1012 3364 1015 1015 3365 1019 1019 3366 1016 1016 3367 1020 1020 3368 1016 1016 3369 1017 1017 3370 1020 1020 3371 1020 1020 3372 1017 1017 3373 1018 1018 3374 1017 1017 3375 1015 1015 3376 1018 1018 3377 1022 1022 3378 1019 1019 3379 1023 1023 3380 1019 1019 3381 1020 1020 3382 1023 1023 3383 1023 1023 3384 1020 1020 3385 1021 1021 3386 1020 1020 3387 1018 1018 3388 1021 1021 3389 1025 1025 3390 1022 1022 3391 1026 1026 3392 1022 1022 3393 1023 1023 3394 1026 1026 3395 1026 1026 3396 1023 1023 3397 1024 1024 3398 1023 1023 3399 1021 1021 3400 1024 1024 3401 1028 1028 3402 1025 1025 3403 1029 1029 3404 1025 1025 3405 1026 1026 3406 1029 1029 3407 1029 1029 3408 1026 1026 3409 1027 1027 3410 1026 1026 3411 1024 1024 3412 1027 1027 3413 1031 1031 3414 1028 1028 3415 1032 1032 3416 1028 1028 3417 1029 1029 3418 1032 1032 3419 1032 1032 3420 1029 1029 3421 1030 1030 3422 1029 1029 3423 1027 1027 3424 1030 1030 3425 1034 1034 3426 1031 1031 3427 1035 1035 3428 1031 1031 3429 1032 1032 3430 1035 1035 3431 1035 1035 3432 1032 1032 3433 1033 1033 3434 1032 1032 3435 1030 1030 3436 1033 1033 3437 1037 1037 3438 1034 1034 3439 1038 1038 3440 1034 1034 3441 1035 1035 3442 1038 1038 3443 1038 1038 3444 1035 1035 3445 1036 1036 3446 1035 1035 3447 1033 1033 3448 1036 1036 3449 1040 1040 3450 1037 1037 3451 1041 1041 3452 1037 1037 3453 1038 1038 3454 1041 1041 3455 1041 1041 3456 1038 1038 3457 1039 1039 3458 1038 1038 3459 1036 1036 3460 1039 1039 3461 1043 1043 3462 1040 1040 3463 1044 1044 3464 1040 1040 3465 1041 1041 3466 1044 1044 3467 1044 1044 3468 1041 1041 3469 1042 1042 3470 1041 1041 3471 1039 1039 3472 1042 1042 3473 997 997 3474 1043 1043 3475 999 999 3476 1043 1043 3477 1044 1044 3478 999 999 3479 999 999 3480 1044 1044 3481 998 998 3482 1044 1044 3483 1042 1042 3484 998 998 3485 955 955 3486 958 958 3487 1028 1028 3488 958 958 3489 1025 1025 3490 1028 1028 3491 980 980 3492 982 982 3493 1004 1004 3494 982 982 3495 1001 1001 3496 1004 1004 3497 958 958 3498 961 961 3499 1025 1025 3500 961 961 3501 1022 1022 3502 1025 1025 3503 997 997 3504 985 985 3505 1043 1043 3506 985 985 3507 940 940 3508 1043 1043 3509 982 982 3510 985 985 3511 1001 1001 3512 985 985 3513 997 997 3514 1001 1001 3515 961 961 3516 965 965 3517 1022 1022 3518 965 965 3519 1019 1019 3520 1022 1022 3521 1043 1043 3522 940 940 3523 1040 1040 3524 940 940 3525 944 944 3526 1040 1040 3527 965 965 3528 967 967 3529 1019 1019 3530 967 967 3531 1016 1016 3532 1019 1019 3533 944 944 3534 946 946 3535 1040 1040 3536 946 946 3537 1037 1037 3538 1040 1040 3539 967 967 3540 970 970 3541 1016 1016 3542 970 970 3543 1013 1013 3544 1016 1016 3545 946 946 3546 950 950 3547 1037 1037 3548 950 950 3549 1034 1034 3550 1037 1037 3551 970 970 3552 973 973 3553 1013 1013 3554 973 973 3555 1010 1010 3556 1013 1013 3557 950 950 3558 952 952 3559 1034 1034 3560 952 952 3561 1031 1031 3562 1034 1034 3563 973 973 3564 976 976 3565 1010 1010 3566 976 976 3567 1007 1007 3568 1010 1010 3569 952 952 3570 955 955 3571 1031 1031 3572 955 955 3573 1028 1028 3574 1031 1031 3575 1052 1052 3576 1095 1095 3577 1054 1054 3578 1095 1095 3579 1094 1094 3580 1054 1054 3581 1081 1081 3582 1085 1085 3583 1112 1112 3584 1085 1085 3585 1109 1109 3586 1112 1112 3587 1100 1100 3588 1079 1079 3589 1099 1099 3590 1079 1079 3591 1076 1076 3592 1099 1099 3593 1096 1096 3594 1099 1099 3595 1067 1067 3596 1099 1099 3597 1069 1069 3598 1067 1067 3599 1084 1084 3600 1082 1082 3601 1088 1088 3602 1082 1082 3603 1101 1101 3604 1088 1088 3605 1091 1091 3606 1098 1098 3607 1046 1046 3608 1098 1098 3609 1095 1095 3610 1046 1046 3611 1099 1099 3612 1076 1076 3613 1069 1069 3614 1076 1076 3615 1073 1073 3616 1069 1069 3617 1058 1058 3618 1093 1093 3619 1061 1061 3620 1093 1093 3621 1064 1064 3622 1061 1061 3623 1088 1088 3624 1101 1101 3625 1091 1091 3626 1101 1101 3627 1098 1098 3628 1091 1091 3629 1101 1101 3630 1082 1082 3631 1100 1100 3632 1082 1082 3633 1079 1079 3634 1100 1100 3635 1046 1046 3636 1095 1095 3637 1048 1048 3638 1095 1095 3639 1052 1052 3640 1048 1048 3641 1054 1054 3642 1094 1094 3643 1058 1058 3644 1094 1094 3645 1093 1093 3646 1058 1058 3647 1093 1093 3648 1096 1096 3649 1064 1064 3650 1096 1096 3651 1067 1067 3652 1064 1064 3653 1049 1049 3654 1050 1050 3655 1051 1051 3656 1050 1050 3657 1053 1053 3658 1051 1051 3659 1050 1050 3660 1048 1048 3661 1053 1053 3662 1048 1048 3663 1052 1052 3664 1053 1053 3665 1055 1055 3666 1056 1056 3667 1057 1057 3668 1056 1056 3669 1059 1059 3670 1057 1057 3671 1056 1056 3672 1054 1054 3673 1059 1059 3674 1054 1054 3675 1058 1058 3676 1059 1059 3677 1070 1070 3678 1071 1071 3679 1072 1072 3680 1071 1071 3681 1074 1074 3682 1072 1072 3683 1071 1071 3684 1069 1069 3685 1074 1074 3686 1069 1069 3687 1073 1073 3688 1074 1074 3689 1057 1057 3690 1059 1059 3691 1060 1060 3692 1059 1059 3693 1062 1062 3694 1060 1060 3695 1059 1059 3696 1058 1058 3697 1062 1062 3698 1058 1058 3699 1061 1061 3700 1062 1062 3701 1060 1060 3702 1062 1062 3703 1063 1063 3704 1062 1062 3705 1065 1065 3706 1063 1063 3707 1062 1062 3708 1061 1061 3709 1065 1065 3710 1061 1061 3711 1064 1064 3712 1065 1065 3713 1072 1072 3714 1074 1074 3715 1075 1075 3716 1074 1074 3717 1077 1077 3718 1075 1075 3719 1074 1074 3720 1073 1073 3721 1077 1077 3722 1073 1073 3723 1076 1076 3724 1077 1077 3725 1075 1075 3726 1077 1077 3727 1078 1078 3728 1077 1077 3729 1080 1080 3730 1078 1078 3731 1077 1077 3732 1076 1076 3733 1080 1080 3734 1076 1076 3735 1079 1079 3736 1080 1080 3737 1085 1085 3738 1086 1086 3739 1087 1087 3740 1086 1086 3741 1089 1089 3742 1087 1087 3743 1086 1086 3744 1084 1084 3745 1089 1089 3746 1084 1084 3747 1088 1088 3748 1089 1089 3749 1063 1063 3750 1065 1065 3751 1066 1066 3752 1065 1065 3753 1068 1068 3754 1066 1066 3755 1065 1065 3756 1064 1064 3757 1068 1068 3758 1064 1064 3759 1067 1067 3760 1068 1068 3761 1066 1066 3762 1068 1068 3763 1070 1070 3764 1068 1068 3765 1071 1071 3766 1070 1070 3767 1068 1068 3768 1067 1067 3769 1071 1071 3770 1067 1067 3771 1069 1069 3772 1071 1071 3773 1078 1078 3774 1080 1080 3775 1081 1081 3776 1080 1080 3777 1083 1083 3778 1081 1081 3779 1080 1080 3780 1079 1079 3781 1083 1083 3782 1079 1079 3783 1082 1082 3784 1083 1083 3785 1081 1081 3786 1083 1083 3787 1085 1085 3788 1083 1083 3789 1086 1086 3790 1085 1085 3791 1083 1083 3792 1082 1082 3793 1086 1086 3794 1082 1082 3795 1084 1084 3796 1086 1086 3797 1087 1087 3798 1089 1089 3799 1090 1090 3800 1089 1089 3801 1092 1092 3802 1090 1090 3803 1089 1089 3804 1088 1088 3805 1092 1092 3806 1088 1088 3807 1091 1091 3808 1092 1092 3809 1051 1051 3810 1053 1053 3811 1055 1055 3812 1053 1053 3813 1056 1056 3814 1055 1055 3815 1053 1053 3816 1052 1052 3817 1056 1056 3818 1052 1052 3819 1054 1054 3820 1056 1056 3821 1090 1090 3822 1092 1092 3823 1045 1045 3824 1092 1092 3825 1047 1047 3826 1045 1045 3827 1092 1092 3828 1091 1091 3829 1047 1047 3830 1091 1091 3831 1046 1046 3832 1047 1047 3833 1045 1045 3834 1047 1047 3835 1049 1049 3836 1047 1047 3837 1050 1050 3838 1049 1049 3839 1047 1047 3840 1046 1046 3841 1050 1050 3842 1046 1046 3843 1048 1048 3844 1050 1050 3845 1094 1094 3846 1097 1097 3847 1093 1093 3848 1097 1097 3849 1096 1096 3850 1093 1093 3851 1097 1097 3852 1100 1100 3853 1096 1096 3854 1100 1100 3855 1099 1099 3856 1096 1096 3857 1095 1095 3858 1098 1098 3859 1094 1094 3860 1098 1098 3861 1097 1097 3862 1094 1094 3863 1098 1098 3864 1101 1101 3865 1097 1097 3866 1101 1101 3867 1100 1100 3868 1097 1097 3869 1106 1106 3870 1102 1102 3871 1107 1107 3872 1102 1102 3873 1104 1104 3874 1107 1107 3875 1107 1107 3876 1104 1104 3877 1105 1105 3878 1104 1104 3879 1103 1103 3880 1105 1105 3881 1109 1109 3882 1106 1106 3883 1110 1110 3884 1106 1106 3885 1107 1107 3886 1110 1110 3887 1110 1110 3888 1107 1107 3889 1108 1108 3890 1107 1107 3891 1105 1105 3892 1108 1108 3893 1112 1112 3894 1109 1109 3895 1113 1113 3896 1109 1109 3897 1110 1110 3898 1113 1113 3899 1113 1113 3900 1110 1110 3901 1111 1111 3902 1110 1110 3903 1108 1108 3904 1111 1111 3905 1115 1115 3906 1112 1112 3907 1116 1116 3908 1112 1112 3909 1113 1113 3910 1116 1116 3911 1116 1116 3912 1113 1113 3913 1114 1114 3914 1113 1113 3915 1111 1111 3916 1114 1114 3917 1118 1118 3918 1115 1115 3919 1119 1119 3920 1115 1115 3921 1116 1116 3922 1119 1119 3923 1119 1119 3924 1116 1116 3925 1117 1117 3926 1116 1116 3927 1114 1114 3928 1117 1117 3929 1121 1121 3930 1118 1118 3931 1122 1122 3932 1118 1118 3933 1119 1119 3934 1122 1122 3935 1122 1122 3936 1119 1119 3937 1120 1120 3938 1119 1119 3939 1117 1117 3940 1120 1120 3941 1124 1124 3942 1121 1121 3943 1125 1125 3944 1121 1121 3945 1122 1122 3946 1125 1125 3947 1125 1125 3948 1122 1122 3949 1123 1123 3950 1122 1122 3951 1120 1120 3952 1123 1123 3953 1127 1127 3954 1124 1124 3955 1128 1128 3956 1124 1124 3957 1125 1125 3958 1128 1128 3959 1128 1128 3960 1125 1125 3961 1126 1126 3962 1125 1125 3963 1123 1123 3964 1126 1126 3965 1130 1130 3966 1127 1127 3967 1131 1131 3968 1127 1127 3969 1128 1128 3970 1131 1131 3971 1131 1131 3972 1128 1128 3973 1129 1129 3974 1128 1128 3975 1126 1126 3976 1129 1129 3977 1133 1133 3978 1130 1130 3979 1134 1134 3980 1130 1130 3981 1131 1131 3982 1134 1134 3983 1134 1134 3984 1131 1131 3985 1132 1132 3986 1131 1131 3987 1129 1129 3988 1132 1132 3989 1136 1136 3990 1133 1133 3991 1137 1137 3992 1133 1133 3993 1134 1134 3994 1137 1137 3995 1137 1137 3996 1134 1134 3997 1135 1135 3998 1134 1134 3999 1132 1132 4000 1135 1135 4001 1139 1139 4002 1136 1136 4003 1140 1140 4004 1136 1136 4005 1137 1137 4006 1140 1140 4007 1140 1140 4008 1137 1137 4009 1138 1138 4010 1137 1137 4011 1135 1135 4012 1138 1138 4013 1142 1142 4014 1139 1139 4015 1143 1143 4016 1139 1139 4017 1140 1140 4018 1143 1143 4019 1143 1143 4020 1140 1140 4021 1141 1141 4022 1140 1140 4023 1138 1138 4024 1141 1141 4025 1145 1145 4026 1142 1142 4027 1146 1146 4028 1142 1142 4029 1143 1143 4030 1146 1146 4031 1146 1146 4032 1143 1143 4033 1144 1144 4034 1143 1143 4035 1141 1141 4036 1144 1144 4037 1148 1148 4038 1145 1145 4039 1149 1149 4040 1145 1145 4041 1146 1146 4042 1149 1149 4043 1149 1149 4044 1146 1146 4045 1147 1147 4046 1146 1146 4047 1144 1144 4048 1147 1147 4049 1102 1102 4050 1148 1148 4051 1104 1104 4052 1148 1148 4053 1149 1149 4054 1104 1104 4055 1104 1104 4056 1149 1149 4057 1103 1103 4058 1149 1149 4059 1147 1147 4060 1103 1103 4061 1060 1060 4062 1063 1063 4063 1133 1133 4064 1063 1063 4065 1130 1130 4066 1133 1133 4067 1085 1085 4068 1087 1087 4069 1109 1109 4070 1087 1087 4071 1106 1106 4072 1109 1109 4073 1063 1063 4074 1066 1066 4075 1130 1130 4076 1066 1066 4077 1127 1127 4078 1130 1130 4079 1102 1102 4080 1090 1090 4081 1148 1148 4082 1090 1090 4083 1045 1045 4084 1148 1148 4085 1087 1087 4086 1090 1090 4087 1106 1106 4088 1090 1090 4089 1102 1102 4090 1106 1106 4091 1066 1066 4092 1070 1070 4093 1127 1127 4094 1070 1070 4095 1124 1124 4096 1127 1127 4097 1148 1148 4098 1045 1045 4099 1145 1145 4100 1045 1045 4101 1049 1049 4102 1145 1145 4103 1070 1070 4104 1072 1072 4105 1124 1124 4106 1072 1072 4107 1121 1121 4108 1124 1124 4109 1049 1049 4110 1051 1051 4111 1145 1145 4112 1051 1051 4113 1142 1142 4114 1145 1145 4115 1072 1072 4116 1075 1075 4117 1121 1121 4118 1075 1075 4119 1118 1118 4120 1121 1121 4121 1051 1051 4122 1055 1055 4123 1142 1142 4124 1055 1055 4125 1139 1139 4126 1142 1142 4127 1075 1075 4128 1078 1078 4129 1118 1118 4130 1078 1078 4131 1115 1115 4132 1118 1118 4133 1055 1055 4134 1057 1057 4135 1139 1139 4136 1057 1057 4137 1136 1136 4138 1139 1139 4139 1078 1078 4140 1081 1081 4141 1115 1115 4142 1081 1081 4143 1112 1112 4144 1115 1115 4145 1057 1057 4146 1060 1060 4147 1136 1136 4148 1060 1060 4149 1133 1133 4150 1136 1136 4151 1157 1157 4152 1200 1200 4153 1159 1159 4154 1200 1200 4155 1199 1199 4156 1159 1159 4157 1186 1186 4158 1190 1190 4159 1217 1217 4160 1190 1190 4161 1214 1214 4162 1217 1217 4163 1205 1205 4164 1184 1184 4165 1204 1204 4166 1184 1184 4167 1181 1181 4168 1204 1204 4169 1201 1201 4170 1204 1204 4171 1172 1172 4172 1204 1204 4173 1174 1174 4174 1172 1172 4175 1189 1189 4176 1187 1187 4177 1193 1193 4178 1187 1187 4179 1206 1206 4180 1193 1193 4181 1196 1196 4182 1203 1203 4183 1151 1151 4184 1203 1203 4185 1200 1200 4186 1151 1151 4187 1204 1204 4188 1181 1181 4189 1174 1174 4190 1181 1181 4191 1178 1178 4192 1174 1174 4193 1163 1163 4194 1198 1198 4195 1166 1166 4196 1198 1198 4197 1169 1169 4198 1166 1166 4199 1193 1193 4200 1206 1206 4201 1196 1196 4202 1206 1206 4203 1203 1203 4204 1196 1196 4205 1206 1206 4206 1187 1187 4207 1205 1205 4208 1187 1187 4209 1184 1184 4210 1205 1205 4211 1151 1151 4212 1200 1200 4213 1153 1153 4214 1200 1200 4215 1157 1157 4216 1153 1153 4217 1159 1159 4218 1199 1199 4219 1163 1163 4220 1199 1199 4221 1198 1198 4222 1163 1163 4223 1198 1198 4224 1201 1201 4225 1169 1169 4226 1201 1201 4227 1172 1172 4228 1169 1169 4229 1154 1154 4230 1155 1155 4231 1156 1156 4232 1155 1155 4233 1158 1158 4234 1156 1156 4235 1155 1155 4236 1153 1153 4237 1158 1158 4238 1153 1153 4239 1157 1157 4240 1158 1158 4241 1160 1160 4242 1161 1161 4243 1162 1162 4244 1161 1161 4245 1164 1164 4246 1162 1162 4247 1161 1161 4248 1159 1159 4249 1164 1164 4250 1159 1159 4251 1163 1163 4252 1164 1164 4253 1175 1175 4254 1176 1176 4255 1177 1177 4256 1176 1176 4257 1179 1179 4258 1177 1177 4259 1176 1176 4260 1174 1174 4261 1179 1179 4262 1174 1174 4263 1178 1178 4264 1179 1179 4265 1162 1162 4266 1164 1164 4267 1165 1165 4268 1164 1164 4269 1167 1167 4270 1165 1165 4271 1164 1164 4272 1163 1163 4273 1167 1167 4274 1163 1163 4275 1166 1166 4276 1167 1167 4277 1165 1165 4278 1167 1167 4279 1168 1168 4280 1167 1167 4281 1170 1170 4282 1168 1168 4283 1167 1167 4284 1166 1166 4285 1170 1170 4286 1166 1166 4287 1169 1169 4288 1170 1170 4289 1177 1177 4290 1179 1179 4291 1180 1180 4292 1179 1179 4293 1182 1182 4294 1180 1180 4295 1179 1179 4296 1178 1178 4297 1182 1182 4298 1178 1178 4299 1181 1181 4300 1182 1182 4301 1180 1180 4302 1182 1182 4303 1183 1183 4304 1182 1182 4305 1185 1185 4306 1183 1183 4307 1182 1182 4308 1181 1181 4309 1185 1185 4310 1181 1181 4311 1184 1184 4312 1185 1185 4313 1190 1190 4314 1191 1191 4315 1192 1192 4316 1191 1191 4317 1194 1194 4318 1192 1192 4319 1191 1191 4320 1189 1189 4321 1194 1194 4322 1189 1189 4323 1193 1193 4324 1194 1194 4325 1168 1168 4326 1170 1170 4327 1171 1171 4328 1170 1170 4329 1173 1173 4330 1171 1171 4331 1170 1170 4332 1169 1169 4333 1173 1173 4334 1169 1169 4335 1172 1172 4336 1173 1173 4337 1171 1171 4338 1173 1173 4339 1175 1175 4340 1173 1173 4341 1176 1176 4342 1175 1175 4343 1173 1173 4344 1172 1172 4345 1176 1176 4346 1172 1172 4347 1174 1174 4348 1176 1176 4349 1183 1183 4350 1185 1185 4351 1186 1186 4352 1185 1185 4353 1188 1188 4354 1186 1186 4355 1185 1185 4356 1184 1184 4357 1188 1188 4358 1184 1184 4359 1187 1187 4360 1188 1188 4361 1186 1186 4362 1188 1188 4363 1190 1190 4364 1188 1188 4365 1191 1191 4366 1190 1190 4367 1188 1188 4368 1187 1187 4369 1191 1191 4370 1187 1187 4371 1189 1189 4372 1191 1191 4373 1192 1192 4374 1194 1194 4375 1195 1195 4376 1194 1194 4377 1197 1197 4378 1195 1195 4379 1194 1194 4380 1193 1193 4381 1197 1197 4382 1193 1193 4383 1196 1196 4384 1197 1197 4385 1156 1156 4386 1158 1158 4387 1160 1160 4388 1158 1158 4389 1161 1161 4390 1160 1160 4391 1158 1158 4392 1157 1157 4393 1161 1161 4394 1157 1157 4395 1159 1159 4396 1161 1161 4397 1195 1195 4398 1197 1197 4399 1150 1150 4400 1197 1197 4401 1152 1152 4402 1150 1150 4403 1197 1197 4404 1196 1196 4405 1152 1152 4406 1196 1196 4407 1151 1151 4408 1152 1152 4409 1150 1150 4410 1152 1152 4411 1154 1154 4412 1152 1152 4413 1155 1155 4414 1154 1154 4415 1152 1152 4416 1151 1151 4417 1155 1155 4418 1151 1151 4419 1153 1153 4420 1155 1155 4421 1199 1199 4422 1202 1202 4423 1198 1198 4424 1202 1202 4425 1201 1201 4426 1198 1198 4427 1202 1202 4428 1205 1205 4429 1201 1201 4430 1205 1205 4431 1204 1204 4432 1201 1201 4433 1200 1200 4434 1203 1203 4435 1199 1199 4436 1203 1203 4437 1202 1202 4438 1199 1199 4439 1203 1203 4440 1206 1206 4441 1202 1202 4442 1206 1206 4443 1205 1205 4444 1202 1202 4445 1211 1211 4446 1207 1207 4447 1212 1212 4448 1207 1207 4449 1209 1209 4450 1212 1212 4451 1212 1212 4452 1209 1209 4453 1210 1210 4454 1209 1209 4455 1208 1208 4456 1210 1210 4457 1214 1214 4458 1211 1211 4459 1215 1215 4460 1211 1211 4461 1212 1212 4462 1215 1215 4463 1215 1215 4464 1212 1212 4465 1213 1213 4466 1212 1212 4467 1210 1210 4468 1213 1213 4469 1217 1217 4470 1214 1214 4471 1218 1218 4472 1214 1214 4473 1215 1215 4474 1218 1218 4475 1218 1218 4476 1215 1215 4477 1216 1216 4478 1215 1215 4479 1213 1213 4480 1216 1216 4481 1220 1220 4482 1217 1217 4483 1221 1221 4484 1217 1217 4485 1218 1218 4486 1221 1221 4487 1221 1221 4488 1218 1218 4489 1219 1219 4490 1218 1218 4491 1216 1216 4492 1219 1219 4493 1223 1223 4494 1220 1220 4495 1224 1224 4496 1220 1220 4497 1221 1221 4498 1224 1224 4499 1224 1224 4500 1221 1221 4501 1222 1222 4502 1221 1221 4503 1219 1219 4504 1222 1222 4505 1226 1226 4506 1223 1223 4507 1227 1227 4508 1223 1223 4509 1224 1224 4510 1227 1227 4511 1227 1227 4512 1224 1224 4513 1225 1225 4514 1224 1224 4515 1222 1222 4516 1225 1225 4517 1229 1229 4518 1226 1226 4519 1230 1230 4520 1226 1226 4521 1227 1227 4522 1230 1230 4523 1230 1230 4524 1227 1227 4525 1228 1228 4526 1227 1227 4527 1225 1225 4528 1228 1228 4529 1232 1232 4530 1229 1229 4531 1233 1233 4532 1229 1229 4533 1230 1230 4534 1233 1233 4535 1233 1233 4536 1230 1230 4537 1231 1231 4538 1230 1230 4539 1228 1228 4540 1231 1231 4541 1235 1235 4542 1232 1232 4543 1236 1236 4544 1232 1232 4545 1233 1233 4546 1236 1236 4547 1236 1236 4548 1233 1233 4549 1234 1234 4550 1233 1233 4551 1231 1231 4552 1234 1234 4553 1238 1238 4554 1235 1235 4555 1239 1239 4556 1235 1235 4557 1236 1236 4558 1239 1239 4559 1239 1239 4560 1236 1236 4561 1237 1237 4562 1236 1236 4563 1234 1234 4564 1237 1237 4565 1241 1241 4566 1238 1238 4567 1242 1242 4568 1238 1238 4569 1239 1239 4570 1242 1242 4571 1242 1242 4572 1239 1239 4573 1240 1240 4574 1239 1239 4575 1237 1237 4576 1240 1240 4577 1244 1244 4578 1241 1241 4579 1245 1245 4580 1241 1241 4581 1242 1242 4582 1245 1245 4583 1245 1245 4584 1242 1242 4585 1243 1243 4586 1242 1242 4587 1240 1240 4588 1243 1243 4589 1247 1247 4590 1244 1244 4591 1248 1248 4592 1244 1244 4593 1245 1245 4594 1248 1248 4595 1248 1248 4596 1245 1245 4597 1246 1246 4598 1245 1245 4599 1243 1243 4600 1246 1246 4601 1250 1250 4602 1247 1247 4603 1251 1251 4604 1247 1247 4605 1248 1248 4606 1251 1251 4607 1251 1251 4608 1248 1248 4609 1249 1249 4610 1248 1248 4611 1246 1246 4612 1249 1249 4613 1253 1253 4614 1250 1250 4615 1254 1254 4616 1250 1250 4617 1251 1251 4618 1254 1254 4619 1254 1254 4620 1251 1251 4621 1252 1252 4622 1251 1251 4623 1249 1249 4624 1252 1252 4625 1207 1207 4626 1253 1253 4627 1209 1209 4628 1253 1253 4629 1254 1254 4630 1209 1209 4631 1209 1209 4632 1254 1254 4633 1208 1208 4634 1254 1254 4635 1252 1252 4636 1208 1208 4637 1165 1165 4638 1168 1168 4639 1238 1238 4640 1168 1168 4641 1235 1235 4642 1238 1238 4643 1190 1190 4644 1192 1192 4645 1214 1214 4646 1192 1192 4647 1211 1211 4648 1214 1214 4649 1168 1168 4650 1171 1171 4651 1235 1235 4652 1171 1171 4653 1232 1232 4654 1235 1235 4655 1207 1207 4656 1195 1195 4657 1253 1253 4658 1195 1195 4659 1150 1150 4660 1253 1253 4661 1192 1192 4662 1195 1195 4663 1211 1211 4664 1195 1195 4665 1207 1207 4666 1211 1211 4667 1171 1171 4668 1175 1175 4669 1232 1232 4670 1175 1175 4671 1229 1229 4672 1232 1232 4673 1253 1253 4674 1150 1150 4675 1250 1250 4676 1150 1150 4677 1154 1154 4678 1250 1250 4679 1175 1175 4680 1177 1177 4681 1229 1229 4682 1177 1177 4683 1226 1226 4684 1229 1229 4685 1154 1154 4686 1156 1156 4687 1250 1250 4688 1156 1156 4689 1247 1247 4690 1250 1250 4691 1177 1177 4692 1180 1180 4693 1226 1226 4694 1180 1180 4695 1223 1223 4696 1226 1226 4697 1156 1156 4698 1160 1160 4699 1247 1247 4700 1160 1160 4701 1244 1244 4702 1247 1247 4703 1180 1180 4704 1183 1183 4705 1223 1223 4706 1183 1183 4707 1220 1220 4708 1223 1223 4709 1160 1160 4710 1162 1162 4711 1244 1244 4712 1162 1162 4713 1241 1241 4714 1244 1244 4715 1183 1183 4716 1186 1186 4717 1220 1220 4718 1186 1186 4719 1217 1217 4720 1220 1220 4721 1162 1162 4722 1165 1165 4723 1241 1241 4724 1165 1165 4725 1238 1238 4726 1241 1241 4727 1262 1262 4728 1305 1305 4729 1264 1264 4730 1305 1305 4731 1304 1304 4732 1264 1264 4733 1291 1291 4734 1295 1295 4735 1322 1322 4736 1295 1295 4737 1319 1319 4738 1322 1322 4739 1310 1310 4740 1289 1289 4741 1309 1309 4742 1289 1289 4743 1286 1286 4744 1309 1309 4745 1306 1306 4746 1309 1309 4747 1277 1277 4748 1309 1309 4749 1279 1279 4750 1277 1277 4751 1294 1294 4752 1292 1292 4753 1298 1298 4754 1292 1292 4755 1311 1311 4756 1298 1298 4757 1301 1301 4758 1308 1308 4759 1256 1256 4760 1308 1308 4761 1305 1305 4762 1256 1256 4763 1309 1309 4764 1286 1286 4765 1279 1279 4766 1286 1286 4767 1283 1283 4768 1279 1279 4769 1268 1268 4770 1303 1303 4771 1271 1271 4772 1303 1303 4773 1274 1274 4774 1271 1271 4775 1298 1298 4776 1311 1311 4777 1301 1301 4778 1311 1311 4779 1308 1308 4780 1301 1301 4781 1311 1311 4782 1292 1292 4783 1310 1310 4784 1292 1292 4785 1289 1289 4786 1310 1310 4787 1256 1256 4788 1305 1305 4789 1258 1258 4790 1305 1305 4791 1262 1262 4792 1258 1258 4793 1264 1264 4794 1304 1304 4795 1268 1268 4796 1304 1304 4797 1303 1303 4798 1268 1268 4799 1303 1303 4800 1306 1306 4801 1274 1274 4802 1306 1306 4803 1277 1277 4804 1274 1274 4805 1259 1259 4806 1260 1260 4807 1261 1261 4808 1260 1260 4809 1263 1263 4810 1261 1261 4811 1260 1260 4812 1258 1258 4813 1263 1263 4814 1258 1258 4815 1262 1262 4816 1263 1263 4817 1265 1265 4818 1266 1266 4819 1267 1267 4820 1266 1266 4821 1269 1269 4822 1267 1267 4823 1266 1266 4824 1264 1264 4825 1269 1269 4826 1264 1264 4827 1268 1268 4828 1269 1269 4829 1280 1280 4830 1281 1281 4831 1282 1282 4832 1281 1281 4833 1284 1284 4834 1282 1282 4835 1281 1281 4836 1279 1279 4837 1284 1284 4838 1279 1279 4839 1283 1283 4840 1284 1284 4841 1267 1267 4842 1269 1269 4843 1270 1270 4844 1269 1269 4845 1272 1272 4846 1270 1270 4847 1269 1269 4848 1268 1268 4849 1272 1272 4850 1268 1268 4851 1271 1271 4852 1272 1272 4853 1270 1270 4854 1272 1272 4855 1273 1273 4856 1272 1272 4857 1275 1275 4858 1273 1273 4859 1272 1272 4860 1271 1271 4861 1275 1275 4862 1271 1271 4863 1274 1274 4864 1275 1275 4865 1282 1282 4866 1284 1284 4867 1285 1285 4868 1284 1284 4869 1287 1287 4870 1285 1285 4871 1284 1284 4872 1283 1283 4873 1287 1287 4874 1283 1283 4875 1286 1286 4876 1287 1287 4877 1285 1285 4878 1287 1287 4879 1288 1288 4880 1287 1287 4881 1290 1290 4882 1288 1288 4883 1287 1287 4884 1286 1286 4885 1290 1290 4886 1286 1286 4887 1289 1289 4888 1290 1290 4889 1295 1295 4890 1296 1296 4891 1297 1297 4892 1296 1296 4893 1299 1299 4894 1297 1297 4895 1296 1296 4896 1294 1294 4897 1299 1299 4898 1294 1294 4899 1298 1298 4900 1299 1299 4901 1273 1273 4902 1275 1275 4903 1276 1276 4904 1275 1275 4905 1278 1278 4906 1276 1276 4907 1275 1275 4908 1274 1274 4909 1278 1278 4910 1274 1274 4911 1277 1277 4912 1278 1278 4913 1276 1276 4914 1278 1278 4915 1280 1280 4916 1278 1278 4917 1281 1281 4918 1280 1280 4919 1278 1278 4920 1277 1277 4921 1281 1281 4922 1277 1277 4923 1279 1279 4924 1281 1281 4925 1288 1288 4926 1290 1290 4927 1291 1291 4928 1290 1290 4929 1293 1293 4930 1291 1291 4931 1290 1290 4932 1289 1289 4933 1293 1293 4934 1289 1289 4935 1292 1292 4936 1293 1293 4937 1291 1291 4938 1293 1293 4939 1295 1295 4940 1293 1293 4941 1296 1296 4942 1295 1295 4943 1293 1293 4944 1292 1292 4945 1296 1296 4946 1292 1292 4947 1294 1294 4948 1296 1296 4949 1297 1297 4950 1299 1299 4951 1300 1300 4952 1299 1299 4953 1302 1302 4954 1300 1300 4955 1299 1299 4956 1298 1298 4957 1302 1302 4958 1298 1298 4959 1301 1301 4960 1302 1302 4961 1261 1261 4962 1263 1263 4963 1265 1265 4964 1263 1263 4965 1266 1266 4966 1265 1265 4967 1263 1263 4968 1262 1262 4969 1266 1266 4970 1262 1262 4971 1264 1264 4972 1266 1266 4973 1300 1300 4974 1302 1302 4975 1255 1255 4976 1302 1302 4977 1257 1257 4978 1255 1255 4979 1302 1302 4980 1301 1301 4981 1257 1257 4982 1301 1301 4983 1256 1256 4984 1257 1257 4985 1255 1255 4986 1257 1257 4987 1259 1259 4988 1257 1257 4989 1260 1260 4990 1259 1259 4991 1257 1257 4992 1256 1256 4993 1260 1260 4994 1256 1256 4995 1258 1258 4996 1260 1260 4997 1304 1304 4998 1307 1307 4999 1303 1303 5000 1307 1307 5001 1306 1306 5002 1303 1303 5003 1307 1307 5004 1310 1310 5005 1306 1306 5006 1310 1310 5007 1309 1309 5008 1306 1306 5009 1305 1305 5010 1308 1308 5011 1304 1304 5012 1308 1308 5013 1307 1307 5014 1304 1304 5015 1308 1308 5016 1311 1311 5017 1307 1307 5018 1311 1311 5019 1310 1310 5020 1307 1307 5021 1316 1316 5022 1312 1312 5023 1317 1317 5024 1312 1312 5025 1314 1314 5026 1317 1317 5027 1317 1317 5028 1314 1314 5029 1315 1315 5030 1314 1314 5031 1313 1313 5032 1315 1315 5033 1319 1319 5034 1316 1316 5035 1320 1320 5036 1316 1316 5037 1317 1317 5038 1320 1320 5039 1320 1320 5040 1317 1317 5041 1318 1318 5042 1317 1317 5043 1315 1315 5044 1318 1318 5045 1322 1322 5046 1319 1319 5047 1323 1323 5048 1319 1319 5049 1320 1320 5050 1323 1323 5051 1323 1323 5052 1320 1320 5053 1321 1321 5054 1320 1320 5055 1318 1318 5056 1321 1321 5057 1325 1325 5058 1322 1322 5059 1326 1326 5060 1322 1322 5061 1323 1323 5062 1326 1326 5063 1326 1326 5064 1323 1323 5065 1324 1324 5066 1323 1323 5067 1321 1321 5068 1324 1324 5069 1328 1328 5070 1325 1325 5071 1329 1329 5072 1325 1325 5073 1326 1326 5074 1329 1329 5075 1329 1329 5076 1326 1326 5077 1327 1327 5078 1326 1326 5079 1324 1324 5080 1327 1327 5081 1331 1331 5082 1328 1328 5083 1332 1332 5084 1328 1328 5085 1329 1329 5086 1332 1332 5087 1332 1332 5088 1329 1329 5089 1330 1330 5090 1329 1329 5091 1327 1327 5092 1330 1330 5093 1334 1334 5094 1331 1331 5095 1335 1335 5096 1331 1331 5097 1332 1332 5098 1335 1335 5099 1335 1335 5100 1332 1332 5101 1333 1333 5102 1332 1332 5103 1330 1330 5104 1333 1333 5105 1337 1337 5106 1334 1334 5107 1338 1338 5108 1334 1334 5109 1335 1335 5110 1338 1338 5111 1338 1338 5112 1335 1335 5113 1336 1336 5114 1335 1335 5115 1333 1333 5116 1336 1336 5117 1340 1340 5118 1337 1337 5119 1341 1341 5120 1337 1337 5121 1338 1338 5122 1341 1341 5123 1341 1341 5124 1338 1338 5125 1339 1339 5126 1338 1338 5127 1336 1336 5128 1339 1339 5129 1343 1343 5130 1340 1340 5131 1344 1344 5132 1340 1340 5133 1341 1341 5134 1344 1344 5135 1344 1344 5136 1341 1341 5137 1342 1342 5138 1341 1341 5139 1339 1339 5140 1342 1342 5141 1346 1346 5142 1343 1343 5143 1347 1347 5144 1343 1343 5145 1344 1344 5146 1347 1347 5147 1347 1347 5148 1344 1344 5149 1345 1345 5150 1344 1344 5151 1342 1342 5152 1345 1345 5153 1349 1349 5154 1346 1346 5155 1350 1350 5156 1346 1346 5157 1347 1347 5158 1350 1350 5159 1350 1350 5160 1347 1347 5161 1348 1348 5162 1347 1347 5163 1345 1345 5164 1348 1348 5165 1352 1352 5166 1349 1349 5167 1353 1353 5168 1349 1349 5169 1350 1350 5170 1353 1353 5171 1353 1353 5172 1350 1350 5173 1351 1351 5174 1350 1350 5175 1348 1348 5176 1351 1351 5177 1355 1355 5178 1352 1352 5179 1356 1356 5180 1352 1352 5181 1353 1353 5182 1356 1356 5183 1356 1356 5184 1353 1353 5185 1354 1354 5186 1353 1353 5187 1351 1351 5188 1354 1354 5189 1358 1358 5190 1355 1355 5191 1359 1359 5192 1355 1355 5193 1356 1356 5194 1359 1359 5195 1359 1359 5196 1356 1356 5197 1357 1357 5198 1356 1356 5199 1354 1354 5200 1357 1357 5201 1312 1312 5202 1358 1358 5203 1314 1314 5204 1358 1358 5205 1359 1359 5206 1314 1314 5207 1314 1314 5208 1359 1359 5209 1313 1313 5210 1359 1359 5211 1357 1357 5212 1313 1313 5213 1270 1270 5214 1273 1273 5215 1343 1343 5216 1273 1273 5217 1340 1340 5218 1343 1343 5219 1295 1295 5220 1297 1297 5221 1319 1319 5222 1297 1297 5223 1316 1316 5224 1319 1319 5225 1273 1273 5226 1276 1276 5227 1340 1340 5228 1276 1276 5229 1337 1337 5230 1340 1340 5231 1312 1312 5232 1300 1300 5233 1358 1358 5234 1300 1300 5235 1255 1255 5236 1358 1358 5237 1297 1297 5238 1300 1300 5239 1316 1316 5240 1300 1300 5241 1312 1312 5242 1316 1316 5243 1276 1276 5244 1280 1280 5245 1337 1337 5246 1280 1280 5247 1334 1334 5248 1337 1337 5249 1358 1358 5250 1255 1255 5251 1355 1355 5252 1255 1255 5253 1259 1259 5254 1355 1355 5255 1280 1280 5256 1282 1282 5257 1334 1334 5258 1282 1282 5259 1331 1331 5260 1334 1334 5261 1259 1259 5262 1261 1261 5263 1355 1355 5264 1261 1261 5265 1352 1352 5266 1355 1355 5267 1282 1282 5268 1285 1285 5269 1331 1331 5270 1285 1285 5271 1328 1328 5272 1331 1331 5273 1261 1261 5274 1265 1265 5275 1352 1352 5276 1265 1265 5277 1349 1349 5278 1352 1352 5279 1285 1285 5280 1288 1288 5281 1328 1328 5282 1288 1288 5283 1325 1325 5284 1328 1328 5285 1265 1265 5286 1267 1267 5287 1349 1349 5288 1267 1267 5289 1346 1346 5290 1349 1349 5291 1288 1288 5292 1291 1291 5293 1325 1325 5294 1291 1291 5295 1322 1322 5296 1325 1325 5297 1267 1267 5298 1270 1270 5299 1346 1346 5300 1270 1270 5301 1343 1343 5302 1346 1346 5303 1367 1367 5304 1410 1410 5305 1369 1369 5306 1410 1410 5307 1409 1409 5308 1369 1369 5309 1396 1396 5310 1400 1400 5311 1427 1427 5312 1400 1400 5313 1424 1424 5314 1427 1427 5315 1415 1415 5316 1394 1394 5317 1414 1414 5318 1394 1394 5319 1391 1391 5320 1414 1414 5321 1411 1411 5322 1414 1414 5323 1382 1382 5324 1414 1414 5325 1384 1384 5326 1382 1382 5327 1399 1399 5328 1397 1397 5329 1403 1403 5330 1397 1397 5331 1416 1416 5332 1403 1403 5333 1406 1406 5334 1413 1413 5335 1361 1361 5336 1413 1413 5337 1410 1410 5338 1361 1361 5339 1414 1414 5340 1391 1391 5341 1384 1384 5342 1391 1391 5343 1388 1388 5344 1384 1384 5345 1373 1373 5346 1408 1408 5347 1376 1376 5348 1408 1408 5349 1379 1379 5350 1376 1376 5351 1403 1403 5352 1416 1416 5353 1406 1406 5354 1416 1416 5355 1413 1413 5356 1406 1406 5357 1416 1416 5358 1397 1397 5359 1415 1415 5360 1397 1397 5361 1394 1394 5362 1415 1415 5363 1361 1361 5364 1410 1410 5365 1363 1363 5366 1410 1410 5367 1367 1367 5368 1363 1363 5369 1369 1369 5370 1409 1409 5371 1373 1373 5372 1409 1409 5373 1408 1408 5374 1373 1373 5375 1408 1408 5376 1411 1411 5377 1379 1379 5378 1411 1411 5379 1382 1382 5380 1379 1379 5381 1364 1364 5382 1365 1365 5383 1366 1366 5384 1365 1365 5385 1368 1368 5386 1366 1366 5387 1365 1365 5388 1363 1363 5389 1368 1368 5390 1363 1363 5391 1367 1367 5392 1368 1368 5393 1370 1370 5394 1371 1371 5395 1372 1372 5396 1371 1371 5397 1374 1374 5398 1372 1372 5399 1371 1371 5400 1369 1369 5401 1374 1374 5402 1369 1369 5403 1373 1373 5404 1374 1374 5405 1385 1385 5406 1386 1386 5407 1387 1387 5408 1386 1386 5409 1389 1389 5410 1387 1387 5411 1386 1386 5412 1384 1384 5413 1389 1389 5414 1384 1384 5415 1388 1388 5416 1389 1389 5417 1372 1372 5418 1374 1374 5419 1375 1375 5420 1374 1374 5421 1377 1377 5422 1375 1375 5423 1374 1374 5424 1373 1373 5425 1377 1377 5426 1373 1373 5427 1376 1376 5428 1377 1377 5429 1375 1375 5430 1377 1377 5431 1378 1378 5432 1377 1377 5433 1380 1380 5434 1378 1378 5435 1377 1377 5436 1376 1376 5437 1380 1380 5438 1376 1376 5439 1379 1379 5440 1380 1380 5441 1387 1387 5442 1389 1389 5443 1390 1390 5444 1389 1389 5445 1392 1392 5446 1390 1390 5447 1389 1389 5448 1388 1388 5449 1392 1392 5450 1388 1388 5451 1391 1391 5452 1392 1392 5453 1390 1390 5454 1392 1392 5455 1393 1393 5456 1392 1392 5457 1395 1395 5458 1393 1393 5459 1392 1392 5460 1391 1391 5461 1395 1395 5462 1391 1391 5463 1394 1394 5464 1395 1395 5465 1400 1400 5466 1401 1401 5467 1402 1402 5468 1401 1401 5469 1404 1404 5470 1402 1402 5471 1401 1401 5472 1399 1399 5473 1404 1404 5474 1399 1399 5475 1403 1403 5476 1404 1404 5477 1378 1378 5478 1380 1380 5479 1381 1381 5480 1380 1380 5481 1383 1383 5482 1381 1381 5483 1380 1380 5484 1379 1379 5485 1383 1383 5486 1379 1379 5487 1382 1382 5488 1383 1383 5489 1381 1381 5490 1383 1383 5491 1385 1385 5492 1383 1383 5493 1386 1386 5494 1385 1385 5495 1383 1383 5496 1382 1382 5497 1386 1386 5498 1382 1382 5499 1384 1384 5500 1386 1386 5501 1393 1393 5502 1395 1395 5503 1396 1396 5504 1395 1395 5505 1398 1398 5506 1396 1396 5507 1395 1395 5508 1394 1394 5509 1398 1398 5510 1394 1394 5511 1397 1397 5512 1398 1398 5513 1396 1396 5514 1398 1398 5515 1400 1400 5516 1398 1398 5517 1401 1401 5518 1400 1400 5519 1398 1398 5520 1397 1397 5521 1401 1401 5522 1397 1397 5523 1399 1399 5524 1401 1401 5525 1402 1402 5526 1404 1404 5527 1405 1405 5528 1404 1404 5529 1407 1407 5530 1405 1405 5531 1404 1404 5532 1403 1403 5533 1407 1407 5534 1403 1403 5535 1406 1406 5536 1407 1407 5537 1366 1366 5538 1368 1368 5539 1370 1370 5540 1368 1368 5541 1371 1371 5542 1370 1370 5543 1368 1368 5544 1367 1367 5545 1371 1371 5546 1367 1367 5547 1369 1369 5548 1371 1371 5549 1405 1405 5550 1407 1407 5551 1360 1360 5552 1407 1407 5553 1362 1362 5554 1360 1360 5555 1407 1407 5556 1406 1406 5557 1362 1362 5558 1406 1406 5559 1361 1361 5560 1362 1362 5561 1360 1360 5562 1362 1362 5563 1364 1364 5564 1362 1362 5565 1365 1365 5566 1364 1364 5567 1362 1362 5568 1361 1361 5569 1365 1365 5570 1361 1361 5571 1363 1363 5572 1365 1365 5573 1409 1409 5574 1412 1412 5575 1408 1408 5576 1412 1412 5577 1411 1411 5578 1408 1408 5579 1412 1412 5580 1415 1415 5581 1411 1411 5582 1415 1415 5583 1414 1414 5584 1411 1411 5585 1410 1410 5586 1413 1413 5587 1409 1409 5588 1413 1413 5589 1412 1412 5590 1409 1409 5591 1413 1413 5592 1416 1416 5593 1412 1412 5594 1416 1416 5595 1415 1415 5596 1412 1412 5597 1421 1421 5598 1417 1417 5599 1422 1422 5600 1417 1417 5601 1419 1419 5602 1422 1422 5603 1422 1422 5604 1419 1419 5605 1420 1420 5606 1419 1419 5607 1418 1418 5608 1420 1420 5609 1424 1424 5610 1421 1421 5611 1425 1425 5612 1421 1421 5613 1422 1422 5614 1425 1425 5615 1425 1425 5616 1422 1422 5617 1423 1423 5618 1422 1422 5619 1420 1420 5620 1423 1423 5621 1427 1427 5622 1424 1424 5623 1428 1428 5624 1424 1424 5625 1425 1425 5626 1428 1428 5627 1428 1428 5628 1425 1425 5629 1426 1426 5630 1425 1425 5631 1423 1423 5632 1426 1426 5633 1430 1430 5634 1427 1427 5635 1431 1431 5636 1427 1427 5637 1428 1428 5638 1431 1431 5639 1431 1431 5640 1428 1428 5641 1429 1429 5642 1428 1428 5643 1426 1426 5644 1429 1429 5645 1433 1433 5646 1430 1430 5647 1434 1434 5648 1430 1430 5649 1431 1431 5650 1434 1434 5651 1434 1434 5652 1431 1431 5653 1432 1432 5654 1431 1431 5655 1429 1429 5656 1432 1432 5657 1436 1436 5658 1433 1433 5659 1437 1437 5660 1433 1433 5661 1434 1434 5662 1437 1437 5663 1437 1437 5664 1434 1434 5665 1435 1435 5666 1434 1434 5667 1432 1432 5668 1435 1435 5669 1439 1439 5670 1436 1436 5671 1440 1440 5672 1436 1436 5673 1437 1437 5674 1440 1440 5675 1440 1440 5676 1437 1437 5677 1438 1438 5678 1437 1437 5679 1435 1435 5680 1438 1438 5681 1442 1442 5682 1439 1439 5683 1443 1443 5684 1439 1439 5685 1440 1440 5686 1443 1443 5687 1443 1443 5688 1440 1440 5689 1441 1441 5690 1440 1440 5691 1438 1438 5692 1441 1441 5693 1445 1445 5694 1442 1442 5695 1446 1446 5696 1442 1442 5697 1443 1443 5698 1446 1446 5699 1446 1446 5700 1443 1443 5701 1444 1444 5702 1443 1443 5703 1441 1441 5704 1444 1444 5705 1448 1448 5706 1445 1445 5707 1449 1449 5708 1445 1445 5709 1446 1446 5710 1449 1449 5711 1449 1449 5712 1446 1446 5713 1447 1447 5714 1446 1446 5715 1444 1444 5716 1447 1447 5717 1451 1451 5718 1448 1448 5719 1452 1452 5720 1448 1448 5721 1449 1449 5722 1452 1452 5723 1452 1452 5724 1449 1449 5725 1450 1450 5726 1449 1449 5727 1447 1447 5728 1450 1450 5729 1454 1454 5730 1451 1451 5731 1455 1455 5732 1451 1451 5733 1452 1452 5734 1455 1455 5735 1455 1455 5736 1452 1452 5737 1453 1453 5738 1452 1452 5739 1450 1450 5740 1453 1453 5741 1457 1457 5742 1454 1454 5743 1458 1458 5744 1454 1454 5745 1455 1455 5746 1458 1458 5747 1458 1458 5748 1455 1455 5749 1456 1456 5750 1455 1455 5751 1453 1453 5752 1456 1456 5753 1460 1460 5754 1457 1457 5755 1461 1461 5756 1457 1457 5757 1458 1458 5758 1461 1461 5759 1461 1461 5760 1458 1458 5761 1459 1459 5762 1458 1458 5763 1456 1456 5764 1459 1459 5765 1463 1463 5766 1460 1460 5767 1464 1464 5768 1460 1460 5769 1461 1461 5770 1464 1464 5771 1464 1464 5772 1461 1461 5773 1462 1462 5774 1461 1461 5775 1459 1459 5776 1462 1462 5777 1417 1417 5778 1463 1463 5779 1419 1419 5780 1463 1463 5781 1464 1464 5782 1419 1419 5783 1419 1419 5784 1464 1464 5785 1418 1418 5786 1464 1464 5787 1462 1462 5788 1418 1418 5789 1375 1375 5790 1378 1378 5791 1448 1448 5792 1378 1378 5793 1445 1445 5794 1448 1448 5795 1400 1400 5796 1402 1402 5797 1424 1424 5798 1402 1402 5799 1421 1421 5800 1424 1424 5801 1378 1378 5802 1381 1381 5803 1445 1445 5804 1381 1381 5805 1442 1442 5806 1445 1445 5807 1417 1417 5808 1405 1405 5809 1463 1463 5810 1405 1405 5811 1360 1360 5812 1463 1463 5813 1402 1402 5814 1405 1405 5815 1421 1421 5816 1405 1405 5817 1417 1417 5818 1421 1421 5819 1381 1381 5820 1385 1385 5821 1442 1442 5822 1385 1385 5823 1439 1439 5824 1442 1442 5825 1463 1463 5826 1360 1360 5827 1460 1460 5828 1360 1360 5829 1364 1364 5830 1460 1460 5831 1385 1385 5832 1387 1387 5833 1439 1439 5834 1387 1387 5835 1436 1436 5836 1439 1439 5837 1364 1364 5838 1366 1366 5839 1460 1460 5840 1366 1366 5841 1457 1457 5842 1460 1460 5843 1387 1387 5844 1390 1390 5845 1436 1436 5846 1390 1390 5847 1433 1433 5848 1436 1436 5849 1366 1366 5850 1370 1370 5851 1457 1457 5852 1370 1370 5853 1454 1454 5854 1457 1457 5855 1390 1390 5856 1393 1393 5857 1433 1433 5858 1393 1393 5859 1430 1430 5860 1433 1433 5861 1370 1370 5862 1372 1372 5863 1454 1454 5864 1372 1372 5865 1451 1451 5866 1454 1454 5867 1393 1393 5868 1396 1396 5869 1430 1430 5870 1396 1396 5871 1427 1427 5872 1430 1430 5873 1372 1372 5874 1375 1375 5875 1451 1451 5876 1375 1375 5877 1448 1448 5878 1451 1451 5879 1472 1472 5880 1515 1515 5881 1474 1474 5882 1515 1515 5883 1514 1514 5884 1474 1474 5885 1501 1501 5886 1505 1505 5887 1532 1532 5888 1505 1505 5889 1529 1529 5890 1532 1532 5891 1520 1520 5892 1499 1499 5893 1519 1519 5894 1499 1499 5895 1496 1496 5896 1519 1519 5897 1516 1516 5898 1519 1519 5899 1487 1487 5900 1519 1519 5901 1489 1489 5902 1487 1487 5903 1504 1504 5904 1502 1502 5905 1508 1508 5906 1502 1502 5907 1521 1521 5908 1508 1508 5909 1511 1511 5910 1518 1518 5911 1466 1466 5912 1518 1518 5913 1515 1515 5914 1466 1466 5915 1519 1519 5916 1496 1496 5917 1489 1489 5918 1496 1496 5919 1493 1493 5920 1489 1489 5921 1478 1478 5922 1513 1513 5923 1481 1481 5924 1513 1513 5925 1484 1484 5926 1481 1481 5927 1508 1508 5928 1521 1521 5929 1511 1511 5930 1521 1521 5931 1518 1518 5932 1511 1511 5933 1521 1521 5934 1502 1502 5935 1520 1520 5936 1502 1502 5937 1499 1499 5938 1520 1520 5939 1466 1466 5940 1515 1515 5941 1468 1468 5942 1515 1515 5943 1472 1472 5944 1468 1468 5945 1474 1474 5946 1514 1514 5947 1478 1478 5948 1514 1514 5949 1513 1513 5950 1478 1478 5951 1513 1513 5952 1516 1516 5953 1484 1484 5954 1516 1516 5955 1487 1487 5956 1484 1484 5957 1469 1469 5958 1470 1470 5959 1471 1471 5960 1470 1470 5961 1473 1473 5962 1471 1471 5963 1470 1470 5964 1468 1468 5965 1473 1473 5966 1468 1468 5967 1472 1472 5968 1473 1473 5969 1475 1475 5970 1476 1476 5971 1477 1477 5972 1476 1476 5973 1479 1479 5974 1477 1477 5975 1476 1476 5976 1474 1474 5977 1479 1479 5978 1474 1474 5979 1478 1478 5980 1479 1479 5981 1490 1490 5982 1491 1491 5983 1492 1492 5984 1491 1491 5985 1494 1494 5986 1492 1492 5987 1491 1491 5988 1489 1489 5989 1494 1494 5990 1489 1489 5991 1493 1493 5992 1494 1494 5993 1477 1477 5994 1479 1479 5995 1480 1480 5996 1479 1479 5997 1482 1482 5998 1480 1480 5999 1479 1479 6000 1478 1478 6001 1482 1482 6002 1478 1478 6003 1481 1481 6004 1482 1482 6005 1480 1480 6006 1482 1482 6007 1483 1483 6008 1482 1482 6009 1485 1485 6010 1483 1483 6011 1482 1482 6012 1481 1481 6013 1485 1485 6014 1481 1481 6015 1484 1484 6016 1485 1485 6017 1492 1492 6018 1494 1494 6019 1495 1495 6020 1494 1494 6021 1497 1497 6022 1495 1495 6023 1494 1494 6024 1493 1493 6025 1497 1497 6026 1493 1493 6027 1496 1496 6028 1497 1497 6029 1495 1495 6030 1497 1497 6031 1498 1498 6032 1497 1497 6033 1500 1500 6034 1498 1498 6035 1497 1497 6036 1496 1496 6037 1500 1500 6038 1496 1496 6039 1499 1499 6040 1500 1500 6041 1505 1505 6042 1506 1506 6043 1507 1507 6044 1506 1506 6045 1509 1509 6046 1507 1507 6047 1506 1506 6048 1504 1504 6049 1509 1509 6050 1504 1504 6051 1508 1508 6052 1509 1509 6053 1483 1483 6054 1485 1485 6055 1486 1486 6056 1485 1485 6057 1488 1488 6058 1486 1486 6059 1485 1485 6060 1484 1484 6061 1488 1488 6062 1484 1484 6063 1487 1487 6064 1488 1488 6065 1486 1486 6066 1488 1488 6067 1490 1490 6068 1488 1488 6069 1491 1491 6070 1490 1490 6071 1488 1488 6072 1487 1487 6073 1491 1491 6074 1487 1487 6075 1489 1489 6076 1491 1491 6077 1498 1498 6078 1500 1500 6079 1501 1501 6080 1500 1500 6081 1503 1503 6082 1501 1501 6083 1500 1500 6084 1499 1499 6085 1503 1503 6086 1499 1499 6087 1502 1502 6088 1503 1503 6089 1501 1501 6090 1503 1503 6091 1505 1505 6092 1503 1503 6093 1506 1506 6094 1505 1505 6095 1503 1503 6096 1502 1502 6097 1506 1506 6098 1502 1502 6099 1504 1504 6100 1506 1506 6101 1507 1507 6102 1509 1509 6103 1510 1510 6104 1509 1509 6105 1512 1512 6106 1510 1510 6107 1509 1509 6108 1508 1508 6109 1512 1512 6110 1508 1508 6111 1511 1511 6112 1512 1512 6113 1471 1471 6114 1473 1473 6115 1475 1475 6116 1473 1473 6117 1476 1476 6118 1475 1475 6119 1473 1473 6120 1472 1472 6121 1476 1476 6122 1472 1472 6123 1474 1474 6124 1476 1476 6125 1510 1510 6126 1512 1512 6127 1465 1465 6128 1512 1512 6129 1467 1467 6130 1465 1465 6131 1512 1512 6132 1511 1511 6133 1467 1467 6134 1511 1511 6135 1466 1466 6136 1467 1467 6137 1465 1465 6138 1467 1467 6139 1469 1469 6140 1467 1467 6141 1470 1470 6142 1469 1469 6143 1467 1467 6144 1466 1466 6145 1470 1470 6146 1466 1466 6147 1468 1468 6148 1470 1470 6149 1514 1514 6150 1517 1517 6151 1513 1513 6152 1517 1517 6153 1516 1516 6154 1513 1513 6155 1517 1517 6156 1520 1520 6157 1516 1516 6158 1520 1520 6159 1519 1519 6160 1516 1516 6161 1515 1515 6162 1518 1518 6163 1514 1514 6164 1518 1518 6165 1517 1517 6166 1514 1514 6167 1518 1518 6168 1521 1521 6169 1517 1517 6170 1521 1521 6171 1520 1520 6172 1517 1517 6173 1526 1526 6174 1522 1522 6175 1527 1527 6176 1522 1522 6177 1524 1524 6178 1527 1527 6179 1527 1527 6180 1524 1524 6181 1525 1525 6182 1524 1524 6183 1523 1523 6184 1525 1525 6185 1529 1529 6186 1526 1526 6187 1530 1530 6188 1526 1526 6189 1527 1527 6190 1530 1530 6191 1530 1530 6192 1527 1527 6193 1528 1528 6194 1527 1527 6195 1525 1525 6196 1528 1528 6197 1532 1532 6198 1529 1529 6199 1533 1533 6200 1529 1529 6201 1530 1530 6202 1533 1533 6203 1533 1533 6204 1530 1530 6205 1531 1531 6206 1530 1530 6207 1528 1528 6208 1531 1531 6209 1535 1535 6210 1532 1532 6211 1536 1536 6212 1532 1532 6213 1533 1533 6214 1536 1536 6215 1536 1536 6216 1533 1533 6217 1534 1534 6218 1533 1533 6219 1531 1531 6220 1534 1534 6221 1538 1538 6222 1535 1535 6223 1539 1539 6224 1535 1535 6225 1536 1536 6226 1539 1539 6227 1539 1539 6228 1536 1536 6229 1537 1537 6230 1536 1536 6231 1534 1534 6232 1537 1537 6233 1541 1541 6234 1538 1538 6235 1542 1542 6236 1538 1538 6237 1539 1539 6238 1542 1542 6239 1542 1542 6240 1539 1539 6241 1540 1540 6242 1539 1539 6243 1537 1537 6244 1540 1540 6245 1544 1544 6246 1541 1541 6247 1545 1545 6248 1541 1541 6249 1542 1542 6250 1545 1545 6251 1545 1545 6252 1542 1542 6253 1543 1543 6254 1542 1542 6255 1540 1540 6256 1543 1543 6257 1547 1547 6258 1544 1544 6259 1548 1548 6260 1544 1544 6261 1545 1545 6262 1548 1548 6263 1548 1548 6264 1545 1545 6265 1546 1546 6266 1545 1545 6267 1543 1543 6268 1546 1546 6269 1550 1550 6270 1547 1547 6271 1551 1551 6272 1547 1547 6273 1548 1548 6274 1551 1551 6275 1551 1551 6276 1548 1548 6277 1549 1549 6278 1548 1548 6279 1546 1546 6280 1549 1549 6281 1553 1553 6282 1550 1550 6283 1554 1554 6284 1550 1550 6285 1551 1551 6286 1554 1554 6287 1554 1554 6288 1551 1551 6289 1552 1552 6290 1551 1551 6291 1549 1549 6292 1552 1552 6293 1556 1556 6294 1553 1553 6295 1557 1557 6296 1553 1553 6297 1554 1554 6298 1557 1557 6299 1557 1557 6300 1554 1554 6301 1555 1555 6302 1554 1554 6303 1552 1552 6304 1555 1555 6305 1559 1559 6306 1556 1556 6307 1560 1560 6308 1556 1556 6309 1557 1557 6310 1560 1560 6311 1560 1560 6312 1557 1557 6313 1558 1558 6314 1557 1557 6315 1555 1555 6316 1558 1558 6317 1562 1562 6318 1559 1559 6319 1563 1563 6320 1559 1559 6321 1560 1560 6322 1563 1563 6323 1563 1563 6324 1560 1560 6325 1561 1561 6326 1560 1560 6327 1558 1558 6328 1561 1561 6329 1565 1565 6330 1562 1562 6331 1566 1566 6332 1562 1562 6333 1563 1563 6334 1566 1566 6335 1566 1566 6336 1563 1563 6337 1564 1564 6338 1563 1563 6339 1561 1561 6340 1564 1564 6341 1568 1568 6342 1565 1565 6343 1569 1569 6344 1565 1565 6345 1566 1566 6346 1569 1569 6347 1569 1569 6348 1566 1566 6349 1567 1567 6350 1566 1566 6351 1564 1564 6352 1567 1567 6353 1522 1522 6354 1568 1568 6355 1524 1524 6356 1568 1568 6357 1569 1569 6358 1524 1524 6359 1524 1524 6360 1569 1569 6361 1523 1523 6362 1569 1569 6363 1567 1567 6364 1523 1523 6365 1480 1480 6366 1483 1483 6367 1553 1553 6368 1483 1483 6369 1550 1550 6370 1553 1553 6371 1505 1505 6372 1507 1507 6373 1529 1529 6374 1507 1507 6375 1526 1526 6376 1529 1529 6377 1483 1483 6378 1486 1486 6379 1550 1550 6380 1486 1486 6381 1547 1547 6382 1550 1550 6383 1522 1522 6384 1510 1510 6385 1568 1568 6386 1510 1510 6387 1465 1465 6388 1568 1568 6389 1507 1507 6390 1510 1510 6391 1526 1526 6392 1510 1510 6393 1522 1522 6394 1526 1526 6395 1486 1486 6396 1490 1490 6397 1547 1547 6398 1490 1490 6399 1544 1544 6400 1547 1547 6401 1568 1568 6402 1465 1465 6403 1565 1565 6404 1465 1465 6405 1469 1469 6406 1565 1565 6407 1490 1490 6408 1492 1492 6409 1544 1544 6410 1492 1492 6411 1541 1541 6412 1544 1544 6413 1469 1469 6414 1471 1471 6415 1565 1565 6416 1471 1471 6417 1562 1562 6418 1565 1565 6419 1492 1492 6420 1495 1495 6421 1541 1541 6422 1495 1495 6423 1538 1538 6424 1541 1541 6425 1471 1471 6426 1475 1475 6427 1562 1562 6428 1475 1475 6429 1559 1559 6430 1562 1562 6431 1495 1495 6432 1498 1498 6433 1538 1538 6434 1498 1498 6435 1535 1535 6436 1538 1538 6437 1475 1475 6438 1477 1477 6439 1559 1559 6440 1477 1477 6441 1556 1556 6442 1559 1559 6443 1498 1498 6444 1501 1501 6445 1535 1535 6446 1501 1501 6447 1532 1532 6448 1535 1535 6449 1477 1477 6450 1480 1480 6451 1556 1556 6452 1480 1480 6453 1553 1553 6454 1556 1556 6455</p>
				</triangles>
			</mesh>
		</geometry>
		<geometry id="3003|MB|42-mesh" name="3003|MB|42">
			<mesh>
				<source id="3003|MB|42-mesh-positions">
					<float_array id="3003|MB|42-mesh-positions-array" count="2334">7.96 0.02 7.96 7.96 9.58 7.96 6.8 0.02 6.8 6.8 8.5 6.8 3.003 8.5 1.244 2.298 8.5 2.298 1.244 8.5 3.003 2.217 8.5 0.918 1.697 8.5 1.697 0.918 8.5 2.217 0.918 0.02 2.217 1.697 0.02 1.697 2.217 0.02 0.918 1.244 0.02 3.003 2.298 0.02 2.298 3.003 0.02 1.244 6.8 0.15 4.3 6.4 0.15 4.3 6.4 0.15 3.7 6.8 0.15 3.7 6.8 8.5 3.7 6.4 8.5 3.7 6.4 8.5 4.3 6.8 8.5 4.3 4 9.58 7.96 4 0.02 6.8 4 0.02 7.96 4 8.5 6.8 4.3 8.5 6.4 4.3 8.5 6.8 3.7 8.5 6.8 3.7 8.5 6.4 3.7 0.15 6.4 3.7 0.15 6.8 4.3 0.15 6.8 4.3 0.15 6.4 4 8.5 6.4 4 0.15 6.4 4 0.15 6.8 -7.96 0.02 7.96 -7.96 9.58 7.96 -6.8 0.02 6.8 -6.8 8.5 6.8 -3.003 8.5 1.244 -2.298 8.5 2.298 -1.244 8.5 3.003 -2.217 8.5 0.918 -1.697 8.5 1.697 -0.918 8.5 2.217 0 0.02 2.4 -0.918 0.02 2.217 -1.697 0.02 1.697 -2.217 0.02 0.918 -1.244 0.02 3.003 -2.298 0.02 2.298 -3.003 0.02 1.244 -6.8 0.15 4.3 -6.4 0.15 4.3 -6.4 0.15 3.7 -6.8 0.15 3.7 -6.8 8.5 3.7 -6.4 8.5 3.7 -6.4 8.5 4.3 -6.8 8.5 4.3 -4 9.58 7.96 -4 0.02 6.8 -4 0.02 7.96 -4 8.5 6.8 0 0.02 7.96 0 0.02 6.8 -4.3 8.5 6.4 -4.3 8.5 6.8 -3.7 8.5 6.8 -3.7 8.5 6.4 -3.7 0.15 6.4 -3.7 0.15 6.8 -4.3 0.15 6.8 -4.3 0.15 6.4 -4 8.5 6.4 -4 0.15 6.4 -4 0.15 6.8 0 8.5 2.4 0 9.58 7.96 0 0.02 3.25 0 8.5 6.8 0 8.5 3.25 7.96 0.02 -7.96 7.96 9.58 -7.96 6.8 0.02 -6.8 6.8 8.5 -6.8 3.003 8.5 -1.244 2.298 8.5 -2.298 1.244 8.5 -3.003 2.217 8.5 -0.918 1.697 8.5 -1.697 0.918 8.5 -2.217 0.918 0.02 -2.217 1.697 0.02 -1.697 2.217 0.02 -0.918 1.244 0.02 -3.003 2.298 0.02 -2.298 3.003 0.02 -1.244 6.8 0.15 -4.3 6.4 0.15 -4.3 6.4 0.15 -3.7 6.8 0.15 -3.7 6.8 8.5 -3.7 6.4 8.5 -3.7 6.4 8.5 -4.3 6.8 8.5 -4.3 4 9.58 -7.96 4 0.02 -6.8 4 0.02 -7.96 4 8.5 -6.8 4.3 8.5 -6.4 4.3 8.5 -6.8 3.7 8.5 -6.8 3.7 8.5 -6.4 3.7 0.15 -6.4 3.7 0.15 -6.8 4.3 0.15 -6.8 4.3 0.15 -6.4 4 8.5 -6.4 4 0.15 -6.4 4 0.15 -6.8 4 9.58 0 3.25 8.5 0 2.4 8.5 0 2.4 0.02 0 3.25 0.02 0 7.96 0.02 0 7.96 9.58 0 6.8 0.02 0 6.8 8.5 0 4 8.5 0 -7.96 0.02 -7.96 -7.96 9.58 -7.96 -6.8 0.02 -6.8 -6.8 8.5 -6.8 -3.003 8.5 -1.244 -2.298 8.5 -2.298 -1.244 8.5 -3.003 -2.217 8.5 -0.918 -1.697 8.5 -1.697 -0.918 8.5 -2.217 0 0.02 -2.4 -0.918 0.02 -2.217 -1.697 0.02 -1.697 -2.217 0.02 -0.918 -1.244 0.02 -3.003 -2.298 0.02 -2.298 -3.003 0.02 -1.244 -6.8 0.15 -4.3 -6.4 0.15 -4.3 -6.4 0.15 -3.7 -6.8 0.15 -3.7 -6.8 8.5 -3.7 -6.4 8.5 -3.7 -6.4 8.5 -4.3 -6.8 8.5 -4.3 -4 9.58 -7.96 -4 0.02 -6.8 -4 0.02 -7.96 -4 8.5 -6.8 0 0.02 -7.96 0 0.02 -6.8 -4.3 8.5 -6.4 -4.3 8.5 -6.8 -3.7 8.5 -6.8 -3.7 8.5 -6.4 -3.7 0.15 -6.4 -3.7 0.15 -6.8 -4.3 0.15 -6.8 -4.3 0.15 -6.4 -4 8.5 -6.4 -4 0.15 -6.4 -4 0.15 -6.8 0 8.5 -2.4 0 9.58 -7.96 0 0.02 -3.25 0 8.5 -6.8 0 8.5 -3.25 -4 9.58 0 0 9.58 0 0 8.5 0 -3.25 8.5 0 -2.4 8.5 0 -2.4 0.02 0 -3.25 0.02 0 -7.96 0.02 0 -7.96 9.58 0 -6.8 0.02 0 -6.8 8.5 0 -4 8.5 0 7.96 0.02 7.96 7.96 0.02 7.96 7.96 9.58 7.96 7.96 9.58 7.96 4 9.58 7.96 4 0.02 6.8 6.8 0.02 6.8 6.8 0.02 6.8 6.8 8.5 6.8 6.8 8.5 6.8 0 0.02 2.4 0.918 0.02 2.217 1.697 0.02 1.697 2.217 0.02 0.918 2.4 0.02 0 1.244 0.02 3.003 2.298 0.02 2.298 3.003 0.02 1.244 3.25 0.02 0 6.4 0.15 4.3 6.4 0.15 4.3 6.4 0.15 3.7 6.4 0.15 3.7 6.8 0.15 4.3 6.8 0.15 3.7 6.4 8.5 3.7 6.4 8.5 4.3 0 0.02 6.8 4 0.02 7.96 4 8.5 6.8 7.96 0.02 0 6.8 8.5 0 6.8 0.02 0 0 0.02 7.96 4.3 8.5 6.4 4.3 0.15 6.4 4.3 0.15 6.4 3.7 8.5 6.4 3.7 0.15 6.4 3.7 0.15 6.4 3.7 0.15 6.8 4 0.15 6.4 4.3 0.15 6.8 7.96 9.58 0 0 9.58 7.96 0 0.02 3.25 0 8.5 6.8 -7.96 0.02 7.96 -7.96 0.02 7.96 -7.96 9.58 7.96 -7.96 9.58 7.96 -4 9.58 7.96 -4 0.02 6.8 -6.8 0.02 6.8 -6.8 0.02 6.8 -6.8 8.5 6.8 -6.8 8.5 6.8 -0.918 0.02 2.217 -1.697 0.02 1.697 -2.217 0.02 0.918 -2.4 0.02 0 -1.244 0.02 3.003 -2.298 0.02 2.298 -3.003 0.02 1.244 -3.25 0.02 0 -6.4 0.15 4.3 -6.4 0.15 4.3 -6.4 0.15 3.7 -6.4 0.15 3.7 -6.8 0.15 4.3 -6.8 0.15 3.7 -6.4 8.5 3.7 -6.4 8.5 4.3 -4 0.02 7.96 -4 8.5 6.8 -7.96 0.02 0 -6.8 8.5 0 -6.8 0.02 0 -4.3 8.5 6.4 -4.3 0.15 6.4 -4.3 0.15 6.4 -3.7 8.5 6.4 -3.7 0.15 6.4 -3.7 0.15 6.4 -3.7 0.15 6.8 -4 0.15 6.4 -4.3 0.15 6.8 -7.96 9.58 0 7.96 0.02 -7.96 7.96 0.02 -7.96 7.96 9.58 -7.96 7.96 9.58 -7.96 4 9.58 -7.96 4 0.02 -6.8 6.8 0.02 -6.8 6.8 0.02 -6.8 6.8 8.5 -6.8 6.8 8.5 -6.8 0 0.02 -2.4 0.918 0.02 -2.217 1.697 0.02 -1.697 2.217 0.02 -0.918 1.244 0.02 -3.003 2.298 0.02 -2.298 3.003 0.02 -1.244 6.4 0.15 -4.3 6.4 0.15 -4.3 6.4 0.15 -3.7 6.4 0.15 -3.7 6.8 0.15 -4.3 6.8 0.15 -3.7 6.4 8.5 -3.7 6.4 8.5 -4.3 0 0.02 -6.8 4 0.02 -7.96 4 8.5 -6.8 0 0.02 -7.96 4.3 8.5 -6.4 4.3 0.15 -6.4 4.3 0.15 -6.4 3.7 8.5 -6.4 3.7 0.15 -6.4 3.7 0.15 -6.4 3.7 0.15 -6.8 4 0.15 -6.4 4.3 0.15 -6.8 0 9.58 -7.96 0 0.02 -3.25 0 8.5 -6.8 -7.96 0.02 -7.96 -7.96 0.02 -7.96 -7.96 9.58 -7.96 -7.96 9.58 -7.96 -4 9.58 -7.96 -4 0.02 -6.8 -6.8 0.02 -6.8 -6.8 0.02 -6.8 -6.8 8.5 -6.8 -6.8 8.5 -6.8 -0.918 0.02 -2.217 -1.697 0.02 -1.697 -2.217 0.02 -0.918 -1.244 0.02 -3.003 -2.298 0.02 -2.298 -3.003 0.02 -1.244 -6.4 0.15 -4.3 -6.4 0.15 -4.3 -6.4 0.15 -3.7 -6.4 0.15 -3.7 -6.8 0.15 -4.3 -6.8 0.15 -3.7 -6.4 8.5 -3.7 -6.4 8.5 -4.3 -4 0.02 -7.96 -4 8.5 -6.8 -4.3 8.5 -6.4 -4.3 0.15 -6.4 -4.3 0.15 -6.4 -3.7 8.5 -6.4 -3.7 0.15 -6.4 -3.7 0.15 -6.4 -3.7 0.15 -6.8 -4 0.15 -6.4 -4.3 0.15 -6.8 -3.082 11.15 -6.217 -3.179 11.4 -5.982 -3.11 11.327 -6.148 -2.483 11.4 -5.517 -2.303 11.15 -5.697 -2.356 11.327 -5.644 -1.783 11.15 -4.918 -2.018 11.4 -4.821 -1.852 11.327 -4.89 -1.855 11.4 -4 -1.6 11.15 -4 -1.675 11.327 -4 -1.783 11.15 -3.082 -2.018 11.4 -3.179 -1.852 11.327 -3.11 -2.303 11.15 -2.303 -2.483 11.4 -2.483 -2.356 11.327 -2.356 -3.082 11.15 -1.783 -3.179 11.4 -2.018 -3.11 11.327 -1.852 -4 11.15 -1.6 -4 11.4 -1.855 -4 11.327 -1.675 -4.821 11.4 -2.018 -4.918 11.15 -1.783 -4.89 11.327 -1.852 -5.697 11.15 -2.303 -5.517 11.4 -2.483 -5.644 11.327 -2.356 -6.217 11.15 -3.082 -5.982 11.4 -3.179 -6.148 11.327 -3.11 -6.4 11.15 -4 -6.145 11.4 -4 -6.325 11.327 -4 -6.217 11.15 -4.918 -5.982 11.4 -4.821 -6.148 11.327 -4.89 -5.517 11.4 -5.517 -5.697 11.15 -5.697 -5.644 11.327 -5.644 -4.918 11.15 -6.217 -4.821 11.4 -5.982 -4.89 11.327 -6.148 -4 11.15 -6.4 -4 11.4 -6.145 -4 11.327 -6.325 -2.937 11.4 -2.986 -2.836 11.4 -4 -2.937 11.4 -5.014 -4 11.4 -2.903 -4 11.4 -4 -4 11.4 -5.097 -5.063 11.4 -2.986 -5.164 11.4 -4 -5.063 11.4 -5.014 -4 9.73 -6.4 -4 9.58 -6.553 -4 9.624 -6.445 -4.977 9.58 -6.359 -4.918 9.73 -6.217 -4.936 9.624 -6.259 -5.805 9.58 -5.805 -5.697 9.73 -5.697 -5.729 9.624 -5.729 -6.359 9.58 -4.977 -6.217 9.73 -4.918 -6.259 9.624 -4.936 -6.553 9.58 -4 -6.4 9.73 -4 -6.445 9.624 -4 -6.359 9.58 -3.023 -6.217 9.73 -3.082 -6.259 9.624 -3.064 -5.805 9.58 -2.195 -5.697 9.73 -2.303 -5.729 9.624 -2.271 -4.977 9.58 -1.641 -4.918 9.73 -1.783 -4.936 9.624 -1.741 -4 9.58 -1.447 -4 9.73 -1.6 -4 9.624 -1.555 -3.023 9.58 -1.641 -3.082 9.73 -1.783 -3.064 9.624 -1.741 -2.195 9.58 -2.195 -2.303 9.73 -2.303 -2.271 9.624 -2.271 -1.641 9.58 -3.023 -1.783 9.73 -3.082 -1.741 9.624 -3.064 -1.447 9.58 -4 -1.6 9.73 -4 -1.555 9.624 -4 -1.641 9.58 -4.977 -1.783 9.73 -4.918 -1.741 9.624 -4.936 -2.195 9.58 -5.805 -2.303 9.73 -5.697 -2.271 9.624 -5.729 -3.023 9.58 -6.359 -3.082 9.73 -6.217 -3.064 9.624 -6.259 -3.082 11.15 1.783 -3.179 11.4 2.018 -3.11 11.327 1.852 -2.483 11.4 2.483 -2.303 11.15 2.303 -2.356 11.327 2.356 -1.783 11.15 3.082 -2.018 11.4 3.179 -1.852 11.327 3.11 -1.855 11.4 4 -1.6 11.15 4 -1.675 11.327 4 -1.783 11.15 4.918 -2.018 11.4 4.821 -1.852 11.327 4.89 -2.303 11.15 5.697 -2.483 11.4 5.517 -2.356 11.327 5.644 -3.082 11.15 6.217 -3.179 11.4 5.982 -3.11 11.327 6.148 -4 11.15 6.4 -4 11.4 6.145 -4 11.327 6.325 -4.821 11.4 5.982 -4.918 11.15 6.217 -4.89 11.327 6.148 -5.697 11.15 5.697 -5.517 11.4 5.517 -5.644 11.327 5.644 -6.217 11.15 4.918 -5.982 11.4 4.821 -6.148 11.327 4.89 -6.4 11.15 4 -6.145 11.4 4 -6.325 11.327 4 -6.217 11.15 3.082 -5.982 11.4 3.179 -6.148 11.327 3.11 -5.517 11.4 2.483 -5.697 11.15 2.303 -5.644 11.327 2.356 -4.918 11.15 1.783 -4.821 11.4 2.018 -4.89 11.327 1.852 -4 11.15 1.6 -4 11.4 1.855 -4 11.327 1.675 -2.937 11.4 5.014 -2.836 11.4 4 -2.937 11.4 2.986 -4 11.4 5.097 -4 11.4 4 -4 11.4 2.903 -5.063 11.4 5.014 -5.164 11.4 4 -5.063 11.4 2.986 -4 9.73 1.6 -4 9.58 1.447 -4 9.624 1.555 -4.977 9.58 1.641 -4.918 9.73 1.783 -4.936 9.624 1.741 -5.805 9.58 2.195 -5.697 9.73 2.303 -5.729 9.624 2.271 -6.359 9.58 3.023 -6.217 9.73 3.082 -6.259 9.624 3.064 -6.553 9.58 4 -6.4 9.73 4 -6.445 9.624 4 -6.359 9.58 4.977 -6.217 9.73 4.918 -6.259 9.624 4.936 -5.805 9.58 5.805 -5.697 9.73 5.697 -5.729 9.624 5.729 -4.977 9.58 6.359 -4.918 9.73 6.217 -4.936 9.624 6.259 -4 9.58 6.553 -4 9.73 6.4 -4 9.624 6.445 -3.023 9.58 6.359 -3.082 9.73 6.217 -3.064 9.624 6.259 -2.195 9.58 5.805 -2.303 9.73 5.697 -2.271 9.624 5.729 -1.641 9.58 4.977 -1.783 9.73 4.918 -1.741 9.624 4.936 -1.447 9.58 4 -1.6 9.73 4 -1.555 9.624 4 -1.641 9.58 3.023 -1.783 9.73 3.082 -1.741 9.624 3.064 -2.195 9.58 2.195 -2.303 9.73 2.303 -2.271 9.624 2.271 -3.023 9.58 1.641 -3.082 9.73 1.783 -3.064 9.624 1.741 4.918 11.15 -6.217 4.821 11.4 -5.982 4.89 11.327 -6.148 5.517 11.4 -5.517 5.697 11.15 -5.697 5.644 11.327 -5.644 6.217 11.15 -4.918 5.982 11.4 -4.821 6.148 11.327 -4.89 6.145 11.4 -4 6.4 11.15 -4 6.325 11.327 -4 6.217 11.15 -3.082 5.982 11.4 -3.179 6.148 11.327 -3.11 5.697 11.15 -2.303 5.517 11.4 -2.483 5.644 11.327 -2.356 4.918 11.15 -1.783 4.821 11.4 -2.018 4.89 11.327 -1.852 4 11.15 -1.6 4 11.4 -1.855 4 11.327 -1.675 3.179 11.4 -2.018 3.082 11.15 -1.783 3.11 11.327 -1.852 2.303 11.15 -2.303 2.483 11.4 -2.483 2.356 11.327 -2.356 1.783 11.15 -3.082 2.018 11.4 -3.179 1.852 11.327 -3.11 1.6 11.15 -4 1.855 11.4 -4 1.675 11.327 -4 1.783 11.15 -4.918 2.018 11.4 -4.821 1.852 11.327 -4.89 2.483 11.4 -5.517 2.303 11.15 -5.697 2.356 11.327 -5.644 3.082 11.15 -6.217 3.179 11.4 -5.982 3.11 11.327 -6.148 4 11.15 -6.4 4 11.4 -6.145 4 11.327 -6.325 5.063 11.4 -2.986 5.164 11.4 -4 5.063 11.4 -5.014 4 11.4 -2.903 4 11.4 -4 4 11.4 -5.097 2.937 11.4 -2.986 2.836 11.4 -4 2.937 11.4 -5.014 4 9.73 -6.4 4 9.58 -6.553 4 9.624 -6.445 3.023 9.58 -6.359 3.082 9.73 -6.217 3.064 9.624 -6.259 2.195 9.58 -5.805 2.303 9.73 -5.697 2.271 9.624 -5.729 1.641 9.58 -4.977 1.783 9.73 -4.918 1.741 9.624 -4.936 1.447 9.58 -4 1.6 9.73 -4 1.555 9.624 -4 1.641 9.58 -3.023 1.783 9.73 -3.082 1.741 9.624 -3.064 2.195 9.58 -2.195 2.303 9.73 -2.303 2.271 9.624 -2.271 3.023 9.58 -1.641 3.082 9.73 -1.783 3.064 9.624 -1.741 4 9.58 -1.447 4 9.73 -1.6 4 9.624 -1.555 4.977 9.58 -1.641 4.918 9.73 -1.783 4.936 9.624 -1.741 5.805 9.58 -2.195 5.697 9.73 -2.303 5.729 9.624 -2.271 6.359 9.58 -3.023 6.217 9.73 -3.082 6.259 9.624 -3.064 6.553 9.58 -4 6.4 9.73 -4 6.445 9.624 -4 6.359 9.58 -4.977 6.217 9.73 -4.918 6.259 9.624 -4.936 5.805 9.58 -5.805 5.697 9.73 -5.697 5.729 9.624 -5.729 4.977 9.58 -6.359 4.918 9.73 -6.217 4.936 9.624 -6.259 4.918 11.15 1.783 4.821 11.4 2.018 4.89 11.327 1.852 5.517 11.4 2.483 5.697 11.15 2.303 5.644 11.327 2.356 6.217 11.15 3.082 5.982 11.4 3.179 6.148 11.327 3.11 6.145 11.4 4 6.4 11.15 4 6.325 11.327 4 6.217 11.15 4.918 5.982 11.4 4.821 6.148 11.327 4.89 5.697 11.15 5.697 5.517 11.4 5.517 5.644 11.327 5.644 4.918 11.15 6.217 4.821 11.4 5.982 4.89 11.327 6.148 4 11.15 6.4 4 11.4 6.145 4 11.327 6.325 3.179 11.4 5.982 3.082 11.15 6.217 3.11 11.327 6.148 2.303 11.15 5.697 2.483 11.4 5.517 2.356 11.327 5.644 1.783 11.15 4.918 2.018 11.4 4.821 1.852 11.327 4.89 1.6 11.15 4 1.855 11.4 4 1.675 11.327 4 1.783 11.15 3.082 2.018 11.4 3.179 1.852 11.327 3.11 2.483 11.4 2.483 2.303 11.15 2.303 2.356 11.327 2.356 3.082 11.15 1.783 3.179 11.4 2.018 3.11 11.327 1.852 4 11.15 1.6 4 11.4 1.855 4 11.327 1.675 5.063 11.4 5.014 5.164 11.4 4 5.063 11.4 2.986 4 11.4 5.097 4 11.4 4 4 11.4 2.903 2.937 11.4 5.014 2.836 11.4 4 2.937 11.4 2.986 4 9.73 1.6 4 9.58 1.447 4 9.624 1.555 3.023 9.58 1.641 3.082 9.73 1.783 3.064 9.624 1.741 2.195 9.58 2.195 2.303 9.73 2.303 2.271 9.624 2.271 1.641 9.58 3.023 1.783 9.73 3.082 1.741 9.624 3.064 1.447 9.58 4 1.6 9.73 4 1.555 9.624 4 1.641 9.58 4.977 1.783 9.73 4.918 1.741 9.624 4.936 2.195 9.58 5.805 2.303 9.73 5.697 2.271 9.624 5.729 3.023 9.58 6.359 3.082 9.73 6.217 3.064 9.624 6.259 4 9.58 6.553 4 9.73 6.4 4 9.624 6.445 4.977 9.58 6.359 4.918 9.73 6.217 4.936 9.624 6.259 5.805 9.58 5.805 5.697 9.73 5.697 5.729 9.624 5.729 6.359 9.58 4.977 6.217 9.73 4.918 6.259 9.624 4.936 6.553 9.58 4 6.4 9.73 4 6.445 9.624 4 6.359 9.58 3.023 6.217 9.73 3.082 6.259 9.624 3.064 5.805 9.58 2.195 5.697 9.73 2.303 5.729 9.624 2.271 4.977 9.58 1.641 4.918 9.73 1.783 4.936 9.624 1.741</float_array>
					<technique_common>
						<accessor source="#3003|MB|42-mesh-positions-array" count="778" stride="3">
							<param name="X" type="float"/>
							<param name="Y" type="float"/>
							<param name="Z" type="float"/>
						</accessor>
					</technique_common>
				</source>
				<source id="3003|MB|42-mesh-normals">
					<float_array id="3003|MB|42-mesh-normals-array" count="2334">0 0 1 0 1 0 -1 0 0 0 -1 0 0.924 0 0.383 0.707 0 0.707 0.383 0 0.924 -0.924 0 -0.383 -0.707 0 -0.707 -0.383 0 -0.924 -0.383 0 -0.924 -0.707 0 -0.707 -0.924 0 -0.383 0.383 0 0.924 0.707 0 0.707 0.924 0 0.383 0 0 1 -1 0 0 -1 0 0 0 0 -1 0 0 -1 -1 0 0 -1 0 0 0 0 1 0 1 0 0 0 -1 0 0 1 0 -1 0 0 0 -1 1 0 0 -1 0 0 -1 0 0 0 0 -1 0 -1 0 0 -1 0 0 -1 0 0 0 -1 0 -1 0 0 -1 0 0 0 1 0 1 0 1 0 0 0 -1 0 -0.924 0 0.383 -0.707 0 0.707 -0.383 0 0.924 0.924 0 -0.383 0.707 0 -0.707 0.383 0 -0.924 0 0 -1 0.383 0 -0.924 0.707 0 -0.707 0.924 0 -0.383 -0.383 0 0.924 -0.707 0 0.707 -0.924 0 0.383 0 0 1 1 0 0 1 0 0 0 0 -1 0 0 -1 1 0 0 1 0 0 0 0 1 0 1 0 0 0 -1 0 0 1 0 -1 0 0 0 1 0 -1 0 0 0 -1 -1 0 0 1 0 0 1 0 0 0 0 -1 0 -1 0 0 -1 0 0 -1 0 0 0 -1 0 -1 0 0 -1 0 0 0 -1 0 0 1 0 -1 0 0 0 -1 0 0 1 0 0 -1 0 1 0 -1 0 0 0 -1 0 0.924 0 -0.383 0.707 0 -0.707 0.383 0 -0.924 -0.924 0 0.383 -0.707 0 0.707 -0.383 0 0.924 -0.383 0 0.924 -0.707 0 0.707 -0.924 0 0.383 0.383 0 -0.924 0.707 0 -0.707 0.924 0 -0.383 0 0 -1 -1 0 0 -1 0 0 0 0 1 0 0 1 -1 0 0 -1 0 0 0 0 -1 0 1 0 0 0 1 0 0 -1 0 -1 0 0 0 1 1 0 0 -1 0 0 -1 0 0 0 0 1 0 -1 0 0 -1 0 0 -1 0 0 0 1 0 -1 0 0 -1 0 0 1 0 1 0 0 -1 0 0 -1 0 0 1 0 0 1 0 0 0 1 0 0 -1 0 0 -1 0 0 -1 0 0 0 -1 0 1 0 1 0 0 0 -1 0 -0.924 0 -0.383 -0.707 0 -0.707 -0.383 0 -0.924 0.924 0 0.383 0.707 0 0.707 0.383 0 0.924 0 0 1 0.383 0 0.924 0.707 0 0.707 0.924 0 0.383 -0.383 0 -0.924 -0.707 0 -0.707 -0.924 0 -0.383 0 0 -1 1 0 0 1 0 0 0 0 1 0 0 1 1 0 0 1 0 0 0 0 -1 0 1 0 0 0 1 0 0 -1 0 -1 0 0 0 -1 0 -1 0 0 0 1 -1 0 0 1 0 0 1 0 0 0 0 1 0 -1 0 0 -1 0 0 -1 0 0 0 1 0 -1 0 0 -1 0 0 0 1 0 0 -1 0 -1 0 0 0 1 0 0 -1 0 1 0 0 1 0 0 -1 0 -1 0 0 1 0 0 1 0 0 -1 0 0 -1 0 0 0 1 0 0 -1 0 0 -1 0 0 -1 0 1 0 0 0 -1 0 1 0 0 0 0 1 0 0 1 0 -1 0 0 -1 0 0 0 -1 0 0 -1 -1 0 0 0 -1 0 0 -1 0 0 -1 0 0 -1 0 0 -1 0 0 -1 0 0 -1 0 0 -1 0 0 -1 0 0 -1 0 0 0 1 0 -1 0 0 0 -1 0 -1 0 0 -1 0 0 0 -1 0 0 1 0 0 -1 0 -1 0 0 0 -1 0 -1 0 -1 0 0 -1 0 0 0 -1 0 1 0 0 1 0 0 0 0 -1 0 0 -1 -1 0 0 0 -1 0 -1 0 0 0 0 -1 1 0 0 1 0 0 0 1 0 0 0 1 0 -1 0 -1 0 0 0 -1 0 -1 0 0 0 0 1 0 0 1 0 -1 0 0 -1 0 0 0 -1 0 0 -1 1 0 0 0 -1 0 0 -1 0 0 -1 0 0 -1 0 0 -1 0 0 -1 0 0 -1 0 0 -1 0 0 -1 0 0 0 1 0 -1 0 0 0 -1 0 -1 0 0 -1 0 0 0 -1 0 0 1 0 -1 0 0 0 -1 0 -1 0 1 0 0 1 0 0 -1 0 0 -1 0 0 0 0 -1 0 0 -1 1 0 0 0 -1 0 1 0 0 0 0 -1 -1 0 0 -1 0 0 1 0 0 0 -1 0 1 0 0 0 0 -1 0 0 -1 0 -1 0 0 -1 0 0 0 1 0 0 1 -1 0 0 0 -1 0 0 -1 0 0 -1 0 0 -1 0 0 -1 0 0 -1 0 0 -1 0 0 -1 0 0 0 -1 0 -1 0 0 0 1 0 -1 0 0 -1 0 0 0 1 0 0 -1 0 0 1 0 -1 0 0 0 1 0 -1 0 1 0 0 1 0 0 0 0 1 0 0 1 -1 0 0 0 -1 0 -1 0 0 0 0 1 1 0 0 0 1 0 0 0 -1 0 -1 0 -1 0 0 0 -1 0 -1 0 0 0 0 -1 0 0 -1 0 -1 0 0 -1 0 0 0 1 0 0 1 1 0 0 0 -1 0 0 -1 0 0 -1 0 0 -1 0 0 -1 0 0 -1 0 0 -1 0 0 0 -1 0 -1 0 0 0 1 0 -1 0 0 -1 0 0 0 1 0 0 -1 0 -1 0 0 0 1 -1 0 0 -1 0 0 0 0 1 0 0 1 1 0 0 0 -1 0 1 0 0 0 0 1 -1 0 0 0.38291 0 -0.92379 0 1 0 0.27695 0.68888 -0.66988 0 1 0 0.70711 0 -0.70711 0.51273 0.68864 -0.51273 0.92379 0 -0.38291 0 1 0 0.66988 0.68888 -0.27695 0 1 0 1 0 0 0.72487 0.68888 0 0.92379 0 0.38291 0 1 0 0.66988 0.68888 0.27695 0.70711 0 0.70711 0 1 0 0.51273 0.68864 0.51273 0.38291 0 0.92379 0 1 0 0.27695 0.68888 0.66988 0 0 1 0 1 0 0 0.68888 0.72487 0 1 0 -0.38291 0 0.92379 -0.27695 0.68888 0.66988 -0.70711 0 0.70711 0 1 0 -0.51273 0.68864 0.51273 -0.92379 0 0.38291 0 1 0 -0.66988 0.68888 0.27695 -1 0 0 0 1 0 -0.72487 0.68888 0 -0.92379 0 -0.38291 0 1 0 -0.66988 0.68888 -0.27695 0 1 0 -0.70711 0 -0.70711 -0.51273 0.68864 -0.51273 -0.38291 0 -0.92379 0 1 0 -0.27695 0.68888 -0.66988 0 0 -1 0 1 0 0 0.68888 -0.72487 0 1 0 0 1 0 0 1 0 0 1 0 0 1 0 0 1 0 0 1 0 0 1 0 0 1 0 0 0 -1 0 1 0 0 0.73695 -0.67595 0 1 0 -0.38291 0 -0.92379 -0.25889 0.73668 -0.62473 0 1 0 -0.70711 0 -0.70711 -0.47797 0.73695 -0.47797 0 1 0 -0.92379 0 -0.38291 -0.62473 0.73668 -0.25889 0 1 0 -1 0 0 -0.67595 0.73695 0 0 1 0 -0.92379 0 0.38291 -0.62473 0.73668 0.25889 0 1 0 -0.70711 0 0.70711 -0.47797 0.73695 0.47797 0 1 0 -0.38291 0 0.92379 -0.25889 0.73668 0.62473 0 1 0 0 0 1 0 0.73695 0.67595 0 1 0 0.38291 0 0.92379 0.25889 0.73668 0.62473 0 1 0 0.70711 0 0.70711 0.47797 0.73695 0.47797 0 1 0 0.92379 0 0.38291 0.62473 0.73668 0.25889 0 1 0 1 0 0 0.67595 0.73695 0 0 1 0 0.92379 0 -0.38291 0.62473 0.73668 -0.25889 0 1 0 0.70711 0 -0.70711 0.47797 0.73695 -0.47797 0 1 0 0.38291 0 -0.92379 0.25889 0.73668 -0.62473 0.38291 0 -0.92379 0 1 0 0.27695 0.68888 -0.66988 0 1 0 0.70711 0 -0.70711 0.51273 0.68864 -0.51273 0.92379 0 -0.38291 0 1 0 0.66988 0.68888 -0.27695 0 1 0 1 0 0 0.72487 0.68888 0 0.92379 0 0.38291 0 1 0 0.66988 0.68888 0.27695 0.70711 0 0.70711 0 1 0 0.51273 0.68864 0.51273 0.38291 0 0.92379 0 1 0 0.27695 0.68888 0.66988 0 0 1 0 1 0 0 0.68888 0.72487 0 1 0 -0.38291 0 0.92379 -0.27695 0.68888 0.66988 -0.70711 0 0.70711 0 1 0 -0.51273 0.68864 0.51273 -0.92379 0 0.38291 0 1 0 -0.66988 0.68888 0.27695 -1 0 0 0 1 0 -0.72487 0.68888 0 -0.92379 0 -0.38291 0 1 0 -0.66988 0.68888 -0.27695 0 1 0 -0.70711 0 -0.70711 -0.51273 0.68864 -0.51273 -0.38291 0 -0.92379 0 1 0 -0.27695 0.68888 -0.66988 0 0 -1 0 1 0 0 0.68888 -0.72487 0 1 0 0 1 0 0 1 0 0 1 0 0 1 0 0 1 0 0 1 0 0 1 0 0 1 0 0 0 -1 0 1 0 0 0.73695 -0.67595 0 1 0 -0.38291 0 -0.92379 -0.25889 0.73668 -0.62473 0 1 0 -0.70711 0 -0.70711 -0.47797 0.73695 -0.47797 0 1 0 -0.92379 0 -0.38291 -0.62473 0.73668 -0.25889 0 1 0 -1 0 0 -0.67595 0.73695 0 0 1 0 -0.92379 0 0.38291 -0.62473 0.73668 0.25889 0 1 0 -0.70711 0 0.70711 -0.47797 0.73695 0.47797 0 1 0 -0.38291 0 0.92379 -0.25889 0.73668 0.62473 0 1 0 0 0 1 0 0.73695 0.67595 0 1 0 0.38291 0 0.92379 0.25889 0.73668 0.62473 0 1 0 0.70711 0 0.70711 0.47797 0.73695 0.47797 0 1 0 0.92379 0 0.38291 0.62473 0.73668 0.25889 0 1 0 1 0 0 0.67595 0.73695 0 0 1 0 0.92379 0 -0.38291 0.62473 0.73668 -0.25889 0 1 0 0.70711 0 -0.70711 0.47797 0.73695 -0.47797 0 1 0 0.38291 0 -0.92379 0.25889 0.73668 -0.62473 0.38291 0 -0.92379 0 1 0 0.27695 0.68888 -0.66988 0 1 0 0.70711 0 -0.70711 0.51273 0.68864 -0.51273 0.92379 0 -0.38291 0 1 0 0.66988 0.68888 -0.27695 0 1 0 1 0 0 0.72487 0.68888 0 0.92379 0 0.38291 0 1 0 0.66988 0.68888 0.27695 0.70711 0 0.70711 0 1 0 0.51273 0.68864 0.51273 0.38291 0 0.92379 0 1 0 0.27695 0.68888 0.66988 0 0 1 0 1 0 0 0.68888 0.72487 0 1 0 -0.38291 0 0.92379 -0.27695 0.68888 0.66988 -0.70711 0 0.70711 0 1 0 -0.51273 0.68864 0.51273 -0.92379 0 0.38291 0 1 0 -0.66988 0.68888 0.27695 -1 0 0 0 1 0 -0.72487 0.68888 0 -0.92379 0 -0.38291 0 1 0 -0.66988 0.68888 -0.27695 0 1 0 -0.70711 0 -0.70711 -0.51273 0.68864 -0.51273 -0.38291 0 -0.92379 0 1 0 -0.27695 0.68888 -0.66988 0 0 -1 0 1 0 0 0.68888 -0.72487 0 1 0 0 1 0 0 1 0 0 1 0 0 1 0 0 1 0 0 1 0 0 1 0 0 1 0 0 0 -1 0 1 0 0 0.73695 -0.67595 0 1 0 -0.38291 0 -0.92379 -0.25889 0.73668 -0.62473 0 1 0 -0.70711 0 -0.70711 -0.47797 0.73695 -0.47797 0 1 0 -0.92379 0 -0.38291 -0.62473 0.73668 -0.25889 0 1 0 -1 0 0 -0.67595 0.73695 0 0 1 0 -0.92379 0 0.38291 -0.62473 0.73668 0.25889 0 1 0 -0.70711 0 0.70711 -0.47797 0.73695 0.47797 0 1 0 -0.38291 0 0.92379 -0.25889 0.73668 0.62473 0 1 0 0 0 1 0 0.73695 0.67595 0 1 0 0.38291 0 0.92379 0.25889 0.73668 0.62473 0 1 0 0.70711 0 0.70711 0.47797 0.73695 0.47797 0 1 0 0.92379 0 0.38291 0.62473 0.73668 0.25889 0 1 0 1 0 0 0.67595 0.73695 0 0 1 0 0.92379 0 -0.38291 0.62473 0.73668 -0.25889 0 1 0 0.70711 0 -0.70711 0.47797 0.73695 -0.47797 0 1 0 0.38291 0 -0.92379 0.25889 0.73668 -0.62473 0.38291 0 -0.92379 0 1 0 0.27695 0.68888 -0.66988 0 1 0 0.70711 0 -0.70711 0.51273 0.68864 -0.51273 0.92379 0 -0.38291 0 1 0 0.66988 0.68888 -0.27695 0 1 0 1 0 0 0.72487 0.68888 0 0.92379 0 0.38291 0 1 0 0.66988 0.68888 0.27695 0.70711 0 0.70711 0 1 0 0.51273 0.68864 0.51273 0.38291 0 0.92379 0 1 0 0.27695 0.68888 0.66988 0 0 1 0 1 0 0 0.68888 0.72487 0 1 0 -0.38291 0 0.92379 -0.27695 0.68888 0.66988 -0.70711 0 0.70711 0 1 0 -0.51273 0.68864 0.51273 -0.92379 0 0.38291 0 1 0 -0.66988 0.68888 0.27695 -1 0 0 0 1 0 -0.72487 0.68888 0 -0.92379 0 -0.38291 0 1 0 -0.66988 0.68888 -0.27695 0 1 0 -0.70711 0 -0.70711 -0.51273 0.68864 -0.51273 -0.38291 0 -0.92379 0 1 0 -0.27695 0.68888 -0.66988 0 0 -1 0 1 0 0 0.68888 -0.72487 0 1 0 0 1 0 0 1 0 0 1 0 0 1 0 0 1 0 0 1 0 0 1 0 0 1 0 0 0 -1 0 1 0 0 0.73695 -0.67595 0 1 0 -0.38291 0 -0.92379 -0.25889 0.73668 -0.62473 0 1 0 -0.70711 0 -0.70711 -0.47797 0.73695 -0.47797 0 1 0 -0.92379 0 -0.38291 -0.62473 0.73668 -0.25889 0 1 0 -1 0 0 -0.67595 0.73695 0 0 1 0 -0.92379 0 0.38291 -0.62473 0.73668 0.25889 0 1 0 -0.70711 0 0.70711 -0.47797 0.73695 0.47797 0 1 0 -0.38291 0 0.92379 -0.25889 0.73668 0.62473 0 1 0 0 0 1 0 0.73695 0.67595 0 1 0 0.38291 0 0.92379 0.25889 0.73668 0.62473 0 1 0 0.70711 0 0.70711 0.47797 0.73695 0.47797 0 1 0 0.92379 0 0.38291 0.62473 0.73668 0.25889 0 1 0 1 0 0 0.67595 0.73695 0 0 1 0 0.92379 0 -0.38291 0.62473 0.73668 -0.25889 0 1 0 0.70711 0 -0.70711 0.47797 0.73695 -0.47797 0 1 0 0.38291 0 -0.92379 0.25889 0.73668 -0.62473</float_array>
					<technique_common>
						<accessor source="#3003|MB|42-mesh-normals-array" count="778" stride="3">
							<param name="X" type="float"/>
							<param name="Y" type="float"/>
							<param name="Z" type="float"/>
						</accessor>
					</technique_common>
				</source>
				<source id="3003|MB|42-mesh-map-0">
					<float_array id="3003|MB|42-mesh-map-0-array" count="6288">0.916 0.74 0.72 0.74 0.916 0.625 0.72 0.74 0.72 0.625 0.916 0.625 0.241 0.026 0.241 0.301 0.013 0.026 0.241 0.301 0.013 0.301 0.013 0.026 0.705 0.765 0.739 0.765 0.705 0.879 0.739 0.765 0.739 0.846 0.705 0.879 0.362 0.594 0.362 0.838 0.281 0.594 0.362 0.838 0.281 0.838 0.281 0.594 0.321 0.878 0.347 0.883 0.311 0.9 0.347 0.883 0.347 0.908 0.311 0.9 0.321 0.878 0.311 0.9 0.298 0.863 0.311 0.9 0.281 0.88 0.298 0.863 0.373 0.878 0.383 0.901 0.347 0.883 0.383 0.901 0.347 0.908 0.347 0.883 0.396 0.863 0.413 0.88 0.373 0.878 0.413 0.88 0.383 0.901 0.373 0.878 0.412 0.026 0.412 0.27 0.375 0.026 0.412 0.27 0.375 0.27 0.375 0.026 0.375 0.026 0.375 0.27 0.339 0.026 0.375 0.27 0.339 0.27 0.339 0.026 0.339 0.026 0.339 0.27 0.303 0.026 0.339 0.27 0.303 0.27 0.303 0.026 0.266 0.026 0.303 0.026 0.266 0.27 0.303 0.026 0.303 0.27 0.266 0.27 0.742 0.026 0.742 0.27 0.716 0.026 0.742 0.27 0.716 0.27 0.716 0.026 0.769 0.026 0.769 0.27 0.742 0.026 0.769 0.27 0.742 0.27 0.742 0.026 0.796 0.026 0.796 0.27 0.769 0.026 0.796 0.27 0.769 0.27 0.769 0.026 0.823 0.026 0.823 0.27 0.796 0.026 0.823 0.27 0.796 0.27 0.796 0.026 0.865 0.238 0.865 0.249 0.848 0.238 0.865 0.249 0.848 0.249 0.848 0.238 0.586 0.906 0.826 0.906 0.586 0.917 0.826 0.906 0.826 0.917 0.586 0.917 0.989 0.026 0.989 0.266 0.977 0.026 0.989 0.266 0.977 0.266 0.977 0.026 0.962 0.326 0.962 0.566 0.945 0.326 0.962 0.566 0.945 0.566 0.945 0.326 0.934 0.846 0.934 0.879 0.739 0.846 0.934 0.879 0.705 0.879 0.739 0.846 0.691 0.026 0.691 0.301 0.577 0.026 0.691 0.301 0.577 0.301 0.577 0.026 0.013 0.326 0.256 0.326 0.013 0.521 0.256 0.326 0.256 0.521 0.013 0.521 0.013 0.546 0.256 0.546 0.013 0.661 0.256 0.546 0.256 0.661 0.013 0.661 0.756 0.827 0.756 0.793 0.87 0.827 0.756 0.793 0.87 0.793 0.87 0.827 0.013 0.801 0.013 0.686 0.241 0.801 0.013 0.686 0.241 0.686 0.241 0.801 0.552 0.026 0.552 0.301 0.437 0.026 0.552 0.301 0.437 0.301 0.437 0.026 0.013 0.962 0.253 0.962 0.013 0.973 0.253 0.962 0.253 0.973 0.013 0.973 0.395 0.594 0.395 0.834 0.387 0.594 0.395 0.834 0.387 0.834 0.387 0.594 0.279 0.963 0.518 0.963 0.279 0.974 0.518 0.963 0.518 0.974 0.279 0.974 0.857 0.286 0.857 0.274 0.865 0.286 0.857 0.274 0.865 0.274 0.865 0.286 0.848 0.286 0.848 0.274 0.857 0.286 0.848 0.274 0.857 0.274 0.857 0.286 0.404 0.594 0.404 0.834 0.395 0.594 0.404 0.834 0.395 0.834 0.395 0.594 0.013 0.94 0.013 0.826 0.241 0.94 0.013 0.826 0.241 0.826 0.241 0.94 0.92 0.546 0.724 0.546 0.92 0.466 0.724 0.546 0.724 0.466 0.92 0.466 0.916 0.74 0.916 0.625 0.72 0.74 0.916 0.625 0.72 0.625 0.72 0.74 0.241 0.026 0.013 0.026 0.241 0.301 0.013 0.026 0.013 0.301 0.241 0.301 0.705 0.765 0.705 0.879 0.739 0.765 0.705 0.879 0.739 0.846 0.739 0.765 0.362 0.594 0.281 0.594 0.362 0.838 0.281 0.594 0.281 0.838 0.362 0.838 0.321 0.878 0.311 0.9 0.347 0.883 0.311 0.9 0.347 0.908 0.347 0.883 0.321 0.878 0.298 0.863 0.311 0.9 0.298 0.863 0.281 0.88 0.311 0.9 0.373 0.878 0.347 0.883 0.383 0.901 0.347 0.883 0.347 0.908 0.383 0.901 0.396 0.863 0.373 0.878 0.413 0.88 0.373 0.878 0.383 0.901 0.413 0.88 0.412 0.026 0.375 0.026 0.412 0.27 0.375 0.026 0.375 0.27 0.412 0.27 0.375 0.026 0.339 0.026 0.375 0.27 0.339 0.026 0.339 0.27 0.375 0.27 0.339 0.026 0.303 0.026 0.339 0.27 0.303 0.026 0.303 0.27 0.339 0.27 0.266 0.026 0.266 0.27 0.303 0.026 0.266 0.27 0.303 0.27 0.303 0.026 0.742 0.026 0.716 0.026 0.742 0.27 0.716 0.026 0.716 0.27 0.742 0.27 0.769 0.026 0.742 0.026 0.769 0.27 0.742 0.026 0.742 0.27 0.769 0.27 0.796 0.026 0.769 0.026 0.796 0.27 0.769 0.026 0.769 0.27 0.796 0.27 0.823 0.026 0.796 0.026 0.823 0.27 0.796 0.026 0.796 0.27 0.823 0.27 0.865 0.238 0.848 0.238 0.865 0.249 0.848 0.238 0.848 0.249 0.865 0.249 0.586 0.906 0.586 0.917 0.826 0.906 0.586 0.917 0.826 0.917 0.826 0.906 0.989 0.026 0.977 0.026 0.989 0.266 0.977 0.026 0.977 0.266 0.989 0.266 0.962 0.326 0.945 0.326 0.962 0.566 0.945 0.326 0.945 0.566 0.962 0.566 0.934 0.846 0.739 0.846 0.934 0.879 0.739 0.846 0.705 0.879 0.934 0.879 0.691 0.026 0.577 0.026 0.691 0.301 0.577 0.026 0.577 0.301 0.691 0.301 0.013 0.326 0.013 0.521 0.256 0.326 0.013 0.521 0.256 0.521 0.256 0.326 0.013 0.546 0.013 0.661 0.256 0.546 0.013 0.661 0.256 0.661 0.256 0.546 0.756 0.827 0.87 0.827 0.756 0.793 0.87 0.827 0.87 0.793 0.756 0.793 0.013 0.801 0.241 0.801 0.013 0.686 0.241 0.801 0.241 0.686 0.013 0.686 0.552 0.026 0.437 0.026 0.552 0.301 0.437 0.026 0.437 0.301 0.552 0.301 0.013 0.962 0.013 0.973 0.253 0.962 0.013 0.973 0.253 0.973 0.253 0.962 0.395 0.594 0.387 0.594 0.395 0.834 0.387 0.594 0.387 0.834 0.395 0.834 0.279 0.963 0.279 0.974 0.518 0.963 0.279 0.974 0.518 0.974 0.518 0.963 0.857 0.286 0.865 0.286 0.857 0.274 0.865 0.286 0.865 0.274 0.857 0.274 0.848 0.286 0.857 0.286 0.848 0.274 0.857 0.286 0.857 0.274 0.848 0.274 0.404 0.594 0.395 0.594 0.404 0.834 0.395 0.594 0.395 0.834 0.404 0.834 0.013 0.94 0.241 0.94 0.013 0.826 0.241 0.94 0.241 0.826 0.013 0.826 0.92 0.546 0.92 0.466 0.724 0.546 0.92 0.466 0.724 0.466 0.724 0.546 0.916 0.74 0.916 0.625 0.72 0.74 0.916 0.625 0.72 0.625 0.72 0.74 0.241 0.026 0.013 0.026 0.241 0.301 0.013 0.026 0.013 0.301 0.241 0.301 0.705 0.765 0.705 0.879 0.739 0.765 0.705 0.879 0.739 0.846 0.739 0.765 0.362 0.594 0.281 0.594 0.362 0.838 0.281 0.594 0.281 0.838 0.362 0.838 0.321 0.878 0.311 0.9 0.347 0.883 0.311 0.9 0.347 0.908 0.347 0.883 0.321 0.878 0.298 0.863 0.311 0.9 0.298 0.863 0.281 0.88 0.311 0.9 0.373 0.878 0.347 0.883 0.383 0.901 0.347 0.883 0.347 0.908 0.383 0.901 0.396 0.863 0.373 0.878 0.413 0.88 0.373 0.878 0.383 0.901 0.413 0.88 0.412 0.026 0.375 0.026 0.412 0.27 0.375 0.026 0.375 0.27 0.412 0.27 0.375 0.026 0.339 0.026 0.375 0.27 0.339 0.026 0.339 0.27 0.375 0.27 0.339 0.026 0.303 0.026 0.339 0.27 0.303 0.026 0.303 0.27 0.339 0.27 0.266 0.026 0.266 0.27 0.303 0.026 0.266 0.27 0.303 0.27 0.303 0.026 0.742 0.026 0.716 0.026 0.742 0.27 0.716 0.026 0.716 0.27 0.742 0.27 0.769 0.026 0.742 0.026 0.769 0.27 0.742 0.026 0.742 0.27 0.769 0.27 0.796 0.026 0.769 0.026 0.796 0.27 0.769 0.026 0.769 0.27 0.796 0.27 0.823 0.026 0.796 0.026 0.823 0.27 0.796 0.026 0.796 0.27 0.823 0.27 0.865 0.238 0.848 0.238 0.865 0.249 0.848 0.238 0.848 0.249 0.865 0.249 0.586 0.906 0.586 0.917 0.826 0.906 0.586 0.917 0.826 0.917 0.826 0.906 0.989 0.026 0.977 0.026 0.989 0.266 0.977 0.026 0.977 0.266 0.989 0.266 0.962 0.326 0.945 0.326 0.962 0.566 0.945 0.326 0.945 0.566 0.962 0.566 0.934 0.846 0.739 0.846 0.934 0.879 0.739 0.846 0.705 0.879 0.934 0.879 0.691 0.026 0.577 0.026 0.691 0.301 0.577 0.026 0.577 0.301 0.691 0.301 0.013 0.326 0.013 0.521 0.256 0.326 0.013 0.521 0.256 0.521 0.256 0.326 0.013 0.546 0.013 0.661 0.256 0.546 0.013 0.661 0.256 0.661 0.256 0.546 0.756 0.827 0.87 0.827 0.756 0.793 0.87 0.827 0.87 0.793 0.756 0.793 0.013 0.801 0.241 0.801 0.013 0.686 0.241 0.801 0.241 0.686 0.013 0.686 0.552 0.026 0.437 0.026 0.552 0.301 0.437 0.026 0.437 0.301 0.552 0.301 0.013 0.962 0.013 0.973 0.253 0.962 0.013 0.973 0.253 0.973 0.253 0.962 0.395 0.594 0.387 0.594 0.395 0.834 0.387 0.594 0.387 0.834 0.395 0.834 0.279 0.963 0.279 0.974 0.518 0.963 0.279 0.974 0.518 0.974 0.518 0.963 0.857 0.286 0.865 0.286 0.857 0.274 0.865 0.286 0.865 0.274 0.857 0.274 0.848 0.286 0.857 0.286 0.848 0.274 0.857 0.286 0.857 0.274 0.848 0.274 0.404 0.594 0.395 0.594 0.404 0.834 0.395 0.594 0.395 0.834 0.404 0.834 0.013 0.94 0.241 0.94 0.013 0.826 0.241 0.94 0.241 0.826 0.013 0.826 0.92 0.546 0.92 0.466 0.724 0.546 0.92 0.466 0.724 0.466 0.724 0.546 0.916 0.74 0.72 0.74 0.916 0.625 0.72 0.74 0.72 0.625 0.916 0.625 0.241 0.026 0.241 0.301 0.013 0.026 0.241 0.301 0.013 0.301 0.013 0.026 0.705 0.765 0.739 0.765 0.705 0.879 0.739 0.765 0.739 0.846 0.705 0.879 0.362 0.594 0.362 0.838 0.281 0.594 0.362 0.838 0.281 0.838 0.281 0.594 0.321 0.878 0.347 0.883 0.311 0.9 0.347 0.883 0.347 0.908 0.311 0.9 0.321 0.878 0.311 0.9 0.298 0.863 0.311 0.9 0.281 0.88 0.298 0.863 0.373 0.878 0.383 0.901 0.347 0.883 0.383 0.901 0.347 0.908 0.347 0.883 0.396 0.863 0.413 0.88 0.373 0.878 0.413 0.88 0.383 0.901 0.373 0.878 0.412 0.026 0.412 0.27 0.375 0.026 0.412 0.27 0.375 0.27 0.375 0.026 0.375 0.026 0.375 0.27 0.339 0.026 0.375 0.27 0.339 0.27 0.339 0.026 0.339 0.026 0.339 0.27 0.303 0.026 0.339 0.27 0.303 0.27 0.303 0.026 0.266 0.026 0.303 0.026 0.266 0.27 0.303 0.026 0.303 0.27 0.266 0.27 0.742 0.026 0.742 0.27 0.716 0.026 0.742 0.27 0.716 0.27 0.716 0.026 0.769 0.026 0.769 0.27 0.742 0.026 0.769 0.27 0.742 0.27 0.742 0.026 0.796 0.026 0.796 0.27 0.769 0.026 0.796 0.27 0.769 0.27 0.769 0.026 0.823 0.026 0.823 0.27 0.796 0.026 0.823 0.27 0.796 0.27 0.796 0.026 0.865 0.238 0.865 0.249 0.848 0.238 0.865 0.249 0.848 0.249 0.848 0.238 0.586 0.906 0.826 0.906 0.586 0.917 0.826 0.906 0.826 0.917 0.586 0.917 0.989 0.026 0.989 0.266 0.977 0.026 0.989 0.266 0.977 0.266 0.977 0.026 0.962 0.326 0.962 0.566 0.945 0.326 0.962 0.566 0.945 0.566 0.945 0.326 0.934 0.846 0.934 0.879 0.739 0.846 0.934 0.879 0.705 0.879 0.739 0.846 0.691 0.026 0.691 0.301 0.577 0.026 0.691 0.301 0.577 0.301 0.577 0.026 0.013 0.326 0.256 0.326 0.013 0.521 0.256 0.326 0.256 0.521 0.013 0.521 0.013 0.546 0.256 0.546 0.013 0.661 0.256 0.546 0.256 0.661 0.013 0.661 0.756 0.827 0.756 0.793 0.87 0.827 0.756 0.793 0.87 0.793 0.87 0.827 0.013 0.801 0.013 0.686 0.241 0.801 0.013 0.686 0.241 0.686 0.241 0.801 0.552 0.026 0.552 0.301 0.437 0.026 0.552 0.301 0.437 0.301 0.437 0.026 0.013 0.962 0.253 0.962 0.013 0.973 0.253 0.962 0.253 0.973 0.013 0.973 0.395 0.594 0.395 0.834 0.387 0.594 0.395 0.834 0.387 0.834 0.387 0.594 0.279 0.963 0.518 0.963 0.279 0.974 0.518 0.963 0.518 0.974 0.279 0.974 0.857 0.286 0.857 0.274 0.865 0.286 0.857 0.274 0.865 0.274 0.865 0.286 0.848 0.286 0.848 0.274 0.857 0.286 0.848 0.274 0.857 0.274 0.857 0.286 0.404 0.594 0.404 0.834 0.395 0.594 0.404 0.834 0.395 0.834 0.395 0.594 0.013 0.94 0.013 0.826 0.241 0.94 0.013 0.826 0.241 0.826 0.241 0.94 0.92 0.546 0.724 0.546 0.92 0.466 0.724 0.546 0.724 0.466 0.92 0.466 0.000834 0.000692 0.000735 0.000712 0.000853 0.000603 0.000735 0.000712 0.000746 0.000602 0.000853 0.000603 0.000367 0.000707 0.000425 0.000796 0.000154 0.000801 0.000425 0.000796 0.000264 0.000962 0.000154 0.000801 0.000495 0.000602 0.000389 0.000602 0.000506 0.000493 0.000389 0.000602 0.000407 0.000514 0.000506 0.000493 0.00062 0.000484 0.000506 0.000493 0.00062 0.00037 0.000506 0.000493 0.000531 0.000388 0.00062 0.00037 0.000456 0.000765 0.000407 0.00069 0.000531 0.000816 0.000407 0.00069 0.000506 0.000712 0.000531 0.000816 0.00062 0.000835 0.00062 0.000721 0.000709 0.000817 0.00062 0.000721 0.000735 0.000712 0.000709 0.000817 0.000506 0.000493 0.000407 0.000514 0.000531 0.000388 0.000407 0.000514 0.000456 0.000439 0.000531 0.000388 0.000835 0.000513 0.000735 0.000492 0.000785 0.000438 0.000735 0.000492 0.000709 0.000387 0.000785 0.000438 0.000531 0.000816 0.000506 0.000712 0.00062 0.000835 0.000506 0.000712 0.00062 0.000721 0.00062 0.000835 0.000506 0.000712 0.000407 0.00069 0.000495 0.000602 0.000407 0.00069 0.000389 0.000602 0.000495 0.000602 0.000709 0.000817 0.000735 0.000712 0.000783 0.000766 0.000735 0.000712 0.000834 0.000692 0.000783 0.000766 0.000853 0.000603 0.000746 0.000602 0.000835 0.000513 0.000746 0.000602 0.000735 0.000492 0.000835 0.000513 0.000735 0.000492 0.00062 0.000484 0.000709 0.000387 0.00062 0.000484 0.00062 0.00037 0.000709 0.000387 0.000813 0.000797 0.000798 0.000781 0.000874 0.000709 0.000798 0.000781 0.000854 0.0007 0.000874 0.000709 0.000798 0.000781 0.000783 0.000766 0.000854 0.0007 0.000783 0.000766 0.000834 0.000692 0.000854 0.0007 0.000897 0.000604 0.000874 0.000603 0.000876 0.000497 0.000874 0.000603 0.000856 0.000505 0.000876 0.000497 0.000874 0.000603 0.000853 0.000603 0.000856 0.000505 0.000853 0.000603 0.000835 0.000513 0.000856 0.000505 0.000514 0.000348 0.000523 0.000369 0.000426 0.000408 0.000523 0.000369 0.000441 0.000424 0.000426 0.000408 0.000523 0.000369 0.000531 0.000388 0.000441 0.000424 0.000531 0.000388 0.000456 0.000439 0.000441 0.000424 0.000876 0.000497 0.000856 0.000505 0.000816 0.000407 0.000856 0.000505 0.0008 0.000422 0.000816 0.000407 0.000856 0.000505 0.000835 0.000513 0.0008 0.000422 0.000835 0.000513 0.000785 0.000438 0.0008 0.000422 0.000816 0.000407 0.0008 0.000422 0.000726 0.000347 0.0008 0.000422 0.000717 0.000367 0.000726 0.000347 0.0008 0.000422 0.000785 0.000438 0.000717 0.000367 0.000785 0.000438 0.000709 0.000387 0.000717 0.000367 0.000426 0.000408 0.000441 0.000424 0.000367 0.000497 0.000441 0.000424 0.000387 0.000506 0.000367 0.000497 0.000441 0.000424 0.000456 0.000439 0.000387 0.000506 0.000456 0.000439 0.000407 0.000514 0.000387 0.000506 0.000367 0.000497 0.000387 0.000506 0.000346 0.000602 0.000387 0.000506 0.000368 0.000602 0.000346 0.000602 0.000387 0.000506 0.000407 0.000514 0.000368 0.000602 0.000407 0.000514 0.000389 0.000602 0.000368 0.000602 0.000425 0.000796 0.000441 0.00078 0.000513 0.000857 0.000441 0.00078 0.000522 0.000836 0.000513 0.000857 0.000441 0.00078 0.000456 0.000765 0.000522 0.000836 0.000456 0.000765 0.000531 0.000816 0.000522 0.000836 0.000726 0.000347 0.000717 0.000367 0.00062 0.000326 0.000717 0.000367 0.00062 0.000349 0.00062 0.000326 0.000717 0.000367 0.000709 0.000387 0.00062 0.000349 0.000709 0.000387 0.00062 0.00037 0.00062 0.000349 0.00062 0.000326 0.00062 0.000349 0.000514 0.000348 0.00062 0.000349 0.000523 0.000369 0.000514 0.000348 0.00062 0.000349 0.00062 0.00037 0.000523 0.000369 0.00062 0.00037 0.000531 0.000388 0.000523 0.000369 0.000346 0.000602 0.000368 0.000602 0.000367 0.000707 0.000368 0.000602 0.000387 0.000699 0.000367 0.000707 0.000368 0.000602 0.000389 0.000602 0.000387 0.000699 0.000389 0.000602 0.000407 0.00069 0.000387 0.000699 0.000367 0.000707 0.000387 0.000699 0.000425 0.000796 0.000387 0.000699 0.000441 0.00078 0.000425 0.000796 0.000387 0.000699 0.000407 0.00069 0.000441 0.00078 0.000407 0.00069 0.000456 0.000765 0.000441 0.00078 0.000513 0.000857 0.000522 0.000836 0.000619 0.00088 0.000522 0.000836 0.00062 0.000857 0.000619 0.00088 0.000522 0.000836 0.000531 0.000816 0.00062 0.000857 0.000531 0.000816 0.00062 0.000835 0.00062 0.000857 0.000874 0.000709 0.000854 0.0007 0.000897 0.000604 0.000854 0.0007 0.000874 0.000603 0.000897 0.000604 0.000854 0.0007 0.000834 0.000692 0.000874 0.000603 0.000834 0.000692 0.000853 0.000603 0.000874 0.000603 0.000619 0.00088 0.00062 0.000857 0.000725 0.000857 0.00062 0.000857 0.000717 0.000837 0.000725 0.000857 0.00062 0.000857 0.00062 0.000835 0.000717 0.000837 0.00062 0.000835 0.000709 0.000817 0.000717 0.000837 0.000725 0.000857 0.000717 0.000837 0.000813 0.000797 0.000717 0.000837 0.000798 0.000781 0.000813 0.000797 0.000717 0.000837 0.000709 0.000817 0.000798 0.000781 0.000709 0.000817 0.000783 0.000766 0.000798 0.000781 0.000746 0.000602 0.00062 0.000602 0.000735 0.000492 0.00062 0.000602 0.00062 0.000484 0.000735 0.000492 0.00062 0.000602 0.000495 0.000602 0.00062 0.000484 0.000495 0.000602 0.000506 0.000493 0.00062 0.000484 0.000735 0.000712 0.00062 0.000721 0.000746 0.000602 0.00062 0.000721 0.00062 0.000602 0.000746 0.000602 0.00062 0.000721 0.000506 0.000712 0.00062 0.000602 0.000506 0.000712 0.000495 0.000602 0.00062 0.000602 0.000426 0.001068 0.000617 0.001107 0.000417 0.00109 0.000617 0.001107 0.000616 0.001131 0.000417 0.00109 0.000417 0.00109 0.000616 0.001131 0.000408 0.001113 0.000616 0.001131 0.000615 0.001156 0.000408 0.001113 0.000264 0.000962 0.000426 0.001068 0.000248 0.000979 0.000426 0.001068 0.000417 0.00109 0.000248 0.000979 0.000248 0.000979 0.000417 0.00109 0.00023 0.000996 0.000417 0.00109 0.000408 0.001113 0.00023 0.000996 0.000154 0.000801 0.000264 0.000962 0.000131 0.000811 0.000264 0.000962 0.000248 0.000979 0.000131 0.000811 0.000131 0.000811 0.000248 0.000979 0.000109 0.00082 0.000248 0.000979 0.00023 0.000996 0.000109 0.00082 0.000112 0.000609 0.000154 0.000801 0.000087 0.00061 0.000154 0.000801 0.000131 0.000811 0.000087 0.00061 0.000087 0.00061 0.000131 0.000811 0.000062 0.00061 0.000131 0.000811 0.000109 0.00082 0.000062 0.00061 0.000146 0.000414 0.000112 0.000609 0.000123 0.000405 0.000112 0.000609 0.000087 0.00061 0.000123 0.000405 0.000123 0.000405 0.000087 0.00061 0.0001 0.000396 0.000087 0.00061 0.000062 0.00061 0.0001 0.000396 0.000252 0.000246 0.000146 0.000414 0.000234 0.000229 0.000146 0.000414 0.000123 0.000405 0.000234 0.000229 0.000234 0.000229 0.000123 0.000405 0.000216 0.000212 0.000123 0.000405 0.0001 0.000396 0.000216 0.000212 0.000415 0.000131 0.000252 0.000246 0.000405 0.000108 0.000252 0.000246 0.000234 0.000229 0.000405 0.000108 0.000405 0.000108 0.000234 0.000229 0.000395 0.000085 0.000234 0.000229 0.000216 0.000212 0.000395 0.000085 0.000611 0.000087 0.000415 0.000131 0.000611 0.000062 0.000415 0.000131 0.000405 0.000108 0.000611 0.000062 0.000611 0.000062 0.000405 0.000108 0.00061 0.000036 0.000405 0.000108 0.000395 0.000085 0.00061 0.000036 0.00081 0.000121 0.000611 0.000087 0.000819 0.000098 0.000611 0.000087 0.000611 0.000062 0.000819 0.000098 0.000819 0.000098 0.000611 0.000062 0.000829 0.000074 0.000611 0.000062 0.00061 0.000036 0.000829 0.000074 0.000982 0.00023 0.00081 0.000121 0.000999 0.000212 0.00081 0.000121 0.000819 0.000098 0.000999 0.000212 0.000999 0.000212 0.000819 0.000098 0.001017 0.000193 0.000819 0.000098 0.000829 0.000074 0.001017 0.000193 0.001099 0.000397 0.000982 0.00023 0.001123 0.000387 0.000982 0.00023 0.000999 0.000212 0.001123 0.000387 0.001123 0.000387 0.000999 0.000212 0.001147 0.000377 0.000999 0.000212 0.001017 0.000193 0.001147 0.000377 0.001143 0.000599 0.001099 0.000397 0.001169 0.000598 0.001099 0.000397 0.001123 0.000387 0.001169 0.000598 0.001169 0.000598 0.001123 0.000387 0.001195 0.000598 0.001123 0.000387 0.001147 0.000377 0.001195 0.000598 0.001105 0.000803 0.001143 0.000599 0.001129 0.000813 0.001143 0.000599 0.001169 0.000598 0.001129 0.000813 0.001129 0.000813 0.001169 0.000598 0.001154 0.000823 0.001169 0.000598 0.001195 0.000598 0.001154 0.000823 0.00099 0.000975 0.001105 0.000803 0.001007 0.000994 0.001105 0.000803 0.001129 0.000813 0.001007 0.000994 0.001007 0.000994 0.001129 0.000813 0.001025 0.001013 0.001129 0.000813 0.001154 0.000823 0.001025 0.001013 0.000814 0.001079 0.00099 0.000975 0.000822 0.001103 0.00099 0.000975 0.001007 0.000994 0.000822 0.001103 0.000822 0.001103 0.001007 0.000994 0.00083 0.001127 0.001007 0.000994 0.001025 0.001013 0.00083 0.001127 0.000617 0.001107 0.000814 0.001079 0.000616 0.001131 0.000814 0.001079 0.000822 0.001103 0.000616 0.001131 0.000616 0.001131 0.000822 0.001103 0.000615 0.001156 0.000822 0.001103 0.00083 0.001127 0.000615 0.001156 0.000816 0.000407 0.000726 0.000347 0.000982 0.00023 0.000726 0.000347 0.00081 0.000121 0.000982 0.00023 0.000425 0.000796 0.000513 0.000857 0.000264 0.000962 0.000513 0.000857 0.000426 0.001068 0.000264 0.000962 0.000726 0.000347 0.00062 0.000326 0.00081 0.000121 0.00062 0.000326 0.000611 0.000087 0.00081 0.000121 0.000617 0.001107 0.000619 0.00088 0.000814 0.001079 0.000619 0.00088 0.000725 0.000857 0.000814 0.001079 0.000513 0.000857 0.000619 0.00088 0.000426 0.001068 0.000619 0.00088 0.000617 0.001107 0.000426 0.001068 0.00062 0.000326 0.000514 0.000348 0.000611 0.000087 0.000514 0.000348 0.000415 0.000131 0.000611 0.000087 0.000814 0.001079 0.000725 0.000857 0.00099 0.000975 0.000725 0.000857 0.000813 0.000797 0.00099 0.000975 0.000514 0.000348 0.000426 0.000408 0.000415 0.000131 0.000426 0.000408 0.000252 0.000246 0.000415 0.000131 0.000813 0.000797 0.000874 0.000709 0.00099 0.000975 0.000874 0.000709 0.001105 0.000803 0.00099 0.000975 0.000426 0.000408 0.000367 0.000497 0.000252 0.000246 0.000367 0.000497 0.000146 0.000414 0.000252 0.000246 0.000874 0.000709 0.000897 0.000604 0.001105 0.000803 0.000897 0.000604 0.001143 0.000599 0.001105 0.000803 0.000367 0.000497 0.000346 0.000602 0.000146 0.000414 0.000346 0.000602 0.000112 0.000609 0.000146 0.000414 0.000897 0.000604 0.000876 0.000497 0.001143 0.000599 0.000876 0.000497 0.001099 0.000397 0.001143 0.000599 0.000346 0.000602 0.000367 0.000707 0.000112 0.000609 0.000367 0.000707 0.000154 0.000801 0.000112 0.000609 0.000876 0.000497 0.000816 0.000407 0.001099 0.000397 0.000816 0.000407 0.000982 0.00023 0.001099 0.000397 0.000834 0.000692 0.000735 0.000712 0.000853 0.000603 0.000735 0.000712 0.000746 0.000602 0.000853 0.000603 0.000367 0.000707 0.000425 0.000796 0.000154 0.000801 0.000425 0.000796 0.000264 0.000962 0.000154 0.000801 0.000495 0.000602 0.000389 0.000602 0.000506 0.000493 0.000389 0.000602 0.000407 0.000514 0.000506 0.000493 0.00062 0.000484 0.000506 0.000493 0.00062 0.00037 0.000506 0.000493 0.000531 0.000388 0.00062 0.00037 0.000456 0.000765 0.000407 0.00069 0.000531 0.000816 0.000407 0.00069 0.000506 0.000712 0.000531 0.000816 0.00062 0.000835 0.00062 0.000721 0.000709 0.000817 0.00062 0.000721 0.000735 0.000712 0.000709 0.000817 0.000506 0.000493 0.000407 0.000514 0.000531 0.000388 0.000407 0.000514 0.000456 0.000439 0.000531 0.000388 0.000835 0.000513 0.000735 0.000492 0.000785 0.000438 0.000735 0.000492 0.000709 0.000387 0.000785 0.000438 0.000531 0.000816 0.000506 0.000712 0.00062 0.000835 0.000506 0.000712 0.00062 0.000721 0.00062 0.000835 0.000506 0.000712 0.000407 0.00069 0.000495 0.000602 0.000407 0.00069 0.000389 0.000602 0.000495 0.000602 0.000709 0.000817 0.000735 0.000712 0.000783 0.000766 0.000735 0.000712 0.000834 0.000692 0.000783 0.000766 0.000853 0.000603 0.000746 0.000602 0.000835 0.000513 0.000746 0.000602 0.000735 0.000492 0.000835 0.000513 0.000735 0.000492 0.00062 0.000484 0.000709 0.000387 0.00062 0.000484 0.00062 0.00037 0.000709 0.000387 0.000813 0.000797 0.000798 0.000781 0.000874 0.000709 0.000798 0.000781 0.000854 0.0007 0.000874 0.000709 0.000798 0.000781 0.000783 0.000766 0.000854 0.0007 0.000783 0.000766 0.000834 0.000692 0.000854 0.0007 0.000897 0.000604 0.000874 0.000603 0.000876 0.000497 0.000874 0.000603 0.000856 0.000505 0.000876 0.000497 0.000874 0.000603 0.000853 0.000603 0.000856 0.000505 0.000853 0.000603 0.000835 0.000513 0.000856 0.000505 0.000514 0.000348 0.000523 0.000369 0.000426 0.000408 0.000523 0.000369 0.000441 0.000424 0.000426 0.000408 0.000523 0.000369 0.000531 0.000388 0.000441 0.000424 0.000531 0.000388 0.000456 0.000439 0.000441 0.000424 0.000876 0.000497 0.000856 0.000505 0.000816 0.000407 0.000856 0.000505 0.0008 0.000422 0.000816 0.000407 0.000856 0.000505 0.000835 0.000513 0.0008 0.000422 0.000835 0.000513 0.000785 0.000438 0.0008 0.000422 0.000816 0.000407 0.0008 0.000422 0.000726 0.000347 0.0008 0.000422 0.000717 0.000367 0.000726 0.000347 0.0008 0.000422 0.000785 0.000438 0.000717 0.000367 0.000785 0.000438 0.000709 0.000387 0.000717 0.000367 0.000426 0.000408 0.000441 0.000424 0.000367 0.000497 0.000441 0.000424 0.000387 0.000506 0.000367 0.000497 0.000441 0.000424 0.000456 0.000439 0.000387 0.000506 0.000456 0.000439 0.000407 0.000514 0.000387 0.000506 0.000367 0.000497 0.000387 0.000506 0.000346 0.000602 0.000387 0.000506 0.000368 0.000602 0.000346 0.000602 0.000387 0.000506 0.000407 0.000514 0.000368 0.000602 0.000407 0.000514 0.000389 0.000602 0.000368 0.000602 0.000425 0.000796 0.000441 0.00078 0.000513 0.000857 0.000441 0.00078 0.000522 0.000836 0.000513 0.000857 0.000441 0.00078 0.000456 0.000765 0.000522 0.000836 0.000456 0.000765 0.000531 0.000816 0.000522 0.000836 0.000726 0.000347 0.000717 0.000367 0.00062 0.000326 0.000717 0.000367 0.00062 0.000349 0.00062 0.000326 0.000717 0.000367 0.000709 0.000387 0.00062 0.000349 0.000709 0.000387 0.00062 0.00037 0.00062 0.000349 0.00062 0.000326 0.00062 0.000349 0.000514 0.000348 0.00062 0.000349 0.000523 0.000369 0.000514 0.000348 0.00062 0.000349 0.00062 0.00037 0.000523 0.000369 0.00062 0.00037 0.000531 0.000388 0.000523 0.000369 0.000346 0.000602 0.000368 0.000602 0.000367 0.000707 0.000368 0.000602 0.000387 0.000699 0.000367 0.000707 0.000368 0.000602 0.000389 0.000602 0.000387 0.000699 0.000389 0.000602 0.000407 0.00069 0.000387 0.000699 0.000367 0.000707 0.000387 0.000699 0.000425 0.000796 0.000387 0.000699 0.000441 0.00078 0.000425 0.000796 0.000387 0.000699 0.000407 0.00069 0.000441 0.00078 0.000407 0.00069 0.000456 0.000765 0.000441 0.00078 0.000513 0.000857 0.000522 0.000836 0.000619 0.00088 0.000522 0.000836 0.00062 0.000857 0.000619 0.00088 0.000522 0.000836 0.000531 0.000816 0.00062 0.000857 0.000531 0.000816 0.00062 0.000835 0.00062 0.000857 0.000874 0.000709 0.000854 0.0007 0.000897 0.000604 0.000854 0.0007 0.000874 0.000603 0.000897 0.000604 0.000854 0.0007 0.000834 0.000692 0.000874 0.000603 0.000834 0.000692 0.000853 0.000603 0.000874 0.000603 0.000619 0.00088 0.00062 0.000857 0.000725 0.000857 0.00062 0.000857 0.000717 0.000837 0.000725 0.000857 0.00062 0.000857 0.00062 0.000835 0.000717 0.000837 0.00062 0.000835 0.000709 0.000817 0.000717 0.000837 0.000725 0.000857 0.000717 0.000837 0.000813 0.000797 0.000717 0.000837 0.000798 0.000781 0.000813 0.000797 0.000717 0.000837 0.000709 0.000817 0.000798 0.000781 0.000709 0.000817 0.000783 0.000766 0.000798 0.000781 0.000746 0.000602 0.00062 0.000602 0.000735 0.000492 0.00062 0.000602 0.00062 0.000484 0.000735 0.000492 0.00062 0.000602 0.000495 0.000602 0.00062 0.000484 0.000495 0.000602 0.000506 0.000493 0.00062 0.000484 0.000735 0.000712 0.00062 0.000721 0.000746 0.000602 0.00062 0.000721 0.00062 0.000602 0.000746 0.000602 0.00062 0.000721 0.000506 0.000712 0.00062 0.000602 0.000506 0.000712 0.000495 0.000602 0.00062 0.000602 0.000426 0.001068 0.000617 0.001107 0.000417 0.00109 0.000617 0.001107 0.000616 0.001131 0.000417 0.00109 0.000417 0.00109 0.000616 0.001131 0.000408 0.001113 0.000616 0.001131 0.000615 0.001156 0.000408 0.001113 0.000264 0.000962 0.000426 0.001068 0.000248 0.000979 0.000426 0.001068 0.000417 0.00109 0.000248 0.000979 0.000248 0.000979 0.000417 0.00109 0.00023 0.000996 0.000417 0.00109 0.000408 0.001113 0.00023 0.000996 0.000154 0.000801 0.000264 0.000962 0.000131 0.000811 0.000264 0.000962 0.000248 0.000979 0.000131 0.000811 0.000131 0.000811 0.000248 0.000979 0.000109 0.00082 0.000248 0.000979 0.00023 0.000996 0.000109 0.00082 0.000112 0.000609 0.000154 0.000801 0.000087 0.00061 0.000154 0.000801 0.000131 0.000811 0.000087 0.00061 0.000087 0.00061 0.000131 0.000811 0.000062 0.00061 0.000131 0.000811 0.000109 0.00082 0.000062 0.00061 0.000146 0.000414 0.000112 0.000609 0.000123 0.000405 0.000112 0.000609 0.000087 0.00061 0.000123 0.000405 0.000123 0.000405 0.000087 0.00061 0.0001 0.000396 0.000087 0.00061 0.000062 0.00061 0.0001 0.000396 0.000252 0.000246 0.000146 0.000414 0.000234 0.000229 0.000146 0.000414 0.000123 0.000405 0.000234 0.000229 0.000234 0.000229 0.000123 0.000405 0.000216 0.000212 0.000123 0.000405 0.0001 0.000396 0.000216 0.000212 0.000415 0.000131 0.000252 0.000246 0.000405 0.000108 0.000252 0.000246 0.000234 0.000229 0.000405 0.000108 0.000405 0.000108 0.000234 0.000229 0.000395 0.000085 0.000234 0.000229 0.000216 0.000212 0.000395 0.000085 0.000611 0.000087 0.000415 0.000131 0.000611 0.000062 0.000415 0.000131 0.000405 0.000108 0.000611 0.000062 0.000611 0.000062 0.000405 0.000108 0.00061 0.000036 0.000405 0.000108 0.000395 0.000085 0.00061 0.000036 0.00081 0.000121 0.000611 0.000087 0.000819 0.000098 0.000611 0.000087 0.000611 0.000062 0.000819 0.000098 0.000819 0.000098 0.000611 0.000062 0.000829 0.000074 0.000611 0.000062 0.00061 0.000036 0.000829 0.000074 0.000982 0.00023 0.00081 0.000121 0.000999 0.000212 0.00081 0.000121 0.000819 0.000098 0.000999 0.000212 0.000999 0.000212 0.000819 0.000098 0.001017 0.000193 0.000819 0.000098 0.000829 0.000074 0.001017 0.000193 0.001099 0.000397 0.000982 0.00023 0.001123 0.000387 0.000982 0.00023 0.000999 0.000212 0.001123 0.000387 0.001123 0.000387 0.000999 0.000212 0.001147 0.000377 0.000999 0.000212 0.001017 0.000193 0.001147 0.000377 0.001143 0.000599 0.001099 0.000397 0.001169 0.000598 0.001099 0.000397 0.001123 0.000387 0.001169 0.000598 0.001169 0.000598 0.001123 0.000387 0.001195 0.000598 0.001123 0.000387 0.001147 0.000377 0.001195 0.000598 0.001105 0.000803 0.001143 0.000599 0.001129 0.000813 0.001143 0.000599 0.001169 0.000598 0.001129 0.000813 0.001129 0.000813 0.001169 0.000598 0.001154 0.000823 0.001169 0.000598 0.001195 0.000598 0.001154 0.000823 0.00099 0.000975 0.001105 0.000803 0.001007 0.000994 0.001105 0.000803 0.001129 0.000813 0.001007 0.000994 0.001007 0.000994 0.001129 0.000813 0.001025 0.001013 0.001129 0.000813 0.001154 0.000823 0.001025 0.001013 0.000814 0.001079 0.00099 0.000975 0.000822 0.001103 0.00099 0.000975 0.001007 0.000994 0.000822 0.001103 0.000822 0.001103 0.001007 0.000994 0.00083 0.001127 0.001007 0.000994 0.001025 0.001013 0.00083 0.001127 0.000617 0.001107 0.000814 0.001079 0.000616 0.001131 0.000814 0.001079 0.000822 0.001103 0.000616 0.001131 0.000616 0.001131 0.000822 0.001103 0.000615 0.001156 0.000822 0.001103 0.00083 0.001127 0.000615 0.001156 0.000816 0.000407 0.000726 0.000347 0.000982 0.00023 0.000726 0.000347 0.00081 0.000121 0.000982 0.00023 0.000425 0.000796 0.000513 0.000857 0.000264 0.000962 0.000513 0.000857 0.000426 0.001068 0.000264 0.000962 0.000726 0.000347 0.00062 0.000326 0.00081 0.000121 0.00062 0.000326 0.000611 0.000087 0.00081 0.000121 0.000617 0.001107 0.000619 0.00088 0.000814 0.001079 0.000619 0.00088 0.000725 0.000857 0.000814 0.001079 0.000513 0.000857 0.000619 0.00088 0.000426 0.001068 0.000619 0.00088 0.000617 0.001107 0.000426 0.001068 0.00062 0.000326 0.000514 0.000348 0.000611 0.000087 0.000514 0.000348 0.000415 0.000131 0.000611 0.000087 0.000814 0.001079 0.000725 0.000857 0.00099 0.000975 0.000725 0.000857 0.000813 0.000797 0.00099 0.000975 0.000514 0.000348 0.000426 0.000408 0.000415 0.000131 0.000426 0.000408 0.000252 0.000246 0.000415 0.000131 0.000813 0.000797 0.000874 0.000709 0.00099 0.000975 0.000874 0.000709 0.001105 0.000803 0.00099 0.000975 0.000426 0.000408 0.000367 0.000497 0.000252 0.000246 0.000367 0.000497 0.000146 0.000414 0.000252 0.000246 0.000874 0.000709 0.000897 0.000604 0.001105 0.000803 0.000897 0.000604 0.001143 0.000599 0.001105 0.000803 0.000367 0.000497 0.000346 0.000602 0.000146 0.000414 0.000346 0.000602 0.000112 0.000609 0.000146 0.000414 0.000897 0.000604 0.000876 0.000497 0.001143 0.000599 0.000876 0.000497 0.001099 0.000397 0.001143 0.000599 0.000346 0.000602 0.000367 0.000707 0.000112 0.000609 0.000367 0.000707 0.000154 0.000801 0.000112 0.000609 0.000876 0.000497 0.000816 0.000407 0.001099 0.000397 0.000816 0.000407 0.000982 0.00023 0.001099 0.000397 0.000834 0.000692 0.000735 0.000712 0.000853 0.000603 0.000735 0.000712 0.000746 0.000602 0.000853 0.000603 0.000367 0.000707 0.000425 0.000796 0.000154 0.000801 0.000425 0.000796 0.000264 0.000962 0.000154 0.000801 0.000495 0.000602 0.000389 0.000602 0.000506 0.000493 0.000389 0.000602 0.000407 0.000514 0.000506 0.000493 0.00062 0.000484 0.000506 0.000493 0.00062 0.00037 0.000506 0.000493 0.000531 0.000388 0.00062 0.00037 0.000456 0.000765 0.000407 0.00069 0.000531 0.000816 0.000407 0.00069 0.000506 0.000712 0.000531 0.000816 0.00062 0.000835 0.00062 0.000721 0.000709 0.000817 0.00062 0.000721 0.000735 0.000712 0.000709 0.000817 0.000506 0.000493 0.000407 0.000514 0.000531 0.000388 0.000407 0.000514 0.000456 0.000439 0.000531 0.000388 0.000835 0.000513 0.000735 0.000492 0.000785 0.000438 0.000735 0.000492 0.000709 0.000387 0.000785 0.000438 0.000531 0.000816 0.000506 0.000712 0.00062 0.000835 0.000506 0.000712 0.00062 0.000721 0.00062 0.000835 0.000506 0.000712 0.000407 0.00069 0.000495 0.000602 0.000407 0.00069 0.000389 0.000602 0.000495 0.000602 0.000709 0.000817 0.000735 0.000712 0.000783 0.000766 0.000735 0.000712 0.000834 0.000692 0.000783 0.000766 0.000853 0.000603 0.000746 0.000602 0.000835 0.000513 0.000746 0.000602 0.000735 0.000492 0.000835 0.000513 0.000735 0.000492 0.00062 0.000484 0.000709 0.000387 0.00062 0.000484 0.00062 0.00037 0.000709 0.000387 0.000813 0.000797 0.000798 0.000781 0.000874 0.000709 0.000798 0.000781 0.000854 0.0007 0.000874 0.000709 0.000798 0.000781 0.000783 0.000766 0.000854 0.0007 0.000783 0.000766 0.000834 0.000692 0.000854 0.0007 0.000897 0.000604 0.000874 0.000603 0.000876 0.000497 0.000874 0.000603 0.000856 0.000505 0.000876 0.000497 0.000874 0.000603 0.000853 0.000603 0.000856 0.000505 0.000853 0.000603 0.000835 0.000513 0.000856 0.000505 0.000514 0.000348 0.000523 0.000369 0.000426 0.000408 0.000523 0.000369 0.000441 0.000424 0.000426 0.000408 0.000523 0.000369 0.000531 0.000388 0.000441 0.000424 0.000531 0.000388 0.000456 0.000439 0.000441 0.000424 0.000876 0.000497 0.000856 0.000505 0.000816 0.000407 0.000856 0.000505 0.0008 0.000422 0.000816 0.000407 0.000856 0.000505 0.000835 0.000513 0.0008 0.000422 0.000835 0.000513 0.000785 0.000438 0.0008 0.000422 0.000816 0.000407 0.0008 0.000422 0.000726 0.000347 0.0008 0.000422 0.000717 0.000367 0.000726 0.000347 0.0008 0.000422 0.000785 0.000438 0.000717 0.000367 0.000785 0.000438 0.000709 0.000387 0.000717 0.000367 0.000426 0.000408 0.000441 0.000424 0.000367 0.000497 0.000441 0.000424 0.000387 0.000506 0.000367 0.000497 0.000441 0.000424 0.000456 0.000439 0.000387 0.000506 0.000456 0.000439 0.000407 0.000514 0.000387 0.000506 0.000367 0.000497 0.000387 0.000506 0.000346 0.000602 0.000387 0.000506 0.000368 0.000602 0.000346 0.000602 0.000387 0.000506 0.000407 0.000514 0.000368 0.000602 0.000407 0.000514 0.000389 0.000602 0.000368 0.000602 0.000425 0.000796 0.000441 0.00078 0.000513 0.000857 0.000441 0.00078 0.000522 0.000836 0.000513 0.000857 0.000441 0.00078 0.000456 0.000765 0.000522 0.000836 0.000456 0.000765 0.000531 0.000816 0.000522 0.000836 0.000726 0.000347 0.000717 0.000367 0.00062 0.000326 0.000717 0.000367 0.00062 0.000349 0.00062 0.000326 0.000717 0.000367 0.000709 0.000387 0.00062 0.000349 0.000709 0.000387 0.00062 0.00037 0.00062 0.000349 0.00062 0.000326 0.00062 0.000349 0.000514 0.000348 0.00062 0.000349 0.000523 0.000369 0.000514 0.000348 0.00062 0.000349 0.00062 0.00037 0.000523 0.000369 0.00062 0.00037 0.000531 0.000388 0.000523 0.000369 0.000346 0.000602 0.000368 0.000602 0.000367 0.000707 0.000368 0.000602 0.000387 0.000699 0.000367 0.000707 0.000368 0.000602 0.000389 0.000602 0.000387 0.000699 0.000389 0.000602 0.000407 0.00069 0.000387 0.000699 0.000367 0.000707 0.000387 0.000699 0.000425 0.000796 0.000387 0.000699 0.000441 0.00078 0.000425 0.000796 0.000387 0.000699 0.000407 0.00069 0.000441 0.00078 0.000407 0.00069 0.000456 0.000765 0.000441 0.00078 0.000513 0.000857 0.000522 0.000836 0.000619 0.00088 0.000522 0.000836 0.00062 0.000857 0.000619 0.00088 0.000522 0.000836 0.000531 0.000816 0.00062 0.000857 0.000531 0.000816 0.00062 0.000835 0.00062 0.000857 0.000874 0.000709 0.000854 0.0007 0.000897 0.000604 0.000854 0.0007 0.000874 0.000603 0.000897 0.000604 0.000854 0.0007 0.000834 0.000692 0.000874 0.000603 0.000834 0.000692 0.000853 0.000603 0.000874 0.000603 0.000619 0.00088 0.00062 0.000857 0.000725 0.000857 0.00062 0.000857 0.000717 0.000837 0.000725 0.000857 0.00062 0.000857 0.00062 0.000835 0.000717 0.000837 0.00062 0.000835 0.000709 0.000817 0.000717 0.000837 0.000725 0.000857 0.000717 0.000837 0.000813 0.000797 0.000717 0.000837 0.000798 0.000781 0.000813 0.000797 0.000717 0.000837 0.000709 0.000817 0.000798 0.000781 0.000709 0.000817 0.000783 0.000766 0.000798 0.000781 0.000746 0.000602 0.00062 0.000602 0.000735 0.000492 0.00062 0.000602 0.00062 0.000484 0.000735 0.000492 0.00062 0.000602 0.000495 0.000602 0.00062 0.000484 0.000495 0.000602 0.000506 0.000493 0.00062 0.000484 0.000735 0.000712 0.00062 0.000721 0.000746 0.000602 0.00062 0.000721 0.00062 0.000602 0.000746 0.000602 0.00062 0.000721 0.000506 0.000712 0.00062 0.000602 0.000506 0.000712 0.000495 0.000602 0.00062 0.000602 0.000426 0.001068 0.000617 0.001107 0.000417 0.00109 0.000617 0.001107 0.000616 0.001131 0.000417 0.00109 0.000417 0.00109 0.000616 0.001131 0.000408 0.001113 0.000616 0.001131 0.000615 0.001156 0.000408 0.001113 0.000264 0.000962 0.000426 0.001068 0.000248 0.000979 0.000426 0.001068 0.000417 0.00109 0.000248 0.000979 0.000248 0.000979 0.000417 0.00109 0.00023 0.000996 0.000417 0.00109 0.000408 0.001113 0.00023 0.000996 0.000154 0.000801 0.000264 0.000962 0.000131 0.000811 0.000264 0.000962 0.000248 0.000979 0.000131 0.000811 0.000131 0.000811 0.000248 0.000979 0.000109 0.00082 0.000248 0.000979 0.00023 0.000996 0.000109 0.00082 0.000112 0.000609 0.000154 0.000801 0.000087 0.00061 0.000154 0.000801 0.000131 0.000811 0.000087 0.00061 0.000087 0.00061 0.000131 0.000811 0.000062 0.00061 0.000131 0.000811 0.000109 0.00082 0.000062 0.00061 0.000146 0.000414 0.000112 0.000609 0.000123 0.000405 0.000112 0.000609 0.000087 0.00061 0.000123 0.000405 0.000123 0.000405 0.000087 0.00061 0.0001 0.000396 0.000087 0.00061 0.000062 0.00061 0.0001 0.000396 0.000252 0.000246 0.000146 0.000414 0.000234 0.000229 0.000146 0.000414 0.000123 0.000405 0.000234 0.000229 0.000234 0.000229 0.000123 0.000405 0.000216 0.000212 0.000123 0.000405 0.0001 0.000396 0.000216 0.000212 0.000415 0.000131 0.000252 0.000246 0.000405 0.000108 0.000252 0.000246 0.000234 0.000229 0.000405 0.000108 0.000405 0.000108 0.000234 0.000229 0.000395 0.000085 0.000234 0.000229 0.000216 0.000212 0.000395 0.000085 0.000611 0.000087 0.000415 0.000131 0.000611 0.000062 0.000415 0.000131 0.000405 0.000108 0.000611 0.000062 0.000611 0.000062 0.000405 0.000108 0.00061 0.000036 0.000405 0.000108 0.000395 0.000085 0.00061 0.000036 0.00081 0.000121 0.000611 0.000087 0.000819 0.000098 0.000611 0.000087 0.000611 0.000062 0.000819 0.000098 0.000819 0.000098 0.000611 0.000062 0.000829 0.000074 0.000611 0.000062 0.00061 0.000036 0.000829 0.000074 0.000982 0.00023 0.00081 0.000121 0.000999 0.000212 0.00081 0.000121 0.000819 0.000098 0.000999 0.000212 0.000999 0.000212 0.000819 0.000098 0.001017 0.000193 0.000819 0.000098 0.000829 0.000074 0.001017 0.000193 0.001099 0.000397 0.000982 0.00023 0.001123 0.000387 0.000982 0.00023 0.000999 0.000212 0.001123 0.000387 0.001123 0.000387 0.000999 0.000212 0.001147 0.000377 0.000999 0.000212 0.001017 0.000193 0.001147 0.000377 0.001143 0.000599 0.001099 0.000397 0.001169 0.000598 0.001099 0.000397 0.001123 0.000387 0.001169 0.000598 0.001169 0.000598 0.001123 0.000387 0.001195 0.000598 0.001123 0.000387 0.001147 0.000377 0.001195 0.000598 0.001105 0.000803 0.001143 0.000599 0.001129 0.000813 0.001143 0.000599 0.001169 0.000598 0.001129 0.000813 0.001129 0.000813 0.001169 0.000598 0.001154 0.000823 0.001169 0.000598 0.001195 0.000598 0.001154 0.000823 0.00099 0.000975 0.001105 0.000803 0.001007 0.000994 0.001105 0.000803 0.001129 0.000813 0.001007 0.000994 0.001007 0.000994 0.001129 0.000813 0.001025 0.001013 0.001129 0.000813 0.001154 0.000823 0.001025 0.001013 0.000814 0.001079 0.00099 0.000975 0.000822 0.001103 0.00099 0.000975 0.001007 0.000994 0.000822 0.001103 0.000822 0.001103 0.001007 0.000994 0.00083 0.001127 0.001007 0.000994 0.001025 0.001013 0.00083 0.001127 0.000617 0.001107 0.000814 0.001079 0.000616 0.001131 0.000814 0.001079 0.000822 0.001103 0.000616 0.001131 0.000616 0.001131 0.000822 0.001103 0.000615 0.001156 0.000822 0.001103 0.00083 0.001127 0.000615 0.001156 0.000816 0.000407 0.000726 0.000347 0.000982 0.00023 0.000726 0.000347 0.00081 0.000121 0.000982 0.00023 0.000425 0.000796 0.000513 0.000857 0.000264 0.000962 0.000513 0.000857 0.000426 0.001068 0.000264 0.000962 0.000726 0.000347 0.00062 0.000326 0.00081 0.000121 0.00062 0.000326 0.000611 0.000087 0.00081 0.000121 0.000617 0.001107 0.000619 0.00088 0.000814 0.001079 0.000619 0.00088 0.000725 0.000857 0.000814 0.001079 0.000513 0.000857 0.000619 0.00088 0.000426 0.001068 0.000619 0.00088 0.000617 0.001107 0.000426 0.001068 0.00062 0.000326 0.000514 0.000348 0.000611 0.000087 0.000514 0.000348 0.000415 0.000131 0.000611 0.000087 0.000814 0.001079 0.000725 0.000857 0.00099 0.000975 0.000725 0.000857 0.000813 0.000797 0.00099 0.000975 0.000514 0.000348 0.000426 0.000408 0.000415 0.000131 0.000426 0.000408 0.000252 0.000246 0.000415 0.000131 0.000813 0.000797 0.000874 0.000709 0.00099 0.000975 0.000874 0.000709 0.001105 0.000803 0.00099 0.000975 0.000426 0.000408 0.000367 0.000497 0.000252 0.000246 0.000367 0.000497 0.000146 0.000414 0.000252 0.000246 0.000874 0.000709 0.000897 0.000604 0.001105 0.000803 0.000897 0.000604 0.001143 0.000599 0.001105 0.000803 0.000367 0.000497 0.000346 0.000602 0.000146 0.000414 0.000346 0.000602 0.000112 0.000609 0.000146 0.000414 0.000897 0.000604 0.000876 0.000497 0.001143 0.000599 0.000876 0.000497 0.001099 0.000397 0.001143 0.000599 0.000346 0.000602 0.000367 0.000707 0.000112 0.000609 0.000367 0.000707 0.000154 0.000801 0.000112 0.000609 0.000876 0.000497 0.000816 0.000407 0.001099 0.000397 0.000816 0.000407 0.000982 0.00023 0.001099 0.000397 0.000834 0.000692 0.000735 0.000712 0.000853 0.000603 0.000735 0.000712 0.000746 0.000602 0.000853 0.000603 0.000367 0.000707 0.000425 0.000796 0.000154 0.000801 0.000425 0.000796 0.000264 0.000962 0.000154 0.000801 0.000495 0.000602 0.000389 0.000602 0.000506 0.000493 0.000389 0.000602 0.000407 0.000514 0.000506 0.000493 0.00062 0.000484 0.000506 0.000493 0.00062 0.00037 0.000506 0.000493 0.000531 0.000388 0.00062 0.00037 0.000456 0.000765 0.000407 0.00069 0.000531 0.000816 0.000407 0.00069 0.000506 0.000712 0.000531 0.000816 0.00062 0.000835 0.00062 0.000721 0.000709 0.000817 0.00062 0.000721 0.000735 0.000712 0.000709 0.000817 0.000506 0.000493 0.000407 0.000514 0.000531 0.000388 0.000407 0.000514 0.000456 0.000439 0.000531 0.000388 0.000835 0.000513 0.000735 0.000492 0.000785 0.000438 0.000735 0.000492 0.000709 0.000387 0.000785 0.000438 0.000531 0.000816 0.000506 0.000712 0.00062 0.000835 0.000506 0.000712 0.00062 0.000721 0.00062 0.000835 0.000506 0.000712 0.000407 0.00069 0.000495 0.000602 0.000407 0.00069 0.000389 0.000602 0.000495 0.000602 0.000709 0.000817 0.000735 0.000712 0.000783 0.000766 0.000735 0.000712 0.000834 0.000692 0.000783 0.000766 0.000853 0.000603 0.000746 0.000602 0.000835 0.000513 0.000746 0.000602 0.000735 0.000492 0.000835 0.000513 0.000735 0.000492 0.00062 0.000484 0.000709 0.000387 0.00062 0.000484 0.00062 0.00037 0.000709 0.000387 0.000813 0.000797 0.000798 0.000781 0.000874 0.000709 0.000798 0.000781 0.000854 0.0007 0.000874 0.000709 0.000798 0.000781 0.000783 0.000766 0.000854 0.0007 0.000783 0.000766 0.000834 0.000692 0.000854 0.0007 0.000897 0.000604 0.000874 0.000603 0.000876 0.000497 0.000874 0.000603 0.000856 0.000505 0.000876 0.000497 0.000874 0.000603 0.000853 0.000603 0.000856 0.000505 0.000853 0.000603 0.000835 0.000513 0.000856 0.000505 0.000514 0.000348 0.000523 0.000369 0.000426 0.000408 0.000523 0.000369 0.000441 0.000424 0.000426 0.000408 0.000523 0.000369 0.000531 0.000388 0.000441 0.000424 0.000531 0.000388 0.000456 0.000439 0.000441 0.000424 0.000876 0.000497 0.000856 0.000505 0.000816 0.000407 0.000856 0.000505 0.0008 0.000422 0.000816 0.000407 0.000856 0.000505 0.000835 0.000513 0.0008 0.000422 0.000835 0.000513 0.000785 0.000438 0.0008 0.000422 0.000816 0.000407 0.0008 0.000422 0.000726 0.000347 0.0008 0.000422 0.000717 0.000367 0.000726 0.000347 0.0008 0.000422 0.000785 0.000438 0.000717 0.000367 0.000785 0.000438 0.000709 0.000387 0.000717 0.000367 0.000426 0.000408 0.000441 0.000424 0.000367 0.000497 0.000441 0.000424 0.000387 0.000506 0.000367 0.000497 0.000441 0.000424 0.000456 0.000439 0.000387 0.000506 0.000456 0.000439 0.000407 0.000514 0.000387 0.000506 0.000367 0.000497 0.000387 0.000506 0.000346 0.000602 0.000387 0.000506 0.000368 0.000602 0.000346 0.000602 0.000387 0.000506 0.000407 0.000514 0.000368 0.000602 0.000407 0.000514 0.000389 0.000602 0.000368 0.000602 0.000425 0.000796 0.000441 0.00078 0.000513 0.000857 0.000441 0.00078 0.000522 0.000836 0.000513 0.000857 0.000441 0.00078 0.000456 0.000765 0.000522 0.000836 0.000456 0.000765 0.000531 0.000816 0.000522 0.000836 0.000726 0.000347 0.000717 0.000367 0.00062 0.000326 0.000717 0.000367 0.00062 0.000349 0.00062 0.000326 0.000717 0.000367 0.000709 0.000387 0.00062 0.000349 0.000709 0.000387 0.00062 0.00037 0.00062 0.000349 0.00062 0.000326 0.00062 0.000349 0.000514 0.000348 0.00062 0.000349 0.000523 0.000369 0.000514 0.000348 0.00062 0.000349 0.00062 0.00037 0.000523 0.000369 0.00062 0.00037 0.000531 0.000388 0.000523 0.000369 0.000346 0.000602 0.000368 0.000602 0.000367 0.000707 0.000368 0.000602 0.000387 0.000699 0.000367 0.000707 0.000368 0.000602 0.000389 0.000602 0.000387 0.000699 0.000389 0.000602 0.000407 0.00069 0.000387 0.000699 0.000367 0.000707 0.000387 0.000699 0.000425 0.000796 0.000387 0.000699 0.000441 0.00078 0.000425 0.000796 0.000387 0.000699 0.000407 0.00069 0.000441 0.00078 0.000407 0.00069 0.000456 0.000765 0.000441 0.00078 0.000513 0.000857 0.000522 0.000836 0.000619 0.00088 0.000522 0.000836 0.00062 0.000857 0.000619 0.00088 0.000522 0.000836 0.000531 0.000816 0.00062 0.000857 0.000531 0.000816 0.00062 0.000835 0.00062 0.000857 0.000874 0.000709 0.000854 0.0007 0.000897 0.000604 0.000854 0.0007 0.000874 0.000603 0.000897 0.000604 0.000854 0.0007 0.000834 0.000692 0.000874 0.000603 0.000834 0.000692 0.000853 0.000603 0.000874 0.000603 0.000619 0.00088 0.00062 0.000857 0.000725 0.000857 0.00062 0.000857 0.000717 0.000837 0.000725 0.000857 0.00062 0.000857 0.00062 0.000835 0.000717 0.000837 0.00062 0.000835 0.000709 0.000817 0.000717 0.000837 0.000725 0.000857 0.000717 0.000837 0.000813 0.000797 0.000717 0.000837 0.000798 0.000781 0.000813 0.000797 0.000717 0.000837 0.000709 0.000817 0.000798 0.000781 0.000709 0.000817 0.000783 0.000766 0.000798 0.000781 0.000746 0.000602 0.00062 0.000602 0.000735 0.000492 0.00062 0.000602 0.00062 0.000484 0.000735 0.000492 0.00062 0.000602 0.000495 0.000602 0.00062 0.000484 0.000495 0.000602 0.000506 0.000493 0.00062 0.000484 0.000735 0.000712 0.00062 0.000721 0.000746 0.000602 0.00062 0.000721 0.00062 0.000602 0.000746 0.000602 0.00062 0.000721 0.000506 0.000712 0.00062 0.000602 0.000506 0.000712 0.000495 0.000602 0.00062 0.000602 0.000426 0.001068 0.000617 0.001107 0.000417 0.00109 0.000617 0.001107 0.000616 0.001131 0.000417 0.00109 0.000417 0.00109 0.000616 0.001131 0.000408 0.001113 0.000616 0.001131 0.000615 0.001156 0.000408 0.001113 0.000264 0.000962 0.000426 0.001068 0.000248 0.000979 0.000426 0.001068 0.000417 0.00109 0.000248 0.000979 0.000248 0.000979 0.000417 0.00109 0.00023 0.000996 0.000417 0.00109 0.000408 0.001113 0.00023 0.000996 0.000154 0.000801 0.000264 0.000962 0.000131 0.000811 0.000264 0.000962 0.000248 0.000979 0.000131 0.000811 0.000131 0.000811 0.000248 0.000979 0.000109 0.00082 0.000248 0.000979 0.00023 0.000996 0.000109 0.00082 0.000112 0.000609 0.000154 0.000801 0.000087 0.00061 0.000154 0.000801 0.000131 0.000811 0.000087 0.00061 0.000087 0.00061 0.000131 0.000811 0.000062 0.00061 0.000131 0.000811 0.000109 0.00082 0.000062 0.00061 0.000146 0.000414 0.000112 0.000609 0.000123 0.000405 0.000112 0.000609 0.000087 0.00061 0.000123 0.000405 0.000123 0.000405 0.000087 0.00061 0.0001 0.000396 0.000087 0.00061 0.000062 0.00061 0.0001 0.000396 0.000252 0.000246 0.000146 0.000414 0.000234 0.000229 0.000146 0.000414 0.000123 0.000405 0.000234 0.000229 0.000234 0.000229 0.000123 0.000405 0.000216 0.000212 0.000123 0.000405 0.0001 0.000396 0.000216 0.000212 0.000415 0.000131 0.000252 0.000246 0.000405 0.000108 0.000252 0.000246 0.000234 0.000229 0.000405 0.000108 0.000405 0.000108 0.000234 0.000229 0.000395 0.000085 0.000234 0.000229 0.000216 0.000212 0.000395 0.000085 0.000611 0.000087 0.000415 0.000131 0.000611 0.000062 0.000415 0.000131 0.000405 0.000108 0.000611 0.000062 0.000611 0.000062 0.000405 0.000108 0.00061 0.000036 0.000405 0.000108 0.000395 0.000085 0.00061 0.000036 0.00081 0.000121 0.000611 0.000087 0.000819 0.000098 0.000611 0.000087 0.000611 0.000062 0.000819 0.000098 0.000819 0.000098 0.000611 0.000062 0.000829 0.000074 0.000611 0.000062 0.00061 0.000036 0.000829 0.000074 0.000982 0.00023 0.00081 0.000121 0.000999 0.000212 0.00081 0.000121 0.000819 0.000098 0.000999 0.000212 0.000999 0.000212 0.000819 0.000098 0.001017 0.000193 0.000819 0.000098 0.000829 0.000074 0.001017 0.000193 0.001099 0.000397 0.000982 0.00023 0.001123 0.000387 0.000982 0.00023 0.000999 0.000212 0.001123 0.000387 0.001123 0.000387 0.000999 0.000212 0.001147 0.000377 0.000999 0.000212 0.001017 0.000193 0.001147 0.000377 0.001143 0.000599 0.001099 0.000397 0.001169 0.000598 0.001099 0.000397 0.001123 0.000387 0.001169 0.000598 0.001169 0.000598 0.001123 0.000387 0.001195 0.000598 0.001123 0.000387 0.001147 0.000377 0.001195 0.000598 0.001105 0.000803 0.001143 0.000599 0.001129 0.000813 0.001143 0.000599 0.001169 0.000598 0.001129 0.000813 0.001129 0.000813 0.001169 0.000598 0.001154 0.000823 0.001169 0.000598 0.001195 0.000598 0.001154 0.000823 0.00099 0.000975 0.001105 0.000803 0.001007 0.000994 0.001105 0.000803 0.001129 0.000813 0.001007 0.000994 0.001007 0.000994 0.001129 0.000813 0.001025 0.001013 0.001129 0.000813 0.001154 0.000823 0.001025 0.001013 0.000814 0.001079 0.00099 0.000975 0.000822 0.001103 0.00099 0.000975 0.001007 0.000994 0.000822 0.001103 0.000822 0.001103 0.001007 0.000994 0.00083 0.001127 0.001007 0.000994 0.001025 0.001013 0.00083 0.001127 0.000617 0.001107 0.000814 0.001079 0.000616 0.001131 0.000814 0.001079 0.000822 0.001103 0.000616 0.001131 0.000616 0.001131 0.000822 0.001103 0.000615 0.001156 0.000822 0.001103 0.00083 0.001127 0.000615 0.001156 0.000816 0.000407 0.000726 0.000347 0.000982 0.00023 0.000726 0.000347 0.00081 0.000121 0.000982 0.00023 0.000425 0.000796 0.000513 0.000857 0.000264 0.000962 0.000513 0.000857 0.000426 0.001068 0.000264 0.000962 0.000726 0.000347 0.00062 0.000326 0.00081 0.000121 0.00062 0.000326 0.000611 0.000087 0.00081 0.000121 0.000617 0.001107 0.000619 0.00088 0.000814 0.001079 0.000619 0.00088 0.000725 0.000857 0.000814 0.001079 0.000513 0.000857 0.000619 0.00088 0.000426 0.001068 0.000619 0.00088 0.000617 0.001107 0.000426 0.001068 0.00062 0.000326 0.000514 0.000348 0.000611 0.000087 0.000514 0.000348 0.000415 0.000131 0.000611 0.000087 0.000814 0.001079 0.000725 0.000857 0.00099 0.000975 0.000725 0.000857 0.000813 0.000797 0.00099 0.000975 0.000514 0.000348 0.000426 0.000408 0.000415 0.000131 0.000426 0.000408 0.000252 0.000246 0.000415 0.000131 0.000813 0.000797 0.000874 0.000709 0.00099 0.000975 0.000874 0.000709 0.001105 0.000803 0.00099 0.000975 0.000426 0.000408 0.000367 0.000497 0.000252 0.000246 0.000367 0.000497 0.000146 0.000414 0.000252 0.000246 0.000874 0.000709 0.000897 0.000604 0.001105 0.000803 0.000897 0.000604 0.001143 0.000599 0.001105 0.000803 0.000367 0.000497 0.000346 0.000602 0.000146 0.000414 0.000346 0.000602 0.000112 0.000609 0.000146 0.000414 0.000897 0.000604 0.000876 0.000497 0.001143 0.000599 0.000876 0.000497 0.001099 0.000397 0.001143 0.000599 0.000346 0.000602 0.000367 0.000707 0.000112 0.000609 0.000367 0.000707 0.000154 0.000801 0.000112 0.000609 0.000876 0.000497 0.000816 0.000407 0.001099 0.000397 0.000816 0.000407 0.000982 0.00023 0.001099 0.000397</float_array>
					<technique_common>
						<accessor source="#3003|MB|42-mesh-map-0-array" count="3144" stride="2">
							<param name="S" type="float"/>
							<param name="T" type="float"/>
						</accessor>
					</technique_common>
				</source>
				<source id="3003|MB|42-mesh-map-1">
					<float_array id="3003|MB|42-mesh-map-1-array" count="6288">0 0 0 0 0 0 0 0 0 0 0 0 0.383 0.369 0.383 0.654 0.264 0.369 0.383 0.654 0.264 0.654 0.264 0.369 0 0 0 0 0 0 0 0 0 0 0 0 0 0 0 0 0 0 0 0 0 0 0 0 0 0 0 0 0 0 0 0 0 0 0 0 0 0 0 0 0 0 0 0 0 0 0 0 0 0 0 0 0 0 0 0 0 0 0 0 0 0 0 0 0 0 0 0 0 0 0 0 0 0 0 0 0 0 0 0 0 0 0 0 0 0 0 0 0 0 0 0 0 0 0 0 0 0 0 0 0 0 0 0 0 0 0 0 0 0 0 0 0 0 0 0 0 0 0 0 0 0 0 0 0 0 0 0 0 0 0 0 0 0 0 0 0 0 0 0 0 0 0 0 0 0 0 0 0 0 0 0 0 0 0 0 0 0 0 0 0 0 0 0 0 0 0 0 0 0 0 0 0 0 0 0 0 0 0 0 0 0 0 0 0 0 0 0 0 0 0 0 0 0 0 0 0 0 0 0 0 0 0 0 0 0 0 0 0 0 0 0 0 0 0 0 0 0 0 0 0 0 0 0 0 0 0 0 0.264 0.369 0.264 0.654 0.205 0.369 0.264 0.654 0.205 0.654 0.205 0.369 0 0 0 0 0 0 0 0 0 0 0 0 0 0 0 0 0 0 0 0 0 0 0 0 0 0 0 0 0 0 0 0 0 0 0 0 0 0 0 0 0 0 0 0 0 0 0 0 0.205 0.369 0.205 0.654 0.146 0.369 0.205 0.654 0.146 0.654 0.146 0.369 0 0 0 0 0 0 0 0 0 0 0 0 0 0 0 0 0 0 0 0 0 0 0 0 0 0 0 0 0 0 0 0 0 0 0 0 0 0 0 0 0 0 0 0 0 0 0 0 0 0 0 0 0 0 0 0 0 0 0 0 0 0 0 0 0 0 0 0 0 0 0 0 0 0 0 0 0 0 0 0 0 0 0 0 0 0 0 0 0 0 0 0 0 0 0 0 0 0 0 0 0 0 0 0 0 0 0 0 0.857 0.369 0.975 0.369 0.857 0.654 0.975 0.369 0.975 0.654 0.857 0.654 0 0 0 0 0 0 0 0 0 0 0 0 0 0 0 0 0 0 0 0 0 0 0 0 0 0 0 0 0 0 0 0 0 0 0 0 0 0 0 0 0 0 0 0 0 0 0 0 0 0 0 0 0 0 0 0 0 0 0 0 0 0 0 0 0 0 0 0 0 0 0 0 0 0 0 0 0 0 0 0 0 0 0 0 0 0 0 0 0 0 0 0 0 0 0 0 0 0 0 0 0 0 0 0 0 0 0 0 0 0 0 0 0 0 0 0 0 0 0 0 0 0 0 0 0 0 0 0 0 0 0 0 0 0 0 0 0 0 0 0 0 0 0 0 0 0 0 0 0 0 0 0 0 0 0 0 0 0 0 0 0 0 0 0 0 0 0 0 0 0 0 0 0 0 0 0 0 0 0 0 0 0 0 0 0 0 0 0 0 0 0 0 0 0 0 0 0 0 0 0 0 0 0 0 0 0 0 0 0 0 0 0 0 0 0 0 0 0 0 0 0 0 0 0 0 0 0 0 0.027 0.369 0.086 0.369 0.027 0.654 0.086 0.369 0.086 0.654 0.027 0.654 0 0 0 0 0 0 0 0 0 0 0 0 0 0 0 0 0 0 0 0 0 0 0 0 0 0 0 0 0 0 0 0 0 0 0 0 0 0 0 0 0 0 0 0 0 0 0 0 0.086 0.369 0.146 0.369 0.086 0.654 0.146 0.369 0.146 0.654 0.086 0.654 0 0 0 0 0 0 0 0 0 0 0 0 0 0 0 0 0 0 0 0 0 0 0 0 0 0 0 0 0 0 0 0 0 0 0 0 0 0 0 0 0 0 0 0 0 0 0 0 0 0 0 0 0 0 0 0 0 0 0 0 0 0 0 0 0 0 0 0 0 0 0 0 0 0 0 0 0 0 0 0 0 0 0 0 0 0 0 0 0 0 0 0 0 0 0 0 0 0 0 0 0 0 0 0 0 0 0 0 0.383 0.369 0.501 0.369 0.383 0.654 0.501 0.369 0.501 0.654 0.383 0.654 0 0 0 0 0 0 0 0 0 0 0 0 0 0 0 0 0 0 0 0 0 0 0 0 0 0 0 0 0 0 0 0 0 0 0 0 0 0 0 0 0 0 0 0 0 0 0 0 0 0 0 0 0 0 0 0 0 0 0 0 0 0 0 0 0 0 0 0 0 0 0 0 0 0 0 0 0 0 0 0 0 0 0 0 0 0 0 0 0 0 0 0 0 0 0 0 0 0 0 0 0 0 0 0 0 0 0 0 0 0 0 0 0 0 0 0 0 0 0 0 0 0 0 0 0 0 0 0 0 0 0 0 0 0 0 0 0 0 0 0 0 0 0 0 0 0 0 0 0 0 0 0 0 0 0 0 0 0 0 0 0 0 0 0 0 0 0 0 0 0 0 0 0 0 0 0 0 0 0 0 0 0 0 0 0 0 0 0 0 0 0 0 0 0 0 0 0 0 0 0 0 0 0 0 0 0 0 0 0 0 0 0 0 0 0 0 0 0 0 0 0 0 0 0 0 0 0 0 0.501 0.369 0.56 0.369 0.501 0.654 0.56 0.369 0.56 0.654 0.501 0.654 0 0 0 0 0 0 0 0 0 0 0 0 0 0 0 0 0 0 0 0 0 0 0 0 0 0 0 0 0 0 0 0 0 0 0 0 0 0 0 0 0 0 0 0 0 0 0 0 0.56 0.369 0.62 0.369 0.56 0.654 0.62 0.369 0.62 0.654 0.56 0.654 0 0 0 0 0 0 0 0 0 0 0 0 0 0 0 0 0 0 0 0 0 0 0 0 0 0 0 0 0 0 0 0 0 0 0 0 0 0 0 0 0 0 0 0 0 0 0 0 0 0 0 0 0 0 0 0 0 0 0 0 0 0 0 0 0 0 0 0 0 0 0 0 0 0 0 0 0 0 0 0 0 0 0 0 0 0 0 0 0 0 0 0 0 0 0 0 0 0 0 0 0 0 0 0 0 0 0 0 0.857 0.369 0.857 0.654 0.738 0.369 0.857 0.654 0.738 0.654 0.738 0.369 0 0 0 0 0 0 0 0 0 0 0 0 0 0 0 0 0 0 0 0 0 0 0 0 0 0 0 0 0 0 0 0 0 0 0 0 0 0 0 0 0 0 0 0 0 0 0 0 0 0 0 0 0 0 0 0 0 0 0 0 0 0 0 0 0 0 0 0 0 0 0 0 0 0 0 0 0 0 0 0 0 0 0 0 0 0 0 0 0 0 0 0 0 0 0 0 0 0 0 0 0 0 0 0 0 0 0 0 0 0 0 0 0 0 0 0 0 0 0 0 0 0 0 0 0 0 0 0 0 0 0 0 0 0 0 0 0 0 0 0 0 0 0 0 0 0 0 0 0 0 0 0 0 0 0 0 0 0 0 0 0 0 0 0 0 0 0 0 0 0 0 0 0 0 0 0 0 0 0 0 0 0 0 0 0 0 0 0 0 0 0 0 0 0 0 0 0 0 0 0 0 0 0 0 0 0 0 0 0 0 0 0 0 0 0 0 0 0 0 0 0 0 0 0 0 0 0 0 0.738 0.369 0.738 0.654 0.679 0.369 0.738 0.654 0.679 0.654 0.679 0.369 0 0 0 0 0 0 0 0 0 0 0 0 0 0 0 0 0 0 0 0 0 0 0 0 0 0 0 0 0 0 0 0 0 0 0 0 0 0 0 0 0 0 0 0 0 0 0 0 0.679 0.369 0.679 0.654 0.62 0.369 0.679 0.654 0.62 0.654 0.62 0.369 0 0 0 0 0 0 0 0 0 0 0 0 0 0 0 0 0 0 0 0 0 0 0 0 0 0 0 0 0 0 0 0 0 0 0 0 0 0 0 0 0 0 0 0 0 0 0 0 0 0 0 0 0 0 0 0 0 0 0 0 0 0 0 0 0 0 0 0 0 0 0 0 0 0 0 0 0 0 0 0 0 0 0 0 0 0 0 0 0 0 0 0 0 0 0 0 0 0 0 0 0 0 0 0 0 0 0 0 0 0 0 0 0 0 0 0 0 0 0 0 0 0 0 0 0 0 0 0 0 0 0 0 0 0 0 0 0 0 0 0 0 0 0 0 0 0 0 0 0 0 0 0 0 0 0 0 0 0 0 0 0 0 0 0 0 0 0 0 0 0 0 0 0 0 0 0 0 0 0 0 0 0 0 0 0 0 0 0 0 0 0 0 0 0 0 0 0 0 0 0 0 0 0 0 0 0 0 0 0 0 0 0 0 0 0 0 0 0 0 0 0 0 0 0 0 0 0 0 0 0 0 0 0 0 0 0 0 0 0 0 0 0 0 0 0 0 0 0 0 0 0 0 0 0 0 0 0 0 0 0 0 0 0 0 0 0 0 0 0 0 0 0 0 0 0 0 0 0 0 0 0 0 0 0 0 0 0 0 0 0 0 0 0 0 0 0 0 0 0 0 0 0 0 0 0 0 0 0 0 0 0 0 0 0 0 0 0 0 0 0 0 0 0 0 0 0 0 0 0 0 0 0 0 0 0 0 0 0 0 0 0 0 0 0 0 0 0 0 0 0 0 0 0 0 0 0 0 0 0 0 0 0 0 0 0 0 0 0 0 0 0 0 0 0 0 0 0 0 0 0 0 0 0 0 0 0 0 0 0 0 0 0 0 0 0 0 0 0 0 0 0 0 0 0 0 0 0 0 0 0 0 0 0 0 0 0 0 0 0 0 0 0 0 0 0 0 0 0 0 0 0 0 0 0 0 0 0 0 0 0 0 0 0 0 0 0 0 0 0 0 0 0 0 0 0 0 0 0 0 0 0 0 0 0 0 0 0 0 0 0 0 0 0 0 0 0 0 0 0 0 0 0 0 0 0 0 0 0 0 0 0 0 0 0 0 0 0 0 0 0 0 0 0 0 0 0 0 0 0 0 0 0 0 0 0 0 0 0 0 0 0 0 0 0 0 0 0 0 0 0 0 0 0 0 0 0 0 0 0 0 0 0 0 0 0 0 0 0 0 0 0 0 0 0 0 0 0 0 0 0 0 0 0 0 0 0 0 0 0 0 0 0 0 0 0 0 0 0 0 0 0 0 0 0 0 0 0 0 0 0 0 0 0 0 0 0 0 0 0 0 0 0 0 0 0 0 0 0 0 0 0 0 0 0 0 0 0 0 0 0 0 0 0 0 0 0 0 0 0 0 0 0 0 0 0 0 0 0 0 0 0 0 0 0 0 0 0 0 0 0 0 0 0 0 0 0 0 0 0 0 0 0 0 0 0 0 0 0 0 0 0 0 0 0 0 0 0 0 0 0 0 0 0 0 0 0 0 0 0 0 0 0 0 0 0 0 0 0 0 0 0 0 0 0 0 0 0 0 0 0 0 0 0 0 0 0 0 0 0 0 0 0 0 0 0 0 0 0 0 0 0 0 0 0 0 0 0 0 0 0 0 0 0 0 0 0 0 0 0 0 0 0 0 0 0 0 0 0 0 0 0 0 0 0 0 0 0 0 0 0 0 0 0 0 0 0 0 0 0 0 0 0 0 0 0 0 0 0 0 0 0 0 0 0 0 0 0 0 0 0 0 0 0 0 0 0 0 0 0 0 0 0 0 0 0 0 0 0 0 0 0 0 0 0 0 0 0 0 0 0 0 0 0 0 0 0 0 0 0 0 0 0 0 0 0 0 0 0 0 0 0 0 0 0 0 0 0 0 0 0 0 0 0 0 0 0 0 0 0 0 0 0 0 0 0 0 0 0 0 0 0 0 0 0 0 0 0 0 0 0 0 0 0 0 0 0 0 0 0 0 0 0 0 0 0 0 0 0 0 0 0 0 0 0 0 0 0 0 0 0 0 0 0 0 0 0 0 0 0 0 0 0 0 0 0 0 0 0 0 0 0 0 0 0 0 0 0 0 0 0 0 0 0 0 0 0 0 0 0 0 0 0 0 0 0 0 0 0 0 0 0 0 0 0 0 0 0 0 0 0 0 0 0 0 0 0 0 0 0 0 0 0 0 0 0 0 0 0 0 0 0 0 0 0 0 0 0 0 0 0 0 0 0 0 0 0 0 0 0 0 0 0 0 0 0 0 0 0 0 0 0 0 0 0 0 0 0 0 0 0 0 0 0 0 0 0 0 0 0 0 0 0 0 0 0 0 0 0 0 0 0 0 0 0 0 0 0 0 0 0 0 0 0 0 0 0 0 0 0 0 0 0 0 0 0 0 0 0 0 0 0 0 0 0 0 0 0 0 0 0 0 0 0 0 0 0 0 0 0 0 0 0 0 0 0 0 0 0 0 0 0 0 0 0 0 0 0 0 0 0 0 0 0 0 0 0 0 0 0 0 0 0 0 0 0 0 0 0 0 0 0 0 0 0 0 0 0 0 0 0 0 0 0 0 0 0 0 0 0 0 0 0 0 0 0 0 0 0 0 0 0 0 0 0 0 0 0 0 0 0 0 0 0 0 0 0 0 0 0 0 0 0 0 0 0 0 0 0 0 0 0 0 0 0 0 0 0 0 0 0 0 0 0 0 0 0 0 0 0 0 0 0 0 0 0 0 0 0 0 0 0 0 0 0 0 0 0 0 0 0 0 0 0 0 0 0 0 0 0 0 0 0 0 0 0 0 0 0 0 0 0 0 0 0 0 0 0 0 0 0 0 0 0 0 0 0 0 0 0 0 0 0 0 0 0 0 0 0 0 0 0 0 0 0 0 0 0 0 0 0 0 0 0 0 0 0 0 0 0 0 0 0 0 0 0 0 0 0 0 0 0 0 0 0 0 0 0 0 0 0 0 0 0 0 0 0 0 0 0 0 0 0 0 0 0 0 0 0 0 0 0 0 0 0 0 0 0 0 0 0 0 0 0 0 0 0 0 0 0 0 0 0 0 0 0 0 0 0 0 0 0 0 0 0 0 0 0 0 0 0 0 0 0 0 0 0 0 0 0 0 0 0 0 0 0 0 0 0 0 0 0 0 0 0 0 0 0 0 0 0 0 0 0 0 0 0 0 0 0 0 0 0 0 0 0 0 0 0 0 0 0 0 0 0 0 0 0 0 0 0 0 0 0 0 0 0 0 0 0 0 0 0 0 0 0 0 0 0 0 0 0 0 0 0 0 0 0 0 0 0 0 0 0 0 0 0 0 0 0 0 0 0 0 0 0 0 0 0 0 0 0 0 0 0 0 0 0 0 0 0 0 0 0 0 0 0 0 0 0 0 0 0 0 0 0 0 0 0 0 0 0 0 0 0 0 0 0 0 0 0 0 0 0 0 0 0 0 0 0 0 0 0 0 0 0 0 0 0 0 0 0 0 0 0 0 0 0 0 0 0 0 0 0 0 0 0 0 0 0 0 0 0 0 0 0 0 0 0 0 0 0 0 0 0 0 0 0 0 0 0 0 0 0 0 0 0 0 0 0 0 0 0 0 0 0 0 0 0 0 0 0 0 0 0 0 0 0 0 0 0 0 0 0 0 0 0 0 0 0 0 0 0 0 0 0 0 0 0 0 0 0 0 0 0 0 0 0 0 0 0 0 0 0 0 0 0 0 0 0 0 0 0 0 0 0 0 0 0 0 0 0 0 0 0 0 0 0 0 0 0 0 0 0 0 0 0 0 0 0 0 0 0 0 0 0 0 0 0 0 0 0 0 0 0 0 0 0 0 0 0 0 0 0 0 0 0 0 0 0 0 0 0 0 0 0 0 0 0 0 0 0 0 0 0 0 0 0 0 0 0 0 0 0 0 0 0 0 0 0 0 0 0 0 0 0 0 0 0 0 0 0 0 0 0 0 0 0 0 0 0 0 0 0 0 0 0 0 0 0 0 0 0 0 0 0 0 0 0 0 0 0 0 0 0 0 0 0 0 0 0 0 0 0 0 0 0 0 0 0 0 0 0 0 0 0 0 0 0 0 0 0 0 0 0 0 0 0 0 0 0 0 0 0 0 0 0 0 0 0 0 0 0 0 0 0 0 0 0 0 0 0 0 0 0 0 0 0 0 0 0 0 0 0 0 0 0 0 0 0 0 0 0 0 0 0 0 0 0 0 0 0 0 0 0 0 0 0 0 0 0 0 0 0 0 0 0 0 0 0 0 0 0 0 0 0 0 0 0 0 0 0 0 0 0 0 0 0 0 0 0 0 0 0 0 0 0 0 0 0 0 0 0 0 0 0 0 0 0 0 0 0 0 0 0 0 0 0 0 0 0 0 0 0 0 0 0 0 0 0 0 0 0 0 0 0 0 0 0 0 0 0 0 0 0 0 0 0 0 0 0 0 0 0 0 0 0 0 0 0 0 0 0 0 0 0 0 0 0 0 0 0 0 0 0 0 0 0 0 0 0 0 0 0 0 0 0 0 0 0 0 0 0 0 0 0 0 0 0 0 0 0 0 0 0 0 0 0 0 0 0 0 0 0 0 0 0 0 0 0 0 0 0 0 0 0 0 0 0 0 0 0 0 0 0 0 0 0 0 0 0 0 0 0 0 0 0 0 0 0 0 0 0 0 0 0 0 0 0 0 0 0 0 0 0 0 0 0 0 0 0 0 0 0 0 0 0 0 0 0 0 0 0 0 0 0 0 0 0 0 0 0 0 0 0 0 0 0 0 0 0 0 0 0 0 0 0 0 0 0 0 0 0 0 0 0 0 0 0 0 0 0 0 0 0 0 0 0 0 0 0 0 0 0 0 0 0 0 0 0 0 0 0 0 0 0 0 0 0 0 0 0 0 0 0 0 0 0 0 0 0 0 0 0 0 0 0 0 0 0 0 0 0 0 0 0 0 0 0 0 0 0 0 0 0 0 0 0 0 0 0 0 0 0 0 0 0 0 0 0 0 0 0 0 0 0 0 0 0 0 0 0 0 0 0 0 0 0 0 0 0 0 0 0 0 0 0 0 0 0 0 0 0 0 0 0 0 0 0 0 0 0 0 0 0 0 0 0 0 0 0 0 0 0 0 0 0 0 0 0 0 0 0 0 0 0 0 0 0 0 0 0 0 0 0 0 0 0 0 0 0 0 0 0 0 0 0 0 0 0 0 0 0 0 0 0 0 0 0 0 0 0 0 0 0 0 0 0 0 0 0 0 0 0 0 0 0 0 0 0 0 0 0 0 0 0 0 0 0 0 0 0 0 0 0 0 0 0 0 0 0 0 0 0 0 0 0 0 0 0 0 0 0 0 0 0 0 0 0 0 0 0 0 0 0 0 0 0 0 0 0 0 0 0 0 0 0 0 0 0 0 0 0 0 0 0 0 0 0 0 0 0 0 0 0 0 0 0 0 0 0 0 0 0 0 0 0 0 0 0 0 0 0 0 0 0 0 0 0 0 0 0 0 0 0 0 0 0 0 0 0 0 0 0 0 0 0 0 0 0 0 0 0 0 0 0 0 0 0 0 0 0 0 0 0 0 0 0 0 0 0 0 0 0 0 0 0 0 0 0 0 0 0 0 0 0 0 0 0 0 0 0 0 0 0 0 0 0 0 0 0 0 0 0 0 0 0 0 0 0 0 0 0 0 0 0 0 0 0 0 0 0 0 0 0 0 0 0 0 0 0 0 0 0 0 0 0 0 0 0 0 0 0 0 0 0 0 0 0 0 0 0 0 0 0 0 0 0 0 0 0 0 0 0 0 0 0 0 0 0 0 0 0 0 0 0 0 0 0 0 0 0 0 0 0 0 0 0 0 0 0 0 0 0 0 0 0 0 0 0 0 0 0 0 0 0 0 0 0 0 0 0 0 0 0 0 0 0 0 0 0 0 0 0 0 0 0 0 0 0 0 0 0 0 0 0 0 0 0 0 0 0 0 0 0 0 0 0 0 0 0 0 0 0 0 0 0 0 0 0 0 0 0 0 0 0 0 0 0 0 0 0 0 0 0 0 0 0 0 0 0 0 0 0 0 0 0 0 0 0 0 0 0 0 0 0 0 0 0 0 0 0 0 0 0 0 0 0 0 0 0 0 0 0 0 0 0 0 0 0 0 0 0 0 0 0 0 0 0 0 0 0 0 0 0 0 0 0 0 0 0 0 0 0 0 0 0 0 0 0 0 0 0 0 0 0 0 0 0 0 0 0 0 0 0 0 0 0 0 0 0 0 0 0 0 0 0 0 0 0 0 0 0 0 0 0 0 0 0 0 0 0 0 0 0 0 0 0 0 0 0 0 0 0 0 0 0 0 0 0 0 0 0 0 0 0 0 0 0 0 0 0 0 0 0 0 0 0 0 0 0 0 0 0 0 0 0 0 0 0 0 0 0 0 0 0 0 0 0 0 0 0 0 0 0 0 0 0 0 0 0 0 0 0 0 0 0 0 0 0 0 0 0 0 0 0 0 0 0 0 0 0 0 0 0 0 0 0 0 0 0 0 0 0 0 0 0 0 0 0 0 0 0 0 0 0 0 0 0 0 0 0 0 0 0 0 0 0 0 0 0 0 0 0 0 0 0 0 0 0 0 0 0 0 0 0 0 0 0 0 0 0 0 0 0 0 0 0 0 0 0 0 0 0 0 0 0 0 0 0 0 0 0 0 0 0 0 0 0 0 0 0 0 0 0 0 0 0 0 0 0 0 0 0 0 0 0 0 0 0 0 0 0 0 0 0 0 0 0 0 0 0 0 0 0 0 0 0 0 0 0 0 0 0 0 0 0 0 0 0 0 0 0 0 0 0 0 0 0 0 0 0 0 0 0 0 0 0 0 0 0 0 0 0 0 0 0 0 0 0 0 0 0 0 0 0 0 0 0 0 0 0 0 0 0 0 0 0 0 0 0 0 0 0 0 0 0 0 0 0 0 0 0 0 0 0 0 0 0 0 0 0 0 0 0 0 0 0 0 0 0 0 0 0 0 0 0 0 0 0 0 0 0 0 0 0 0 0 0 0 0 0 0 0 0 0 0 0 0 0 0 0 0 0 0 0 0 0 0 0 0 0 0 0 0 0 0 0 0 0 0 0 0 0 0 0 0 0 0 0 0 0 0 0 0 0 0 0 0 0 0 0 0 0 0 0 0 0 0 0 0 0 0 0 0 0 0 0 0 0 0 0 0 0 0 0 0 0 0 0 0 0 0 0 0 0 0 0 0 0 0 0 0 0 0 0 0 0 0 0 0 0 0 0 0 0 0 0 0 0 0 0 0 0 0 0 0 0 0 0 0 0 0 0 0 0 0 0 0 0 0 0 0 0 0 0 0 0 0 0 0 0 0 0 0 0 0 0 0 0 0 0 0 0 0 0 0 0 0 0 0 0 0 0 0 0 0 0 0 0 0 0 0 0 0 0 0 0 0 0 0 0 0 0 0 0 0 0 0 0 0 0 0 0 0 0 0 0 0 0 0 0 0 0 0 0 0 0 0 0 0 0 0 0 0 0 0 0 0 0 0 0 0 0 0 0 0 0 0 0 0 0 0 0 0 0 0 0 0 0 0 0 0 0 0 0 0 0 0 0 0 0 0 0 0 0 0 0 0 0 0 0 0 0 0 0 0 0 0 0 0 0 0 0 0 0 0 0 0 0 0 0 0 0 0 0 0 0 0 0 0 0 0 0 0 0 0 0 0 0 0 0 0 0 0 0 0 0 0 0 0 0 0 0 0 0 0 0 0 0 0 0 0 0 0 0 0 0 0 0 0 0 0 0 0 0 0 0 0 0 0 0 0 0 0 0 0 0 0 0 0 0 0 0 0 0 0 0 0 0 0 0 0 0 0 0 0 0 0 0 0 0 0 0 0 0 0 0 0 0 0 0 0 0 0 0 0 0 0 0 0 0 0 0 0 0 0 0 0 0 0 0 0 0 0 0 0 0 0 0 0 0 0 0 0 0 0 0 0 0 0 0 0 0 0 0 0 0 0 0 0 0 0 0 0 0 0 0 0 0 0 0 0 0 0 0 0 0 0 0 0 0 0 0 0 0 0 0 0 0 0 0 0 0 0 0 0 0 0 0 0 0 0 0 0 0 0 0 0 0 0 0 0 0 0 0 0 0 0 0 0 0 0 0 0 0 0 0 0 0 0 0 0 0 0 0 0 0 0 0 0 0 0 0 0 0 0 0 0 0 0 0 0 0 0 0 0 0 0 0 0 0 0 0 0 0 0 0 0 0 0 0 0 0 0 0 0 0 0 0 0 0 0 0 0 0 0 0 0 0 0 0 0 0 0 0 0 0 0 0 0 0 0 0 0 0 0 0 0 0 0 0 0 0 0 0 0 0 0 0 0 0 0 0 0 0 0 0 0 0 0 0 0 0 0 0 0 0 0 0 0 0 0 0 0 0 0 0 0 0 0 0 0 0 0 0 0 0 0 0 0 0 0 0 0 0 0 0 0 0 0 0 0 0 0 0 0 0 0 0 0 0 0 0 0 0 0 0 0 0 0 0 0 0 0 0 0 0 0 0 0 0 0 0 0 0 0 0 0 0 0 0 0 0 0 0 0 0 0 0 0 0 0 0 0 0 0 0 0 0 0 0 0 0 0 0 0 0 0 0 0 0 0 0 0 0 0 0 0 0 0 0 0 0 0 0 0 0 0 0 0 0 0 0 0 0 0 0 0 0 0 0 0 0 0 0 0 0 0 0 0 0 0 0 0 0 0 0 0 0 0 0 0 0 0 0 0 0 0 0 0 0 0 0 0 0 0 0 0 0 0 0 0 0 0 0 0 0 0 0 0 0 0 0 0 0 0 0 0 0 0 0 0 0 0 0 0 0 0 0 0 0 0 0 0 0 0 0 0 0 0 0 0 0 0 0 0 0 0 0 0 0 0 0 0 0 0 0 0 0 0 0 0 0 0 0 0 0 0 0 0 0 0 0 0 0 0 0 0 0 0 0 0 0 0 0 0 0 0 0 0 0 0 0 0 0 0 0 0 0 0 0 0 0 0 0 0 0 0 0 0 0 0 0 0 0 0 0 0 0 0 0 0 0 0 0 0 0 0 0 0 0 0 0 0 0 0 0 0 0 0 0 0 0 0 0 0 0 0 0 0 0 0 0 0 0 0 0 0 0 0 0 0 0 0 0 0 0 0 0 0 0 0 0 0 0 0 0 0 0 0 0 0 0 0 0 0 0 0 0 0 0 0 0 0 0 0 0 0 0 0 0 0 0 0 0 0 0 0 0 0 0 0 0 0 0 0 0 0 0 0 0 0 0 0 0 0 0 0 0 0 0 0 0 0 0 0 0 0 0 0 0 0 0 0 0 0 0 0 0 0 0 0 0 0 0 0 0 0 0 0 0 0 0 0 0 0 0 0 0 0 0 0 0 0 0 0 0 0 0 0 0 0 0 0 0 0 0 0 0 0 0 0 0 0 0 0 0 0 0 0 0 0 0 0 0 0 0 0 0 0 0 0 0 0 0 0 0 0 0 0 0 0 0 0 0 0 0 0 0 0 0 0 0 0 0 0 0 0 0 0 0 0 0 0 0 0 0 0 0 0 0 0 0 0 0 0 0 0 0 0 0 0 0 0 0 0 0 0 0 0 0 0 0 0 0 0 0 0 0 0 0 0 0 0 0 0 0 0 0 0 0 0 0 0 0 0 0 0 0 0 0 0 0 0 0 0 0 0 0 0 0 0 0 0 0 0 0 0 0 0 0 0 0 0 0 0 0 0 0 0 0 0 0 0 0 0 0 0 0 0 0 0 0 0 0 0 0 0 0 0 0 0 0 0 0 0 0 0 0 0 0 0 0 0 0 0 0 0 0 0 0 0 0 0 0 0 0 0 0 0 0 0 0 0 0 0 0 0 0 0 0 0 0 0 0 0 0 0 0 0 0 0 0 0 0 0 0 0 0 0 0 0 0 0 0 0 0 0 0 0 0 0 0 0 0 0 0 0 0 0 0 0 0 0 0 0 0 0 0 0 0 0 0 0 0 0 0 0 0 0 0 0 0 0 0 0 0 0 0 0 0 0 0 0 0 0 0 0 0 0 0 0 0 0 0 0 0 0 0 0 0 0 0 0 0 0 0 0 0 0 0 0 0 0 0 0 0 0 0 0 0 0 0 0 0 0 0 0 0 0 0 0 0 0 0 0 0 0 0 0 0 0 0 0 0 0 0 0 0 0 0 0 0 0 0 0 0 0 0 0 0 0 0 0 0 0 0 0 0 0 0 0 0 0 0 0 0 0 0 0 0 0 0 0 0 0 0 0 0 0 0 0 0 0 0 0 0 0 0 0 0 0 0 0 0 0 0 0 0 0 0 0 0 0 0 0 0 0 0 0 0 0 0 0 0 0 0 0 0 0 0 0 0 0 0 0 0 0 0 0 0 0 0 0 0 0 0 0 0 0 0 0 0 0 0 0 0 0 0 0 0 0 0 0 0 0 0 0 0 0 0 0 0 0 0 0 0 0 0 0 0 0 0 0</float_array>
					<technique_common>
						<accessor source="#3003|MB|42-mesh-map-1-array" count="3144" stride="2">
							<param name="S" type="float"/>
							<param name="T" type="float"/>
						</accessor>
					</technique_common>
				</source>
				<source id="3003|MB|42-mesh-map-2">
					<float_array id="3003|MB|42-mesh-map-2-array" count="6288">0 0 0 0 0 0 0 0 0 0 0 0 0.747 0.39 0.747 0.679 0.507 0.39 0.747 0.679 0.507 0.679 0.507 0.39 0 0 0 0 0 0 0 0 0 0 0 0 0 0 0 0 0 0 0 0 0 0 0 0 0 0 0 0 0 0 0 0 0 0 0 0 0 0 0 0 0 0 0 0 0 0 0 0 0 0 0 0 0 0 0 0 0 0 0 0 0 0 0 0 0 0 0 0 0 0 0 0 0 0 0 0 0 0 0 0 0 0 0 0 0 0 0 0 0 0 0 0 0 0 0 0 0 0 0 0 0 0 0 0 0 0 0 0 0 0 0 0 0 0 0 0 0 0 0 0 0 0 0 0 0 0 0 0 0 0 0 0 0 0 0 0 0 0 0 0 0 0 0 0 0 0 0 0 0 0 0 0 0 0 0 0 0 0 0 0 0 0 0 0 0 0 0 0 0 0 0 0 0 0 0 0 0 0 0 0 0 0 0 0 0 0 0 0 0 0 0 0 0 0 0 0 0 0 0 0 0 0 0 0 0 0 0 0 0 0 0 0 0 0 0 0 0 0 0 0 0 0 0 0 0 0 0 0 0.491 0.694 0.491 0.983 0.371 0.694 0.491 0.983 0.371 0.983 0.371 0.694 0 0 0 0 0 0 0 0 0 0 0 0 0 0 0 0 0 0 0 0 0 0 0 0 0 0 0 0 0 0 0 0 0 0 0 0 0 0 0 0 0 0 0 0 0 0 0 0 0.371 0.694 0.371 0.983 0.251 0.694 0.371 0.983 0.251 0.983 0.251 0.694 0 0 0 0 0 0 0 0 0 0 0 0 0 0 0 0 0 0 0 0 0 0 0 0 0 0 0 0 0 0 0 0 0 0 0 0 0 0 0 0 0 0 0 0 0 0 0 0 0 0 0 0 0 0 0 0 0 0 0 0 0 0 0 0 0 0 0 0 0 0 0 0 0 0 0 0 0 0 0 0 0 0 0 0 0 0 0 0 0 0 0 0 0 0 0 0 0 0 0 0 0 0 0 0 0 0 0 0 0.251 0.39 0.491 0.39 0.251 0.679 0.491 0.39 0.491 0.679 0.251 0.679 0 0 0 0 0 0 0 0 0 0 0 0 0 0 0 0 0 0 0 0 0 0 0 0 0 0 0 0 0 0 0 0 0 0 0 0 0 0 0 0 0 0 0 0 0 0 0 0 0 0 0 0 0 0 0 0 0 0 0 0 0 0 0 0 0 0 0 0 0 0 0 0 0 0 0 0 0 0 0 0 0 0 0 0 0 0 0 0 0 0 0 0 0 0 0 0 0 0 0 0 0 0 0 0 0 0 0 0 0 0 0 0 0 0 0 0 0 0 0 0 0 0 0 0 0 0 0 0 0 0 0 0 0 0 0 0 0 0 0 0 0 0 0 0 0 0 0 0 0 0 0 0 0 0 0 0 0 0 0 0 0 0 0 0 0 0 0 0 0 0 0 0 0 0 0 0 0 0 0 0 0 0 0 0 0 0 0 0 0 0 0 0 0 0 0 0 0 0 0 0 0 0 0 0 0 0 0 0 0 0 0 0 0 0 0 0 0 0 0 0 0 0 0 0 0 0 0 0 0.011 0.694 0.13 0.694 0.011 0.983 0.13 0.694 0.13 0.983 0.011 0.983 0 0 0 0 0 0 0 0 0 0 0 0 0 0 0 0 0 0 0 0 0 0 0 0 0 0 0 0 0 0 0 0 0 0 0 0 0 0 0 0 0 0 0 0 0 0 0 0 0.13 0.694 0.251 0.694 0.13 0.983 0.251 0.694 0.251 0.983 0.13 0.983 0 0 0 0 0 0 0 0 0 0 0 0 0 0 0 0 0 0 0 0 0 0 0 0 0 0 0 0 0 0 0 0 0 0 0 0 0 0 0 0 0 0 0 0 0 0 0 0 0 0 0 0 0 0 0 0 0 0 0 0 0 0 0 0 0 0 0 0 0 0 0 0 0 0 0 0 0 0 0 0 0 0 0 0 0 0 0 0 0 0 0 0 0 0 0 0 0 0 0 0 0 0 0 0 0 0 0 0 0.747 0.39 0.987 0.39 0.747 0.679 0.987 0.39 0.987 0.679 0.747 0.679 0 0 0 0 0 0 0 0 0 0 0 0 0 0 0 0 0 0 0 0 0 0 0 0 0 0 0 0 0 0 0 0 0 0 0 0 0 0 0 0 0 0 0 0 0 0 0 0 0 0 0 0 0 0 0 0 0 0 0 0 0 0 0 0 0 0 0 0 0 0 0 0 0 0 0 0 0 0 0 0 0 0 0 0 0 0 0 0 0 0 0 0 0 0 0 0 0 0 0 0 0 0 0 0 0 0 0 0 0 0 0 0 0 0 0 0 0 0 0 0 0 0 0 0 0 0 0 0 0 0 0 0 0 0 0 0 0 0 0 0 0 0 0 0 0 0 0 0 0 0 0 0 0 0 0 0 0 0 0 0 0 0 0 0 0 0 0 0 0 0 0 0 0 0 0 0 0 0 0 0 0 0 0 0 0 0 0 0 0 0 0 0 0 0 0 0 0 0 0 0 0 0 0 0 0 0 0 0 0 0 0 0 0 0 0 0 0 0 0 0 0 0 0 0 0 0 0 0 0.506 0.694 0.626 0.694 0.506 0.982 0.626 0.694 0.626 0.982 0.506 0.982 0 0 0 0 0 0 0 0 0 0 0 0 0 0 0 0 0 0 0 0 0 0 0 0 0 0 0 0 0 0 0 0 0 0 0 0 0 0 0 0 0 0 0 0 0 0 0 0 0.626 0.694 0.746 0.694 0.626 0.982 0.746 0.694 0.746 0.982 0.626 0.982 0 0 0 0 0 0 0 0 0 0 0 0 0 0 0 0 0 0 0 0 0 0 0 0 0 0 0 0 0 0 0 0 0 0 0 0 0 0 0 0 0 0 0 0 0 0 0 0 0 0 0 0 0 0 0 0 0 0 0 0 0 0 0 0 0 0 0 0 0 0 0 0 0 0 0 0 0 0 0 0 0 0 0 0 0 0 0 0 0 0 0 0 0 0 0 0 0 0 0 0 0 0 0 0 0 0 0 0 0.251 0.39 0.251 0.679 0.01 0.39 0.251 0.679 0.01 0.679 0.01 0.39 0 0 0 0 0 0 0 0 0 0 0 0 0 0 0 0 0 0 0 0 0 0 0 0 0 0 0 0 0 0 0 0 0 0 0 0 0 0 0 0 0 0 0 0 0 0 0 0 0 0 0 0 0 0 0 0 0 0 0 0 0 0 0 0 0 0 0 0 0 0 0 0 0 0 0 0 0 0 0 0 0 0 0 0 0 0 0 0 0 0 0 0 0 0 0 0 0 0 0 0 0 0 0 0 0 0 0 0 0 0 0 0 0 0 0 0 0 0 0 0 0 0 0 0 0 0 0 0 0 0 0 0 0 0 0 0 0 0 0 0 0 0 0 0 0 0 0 0 0 0 0 0 0 0 0 0 0 0 0 0 0 0 0 0 0 0 0 0 0 0 0 0 0 0 0 0 0 0 0 0 0 0 0 0 0 0 0 0 0 0 0 0 0 0 0 0 0 0 0 0 0 0 0 0 0 0 0 0 0 0 0 0 0 0 0 0 0 0 0 0 0 0 0 0 0 0 0 0 0.986 0.694 0.986 0.982 0.867 0.694 0.986 0.982 0.867 0.982 0.867 0.694 0 0 0 0 0 0 0 0 0 0 0 0 0 0 0 0 0 0 0 0 0 0 0 0 0 0 0 0 0 0 0 0 0 0 0 0 0 0 0 0 0 0 0 0 0 0 0 0 0.867 0.694 0.867 0.982 0.746 0.694 0.867 0.982 0.746 0.982 0.746 0.694 0 0 0 0 0 0 0 0 0 0 0 0 0 0 0 0 0 0 0 0 0 0 0 0 0 0 0 0 0 0 0 0 0 0 0 0 0 0 0 0 0 0 0 0 0 0 0 0 0 0 0 0 0 0 0 0 0 0 0 0 0 0 0 0 0 0 0 0 0 0 0 0 0 0 0 0 0 0 0 0 0 0 0 0 0 0 0 0 0 0 0 0 0 0 0 0 0 0 0 0 0 0 0 0 0 0 0 0 0 0 0 0 0 0 0 0 0 0 0 0 0 0 0 0 0 0 0 0 0 0 0 0 0 0 0 0 0 0 0 0 0 0 0 0 0 0 0 0 0 0 0 0 0 0 0 0 0 0 0 0 0 0 0 0 0 0 0 0 0 0 0 0 0 0 0 0 0 0 0 0 0 0 0 0 0 0 0 0 0 0 0 0 0 0 0 0 0 0 0 0 0 0 0 0 0 0 0 0 0 0 0 0 0 0 0 0 0 0 0 0 0 0 0 0 0 0 0 0 0 0 0 0 0 0 0 0 0 0 0 0 0 0 0 0 0 0 0 0 0 0 0 0 0 0 0 0 0 0 0 0 0 0 0 0 0 0 0 0 0 0 0 0 0 0 0 0 0 0 0 0 0 0 0 0 0 0 0 0 0 0 0 0 0 0 0 0 0 0 0 0 0 0 0 0 0 0 0 0 0 0 0 0 0 0 0 0 0 0 0 0 0 0 0 0 0 0 0 0 0 0 0 0 0 0 0 0 0 0 0 0 0 0 0 0 0 0 0 0 0 0 0 0 0 0 0 0 0 0 0 0 0 0 0 0 0 0 0 0 0 0 0 0 0 0 0 0 0 0 0 0 0 0 0 0 0 0 0 0 0 0 0 0 0 0 0 0 0 0 0 0 0 0 0 0 0 0 0 0 0 0 0 0 0 0 0 0 0 0 0 0 0 0 0 0 0 0 0 0 0 0 0 0 0 0 0 0 0 0 0 0 0 0 0 0 0 0 0 0 0 0 0 0 0 0 0 0 0 0 0 0 0 0 0 0 0 0 0 0 0 0 0 0 0 0 0 0 0 0 0 0 0 0 0 0 0 0 0 0 0 0 0 0 0 0 0 0 0 0 0 0 0 0 0 0 0 0 0 0 0 0 0 0 0 0 0 0 0 0 0 0 0 0 0 0 0 0 0 0 0 0 0 0 0 0 0 0 0 0 0 0 0 0 0 0 0 0 0 0 0 0 0 0 0 0 0 0 0 0 0 0 0 0 0 0 0 0 0 0 0 0 0 0 0 0 0 0 0 0 0 0 0 0 0 0 0 0 0 0 0 0 0 0 0 0 0 0 0 0 0 0 0 0 0 0 0 0 0 0 0 0 0 0 0 0 0 0 0 0 0 0 0 0 0 0 0 0 0 0 0 0 0 0 0 0 0 0 0 0 0 0 0 0 0 0 0 0 0 0 0 0 0 0 0 0 0 0 0 0 0 0 0 0 0 0 0 0 0 0 0 0 0 0 0 0 0 0 0 0 0 0 0 0 0 0 0 0 0 0 0 0 0 0 0 0 0 0 0 0 0 0 0 0 0 0 0 0 0 0 0 0 0 0 0 0 0 0 0 0 0 0 0 0 0 0 0 0 0 0 0 0 0 0 0 0 0 0 0 0 0 0 0 0 0 0 0 0 0 0 0 0 0 0 0 0 0 0 0 0 0 0 0 0 0 0 0 0 0 0 0 0 0 0 0 0 0 0 0 0 0 0 0 0 0 0 0 0 0 0 0 0 0 0 0 0 0 0 0 0 0 0 0 0 0 0 0 0 0 0 0 0 0 0 0 0 0 0 0 0 0 0 0 0 0 0 0 0 0 0 0 0 0 0 0 0 0 0 0 0 0 0 0 0 0 0 0 0 0 0 0 0 0 0 0 0 0 0 0 0 0 0 0 0 0 0 0 0 0 0 0 0 0 0 0 0 0 0 0 0 0 0 0 0 0 0 0 0 0 0 0 0 0 0 0 0 0 0 0 0 0 0 0 0 0 0 0 0 0 0 0 0 0 0 0 0 0 0 0 0 0 0 0 0 0 0 0 0 0 0 0 0 0 0 0 0 0 0 0 0 0 0 0 0 0 0 0 0 0 0 0 0 0 0 0 0 0 0 0 0 0 0 0 0 0 0 0 0 0 0 0 0 0 0 0 0 0 0 0 0 0 0 0 0 0 0 0 0 0 0 0 0 0 0 0 0 0 0 0 0 0 0 0 0 0 0 0 0 0 0 0 0 0 0 0 0 0 0 0 0 0 0 0 0 0 0 0 0 0 0 0 0 0 0 0 0 0 0 0 0 0 0 0 0 0 0 0 0 0 0 0 0 0 0 0 0 0 0 0 0 0 0 0 0 0 0 0 0 0 0 0 0 0 0 0 0 0 0 0 0 0 0 0 0 0 0 0 0 0 0 0 0 0 0 0 0 0 0 0 0 0 0 0 0 0 0 0 0 0 0 0 0 0 0 0 0 0 0 0 0 0 0 0 0 0 0 0 0 0 0 0 0 0 0 0 0 0 0 0 0 0 0 0 0 0 0 0 0 0 0 0 0 0 0 0 0 0 0 0 0 0 0 0 0 0 0 0 0 0 0 0 0 0 0 0 0 0 0 0 0 0 0 0 0 0 0 0 0 0 0 0 0 0 0 0 0 0 0 0 0 0 0 0 0 0 0 0 0 0 0 0 0 0 0 0 0 0 0 0 0 0 0 0 0 0 0 0 0 0 0 0 0 0 0 0 0 0 0 0 0 0 0 0 0 0 0 0 0 0 0 0 0 0 0 0 0 0 0 0 0 0 0 0 0 0 0 0 0 0 0 0 0 0 0 0 0 0 0 0 0 0 0 0 0 0 0 0 0 0 0 0 0 0 0 0 0 0 0 0 0 0 0 0 0 0 0 0 0 0 0 0 0 0 0 0 0 0 0 0 0 0 0 0 0 0 0 0 0 0 0 0 0 0 0 0 0 0 0 0 0 0 0 0 0 0 0 0 0 0 0 0 0 0 0 0 0 0 0 0 0 0 0 0 0 0 0 0 0 0 0 0 0 0 0 0 0 0 0 0 0 0 0 0 0 0 0 0 0 0 0 0 0 0 0 0 0 0 0 0 0 0 0 0 0 0 0 0 0 0 0 0 0 0 0 0 0 0 0 0 0 0 0 0 0 0 0 0 0 0 0 0 0 0 0 0 0 0 0 0 0 0 0 0 0 0 0 0 0 0 0 0 0 0 0 0 0 0 0 0 0 0 0 0 0 0 0 0 0 0 0 0 0 0 0 0 0 0 0 0 0 0 0 0 0 0 0 0 0 0 0 0 0 0 0 0 0 0 0 0 0 0 0 0 0 0 0 0 0 0 0 0 0 0 0 0 0 0 0 0 0 0 0 0 0 0 0 0 0 0 0 0 0 0 0 0 0 0 0 0 0 0 0 0 0 0 0 0 0 0 0 0 0 0 0 0 0 0 0 0 0 0 0 0 0 0 0 0 0 0 0 0 0 0 0 0 0 0 0 0 0 0 0 0 0 0 0 0 0 0 0 0 0 0 0 0 0 0 0 0 0 0 0 0 0 0 0 0 0 0 0 0 0 0 0 0 0 0 0 0 0 0 0 0 0 0 0 0 0 0 0 0 0 0 0 0 0 0 0 0 0 0 0 0 0 0 0 0 0 0 0 0 0 0 0 0 0 0 0 0 0 0 0 0 0 0 0 0 0 0 0 0 0 0 0 0 0 0 0 0 0 0 0 0 0 0 0 0 0 0 0 0 0 0 0 0 0 0 0 0 0 0 0 0 0 0 0 0 0 0 0 0 0 0 0 0 0 0 0 0 0 0 0 0 0 0 0 0 0 0 0 0 0 0 0 0 0 0 0 0 0 0 0 0 0 0 0 0 0 0 0 0 0 0 0 0 0 0 0 0 0 0 0 0 0 0 0 0 0 0 0 0 0 0 0 0 0 0 0 0 0 0 0 0 0 0 0 0 0 0 0 0 0 0 0 0 0 0 0 0 0 0 0 0 0 0 0 0 0 0 0 0 0 0 0 0 0 0 0 0 0 0 0 0 0 0 0 0 0 0 0 0 0 0 0 0 0 0 0 0 0 0 0 0 0 0 0 0 0 0 0 0 0 0 0 0 0 0 0 0 0 0 0 0 0 0 0 0 0 0 0 0 0 0 0 0 0 0 0 0 0 0 0 0 0 0 0 0 0 0 0 0 0 0 0 0 0 0 0 0 0 0 0 0 0 0 0 0 0 0 0 0 0 0 0 0 0 0 0 0 0 0 0 0 0 0 0 0 0 0 0 0 0 0 0 0 0 0 0 0 0 0 0 0 0 0 0 0 0 0 0 0 0 0 0 0 0 0 0 0 0 0 0 0 0 0 0 0 0 0 0 0 0 0 0 0 0 0 0 0 0 0 0 0 0 0 0 0 0 0 0 0 0 0 0 0 0 0 0 0 0 0 0 0 0 0 0 0 0 0 0 0 0 0 0 0 0 0 0 0 0 0 0 0 0 0 0 0 0 0 0 0 0 0 0 0 0 0 0 0 0 0 0 0 0 0 0 0 0 0 0 0 0 0 0 0 0 0 0 0 0 0 0 0 0 0 0 0 0 0 0 0 0 0 0 0 0 0 0 0 0 0 0 0 0 0 0 0 0 0 0 0 0 0 0 0 0 0 0 0 0 0 0 0 0 0 0 0 0 0 0 0 0 0 0 0 0 0 0 0 0 0 0 0 0 0 0 0 0 0 0 0 0 0 0 0 0 0 0 0 0 0 0 0 0 0 0 0 0 0 0 0 0 0 0 0 0 0 0 0 0 0 0 0 0 0 0 0 0 0 0 0 0 0 0 0 0 0 0 0 0 0 0 0 0 0 0 0 0 0 0 0 0 0 0 0 0 0 0 0 0 0 0 0 0 0 0 0 0 0 0 0 0 0 0 0 0 0 0 0 0 0 0 0 0 0 0 0 0 0 0 0 0 0 0 0 0 0 0 0 0 0 0 0 0 0 0 0 0 0 0 0 0 0 0 0 0 0 0 0 0 0 0 0 0 0 0 0 0 0 0 0 0 0 0 0 0 0 0 0 0 0 0 0 0 0 0 0 0 0 0 0 0 0 0 0 0 0 0 0 0 0 0 0 0 0 0 0 0 0 0 0 0 0 0 0 0 0 0 0 0 0 0 0 0 0 0 0 0 0 0 0 0 0 0 0 0 0 0 0 0 0 0 0 0 0 0 0 0 0 0 0 0 0 0 0 0 0 0 0 0 0 0 0 0 0 0 0 0 0 0 0 0 0 0 0 0 0 0 0 0 0 0 0 0 0 0 0 0 0 0 0 0 0 0 0 0 0 0 0 0 0 0 0 0 0 0 0 0 0 0 0 0 0 0 0 0 0 0 0 0 0 0 0 0 0 0 0 0 0 0 0 0 0 0 0 0 0 0 0 0 0 0 0 0 0 0 0 0 0 0 0 0 0 0 0 0 0 0 0 0 0 0 0 0 0 0 0 0 0 0 0 0 0 0 0 0 0 0 0 0 0 0 0 0 0 0 0 0 0 0 0 0 0 0 0 0 0 0 0 0 0 0 0 0 0 0 0 0 0 0 0 0 0 0 0 0 0 0 0 0 0 0 0 0 0 0 0 0 0 0 0 0 0 0 0 0 0 0 0 0 0 0 0 0 0 0 0 0 0 0 0 0 0 0 0 0 0 0 0 0 0 0 0 0 0 0 0 0 0 0 0 0 0 0 0 0 0 0 0 0 0 0 0 0 0 0 0 0 0 0 0 0 0 0 0 0 0 0 0 0 0 0 0 0 0 0 0 0 0 0 0 0 0 0 0 0 0 0 0 0 0 0 0 0 0 0 0 0 0 0 0 0 0 0 0 0 0 0 0 0 0 0 0 0 0 0 0 0 0 0 0 0 0 0 0 0 0 0 0 0 0 0 0 0 0 0 0 0 0 0 0 0 0 0 0 0 0 0 0 0 0 0 0 0 0 0 0 0 0 0 0 0 0 0 0 0 0 0 0 0 0 0 0 0 0 0 0 0 0 0 0 0 0 0 0 0 0 0 0 0 0 0 0 0 0 0 0 0 0 0 0 0 0 0 0 0 0 0 0 0 0 0 0 0 0 0 0 0 0 0 0 0 0 0 0 0 0 0 0 0 0 0 0 0 0 0 0 0 0 0 0 0 0 0 0 0 0 0 0 0 0 0 0 0 0 0 0 0 0 0 0 0 0 0 0 0 0 0 0 0 0 0 0 0 0 0 0 0 0 0 0 0 0 0 0 0 0 0 0 0 0 0 0 0 0 0 0 0 0 0 0 0 0 0 0 0 0 0 0 0 0 0 0 0 0 0 0 0 0 0 0 0 0 0 0 0 0 0 0 0 0 0 0 0 0 0 0 0 0 0 0 0 0 0 0 0 0 0 0 0 0 0 0 0 0 0 0 0 0 0 0 0 0 0 0 0 0 0 0 0 0 0 0 0 0 0 0 0 0 0 0 0 0 0 0 0 0 0 0 0 0 0 0 0 0 0 0 0 0 0 0 0 0 0 0 0 0 0 0 0 0 0 0 0 0 0 0 0 0 0 0 0 0 0 0 0 0 0 0 0 0 0 0 0 0 0 0 0 0 0 0 0 0 0 0 0 0 0 0 0 0 0 0 0 0 0 0 0 0 0 0 0 0 0 0 0 0 0 0 0 0 0 0 0 0 0 0 0 0 0 0 0 0 0 0 0 0 0 0 0 0 0 0 0 0 0 0 0 0 0 0 0 0 0 0 0 0 0 0 0 0 0 0 0 0 0 0 0 0 0 0 0 0 0 0 0 0 0 0 0 0 0 0 0 0 0 0 0 0 0 0 0 0 0 0 0 0 0 0 0 0 0 0 0 0 0 0 0 0 0 0 0 0 0 0 0 0 0 0 0 0 0 0 0 0 0 0 0 0 0 0 0 0 0 0 0 0 0 0 0 0 0 0 0 0 0 0 0 0 0 0 0 0 0 0 0 0 0 0 0 0 0 0 0 0 0 0 0 0 0 0 0 0 0 0 0 0 0 0 0 0 0 0 0 0 0 0 0 0 0 0 0 0 0 0 0 0 0 0 0 0 0 0 0 0 0 0 0 0 0 0 0 0 0 0 0 0 0 0 0 0 0 0 0 0 0 0 0 0 0 0 0 0 0 0 0 0 0 0 0 0 0 0 0 0 0 0 0 0 0 0 0 0 0 0 0 0 0 0 0 0 0 0 0 0 0 0 0 0 0 0 0 0 0 0 0 0 0 0 0 0 0 0 0 0 0 0 0 0 0 0 0 0 0 0 0 0 0 0 0 0 0 0 0 0 0 0 0 0 0 0 0 0 0 0 0 0 0 0 0 0 0 0 0 0 0 0 0 0 0 0 0 0 0 0 0 0 0 0 0 0 0 0 0 0 0 0 0 0 0 0 0 0 0 0 0 0 0 0 0 0 0 0 0 0 0 0 0 0 0 0 0 0 0 0 0 0 0 0 0 0 0 0 0 0 0 0 0 0 0 0 0 0 0 0 0 0 0 0 0 0 0 0 0 0 0 0 0 0 0 0 0 0 0 0 0 0 0 0 0 0 0 0 0 0 0 0 0 0 0 0 0 0 0 0 0 0 0 0 0 0 0 0 0 0 0 0 0 0 0 0 0 0 0 0 0 0 0 0 0 0 0 0 0 0 0 0 0 0 0 0 0 0 0 0 0 0 0 0 0 0 0 0 0 0 0 0 0 0 0 0 0 0 0 0 0 0 0 0 0 0 0 0 0 0 0 0 0 0 0 0 0 0 0 0 0 0 0 0 0 0 0 0 0 0 0 0 0 0 0 0 0 0 0 0 0 0 0 0 0 0 0 0 0 0 0 0 0 0 0 0 0 0 0 0 0 0 0 0 0 0 0 0 0 0 0 0 0 0 0 0 0 0 0 0 0 0 0 0 0 0 0 0 0 0 0 0 0 0 0 0 0 0 0 0 0 0 0 0 0 0 0 0 0 0 0 0 0 0 0 0 0 0 0 0 0 0 0 0 0 0 0 0 0 0 0 0 0 0 0 0 0 0 0 0 0 0 0 0 0 0 0 0 0 0 0 0 0 0 0 0 0 0 0 0 0 0 0 0 0 0 0 0 0 0 0 0 0 0 0 0 0 0 0 0 0 0 0 0 0 0 0 0 0 0 0 0 0 0 0 0 0 0 0 0 0 0 0 0 0 0 0 0 0 0 0 0 0 0 0 0 0 0 0 0 0 0 0 0 0 0 0 0 0 0 0 0 0 0 0 0 0 0 0 0 0 0 0 0 0 0 0 0 0 0 0 0 0 0 0 0 0 0 0 0 0 0 0 0 0 0 0 0 0 0 0 0 0 0 0 0 0 0 0 0 0 0 0 0 0 0 0 0 0 0 0 0 0 0 0 0 0 0 0 0 0 0 0 0 0 0 0 0 0 0 0 0 0 0 0 0 0 0 0 0 0 0 0 0 0 0 0 0 0 0 0 0 0 0 0 0 0 0 0 0 0 0 0 0 0 0 0 0 0 0 0 0 0 0 0 0 0 0 0 0 0 0 0 0 0 0 0 0 0 0 0 0 0 0 0 0 0 0 0 0 0 0 0 0 0 0 0 0 0 0 0 0 0 0 0 0 0 0 0 0 0 0 0 0 0 0 0 0 0 0 0 0 0 0 0 0 0 0 0 0 0 0 0 0 0 0 0 0 0 0 0 0 0 0 0 0 0 0 0 0 0 0 0 0 0 0 0 0 0 0 0 0 0 0 0 0 0 0 0 0 0 0 0 0 0 0 0 0 0 0 0 0 0 0 0 0 0 0 0 0 0 0 0 0 0 0 0 0 0 0 0 0 0 0 0 0 0 0 0 0 0 0 0 0 0 0 0 0 0 0 0 0 0 0 0 0 0 0 0 0 0 0 0 0 0 0 0 0 0 0 0 0 0 0 0 0 0 0 0 0 0 0 0 0 0 0 0 0 0 0 0 0 0 0 0 0 0 0 0 0 0 0 0 0 0 0 0 0 0 0 0 0 0 0 0 0 0 0 0 0 0 0 0 0 0 0 0 0 0 0 0 0 0 0 0 0 0 0 0 0 0 0 0 0 0 0 0 0 0 0 0 0 0 0 0 0 0 0 0 0 0 0 0 0 0 0 0 0 0 0 0 0 0 0 0 0 0 0 0 0 0 0 0 0 0 0 0 0 0 0 0 0 0 0 0 0 0 0 0 0 0 0 0 0 0 0 0 0 0 0 0 0 0 0 0 0 0 0 0 0 0 0 0 0 0 0 0 0 0 0 0 0 0 0 0 0 0 0 0 0 0 0 0 0 0 0 0 0 0 0 0 0 0 0 0 0 0 0 0 0 0 0 0 0 0 0 0 0 0 0 0 0 0 0 0 0 0 0 0 0 0 0 0 0 0 0 0 0 0 0 0 0 0 0 0 0 0 0 0 0 0 0 0 0 0 0 0 0 0 0 0 0 0 0 0 0 0 0 0 0 0 0 0 0 0 0 0 0 0 0 0 0 0 0 0 0 0 0 0 0 0 0 0 0 0 0 0 0 0 0 0 0 0 0 0 0 0 0 0 0 0 0 0 0 0 0 0 0 0 0 0 0 0 0 0 0 0 0 0 0 0 0 0 0 0 0 0 0 0 0 0 0 0 0 0 0 0 0 0 0 0 0 0 0 0 0 0 0 0 0 0 0 0 0 0 0 0 0 0 0 0 0 0 0 0 0 0 0 0 0 0 0 0 0 0 0 0 0 0 0 0 0 0 0 0 0 0 0 0 0 0 0 0 0 0 0 0 0 0 0 0 0 0 0 0 0 0 0 0 0 0 0 0 0 0 0 0 0 0 0 0 0 0 0 0 0 0 0 0 0 0 0 0 0 0 0 0 0 0 0 0 0 0 0 0 0 0 0 0 0 0 0 0 0 0 0 0 0 0 0 0 0 0 0 0 0 0 0 0 0 0 0 0 0 0 0 0 0 0 0 0 0 0 0 0 0 0 0 0 0 0 0 0 0 0 0 0 0 0 0 0 0 0 0 0 0 0 0 0 0 0 0 0 0 0 0 0 0 0 0 0 0 0 0 0 0 0 0 0 0 0 0 0 0 0 0 0 0 0 0 0 0 0 0 0 0 0 0 0 0 0 0 0 0 0 0 0 0 0 0 0 0 0 0 0 0 0 0 0 0 0 0 0 0 0 0 0 0 0 0 0 0 0 0 0 0 0 0 0 0 0 0 0 0 0 0 0 0 0 0 0 0 0 0 0 0 0 0 0 0 0 0 0 0 0 0 0 0 0 0 0 0 0 0 0 0 0 0 0 0 0 0 0 0 0 0 0 0 0 0 0 0 0 0 0 0 0 0 0 0 0 0 0 0 0 0 0 0 0 0 0 0 0 0 0 0 0 0 0 0 0 0 0 0 0 0 0 0 0 0 0 0 0 0 0 0 0 0 0 0 0 0 0 0 0 0 0 0 0 0 0 0 0 0 0 0 0 0 0 0 0</float_array>
					<technique_common>
						<accessor source="#3003|MB|42-mesh-map-2-array" count="3144" stride="2">
							<param name="S" type="float"/>
							<param name="T" type="float"/>
						</accessor>
					</technique_common>
				</source>
				<source id="3003|MB|42-mesh-map-3">
					<float_array id="3003|MB|42-mesh-map-3-array" count="6288">0 0 0 0 0 0 0 0 0 0 0 0 0 0 0 0 0 0 0 0 0 0 0 0 0 0 0 0 0 0 0 0 0 0 0 0 0 0 0 0 0 0 0 0 0 0 0 0 0 0 0 0 0 0 0 0 0 0 0 0 0 0 0 0 0 0 0 0 0 0 0 0 0 0 0 0 0 0 0 0 0 0 0 0 0 0 0 0 0 0 0 0 0 0 0 0 0 0 0 0 0 0 0 0 0 0 0 0 0 0 0 0 0 0 0 0 0 0 0 0 0 0 0 0 0 0 0 0 0 0 0 0 0 0 0 0 0 0 0 0 0 0 0 0 0 0 0 0 0 0 0 0 0 0 0 0 0 0 0 0 0 0 0 0 0 0 0 0 0 0 0 0 0 0 0 0 0 0 0 0 0 0 0 0 0 0 0 0 0 0 0 0 0 0 0 0 0 0 0 0 0 0 0 0 0 0 0 0 0 0 0 0 0 0 0 0 0 0 0 0 0 0 0 0 0 0 0 0 0 0 0 0 0 0 0 0 0 0 0 0 0 0 0 0 0 0 0 0 0 0 0 0 0.986 0.208 0.986 0.792 0.744 0.208 0.986 0.792 0.744 0.792 0.744 0.208 0 0 0 0 0 0 0 0 0 0 0 0 0 0 0 0 0 0 0 0 0 0 0 0 0 0 0 0 0 0 0 0 0 0 0 0 0 0 0 0 0 0 0 0 0 0 0 0 0.744 0.208 0.744 0.792 0.5 0.208 0.744 0.792 0.5 0.792 0.5 0.208 0 0 0 0 0 0 0 0 0 0 0 0 0 0 0 0 0 0 0 0 0 0 0 0 0 0 0 0 0 0 0 0 0 0 0 0 0 0 0 0 0 0 0 0 0 0 0 0 0 0 0 0 0 0 0 0 0 0 0 0 0 0 0 0 0 0 0 0 0 0 0 0 0 0 0 0 0 0 0 0 0 0 0 0 0 0 0 0 0 0 0 0 0 0 0 0 0 0 0 0 0 0 0 0 0 0 0 0 0 0 0 0 0 0 0 0 0 0 0 0 0 0 0 0 0 0 0 0 0 0 0 0 0 0 0 0 0 0 0 0 0 0 0 0 0 0 0 0 0 0 0 0 0 0 0 0 0 0 0 0 0 0 0 0 0 0 0 0 0 0 0 0 0 0 0 0 0 0 0 0 0 0 0 0 0 0 0 0 0 0 0 0 0 0 0 0 0 0 0 0 0 0 0 0 0 0 0 0 0 0 0 0 0 0 0 0 0 0 0 0 0 0 0 0 0 0 0 0 0 0 0 0 0 0 0 0 0 0 0 0 0 0 0 0 0 0 0 0 0 0 0 0 0 0 0 0 0 0 0 0 0 0 0 0 0 0 0 0 0 0 0 0 0 0 0 0 0 0 0 0 0 0 0 0 0 0 0 0 0 0 0 0 0 0 0 0 0 0 0 0 0 0 0 0 0 0 0 0 0 0 0 0 0 0 0 0 0 0 0 0 0 0 0 0 0 0 0 0 0 0 0 0 0 0 0 0 0 0 0 0 0 0 0 0 0 0 0 0 0.014 0.208 0.256 0.208 0.014 0.792 0.256 0.208 0.256 0.792 0.014 0.792 0 0 0 0 0 0 0 0 0 0 0 0 0 0 0 0 0 0 0 0 0 0 0 0 0 0 0 0 0 0 0 0 0 0 0 0 0 0 0 0 0 0 0 0 0 0 0 0 0.256 0.208 0.5 0.208 0.256 0.792 0.5 0.208 0.5 0.792 0.256 0.792 0 0 0 0 0 0 0 0 0 0 0 0 0 0 0 0 0 0 0 0 0 0 0 0 0 0 0 0 0 0 0 0 0 0 0 0 0 0 0 0 0 0 0 0 0 0 0 0 0 0 0 0 0 0 0 0 0 0 0 0 0 0 0 0 0 0 0 0 0 0 0 0 0 0 0 0 0 0 0 0 0 0 0 0 0 0 0 0 0 0 0 0 0 0 0 0 0 0 0 0 0 0 0 0 0 0 0 0 0 0 0 0 0 0 0 0 0 0 0 0 0 0 0 0 0 0 0 0 0 0 0 0 0 0 0 0 0 0 0 0 0 0 0 0 0 0 0 0 0 0 0 0 0 0 0 0 0 0 0 0 0 0 0 0 0 0 0 0 0 0 0 0 0 0 0 0 0 0 0 0 0 0 0 0 0 0 0 0 0 0 0 0 0 0 0 0 0 0 0 0 0 0 0 0 0 0 0 0 0 0 0 0 0 0 0 0 0 0 0 0 0 0 0 0 0 0 0 0 0 0 0 0 0 0 0 0 0 0 0 0 0 0 0 0 0 0 0 0 0 0 0 0 0 0 0 0 0 0 0 0 0 0 0 0 0 0 0 0 0 0 0 0 0 0 0 0 0 0 0 0 0 0 0 0 0 0 0 0 0 0 0 0 0 0 0 0 0 0 0 0 0 0 0 0 0 0 0 0 0 0 0 0 0 0 0 0 0 0 0 0 0 0 0 0 0 0 0 0 0 0 0 0 0 0 0 0 0 0 0 0 0 0 0 0 0 0 0 0 0 0 0 0 0 0 0 0 0 0 0 0 0 0 0 0 0 0 0 0 0 0 0 0 0 0 0 0 0 0 0 0 0 0 0 0 0 0 0 0 0 0 0 0 0 0 0 0 0 0 0 0 0 0 0 0 0 0 0 0 0 0 0 0 0 0 0 0 0 0 0 0 0 0 0 0 0 0 0 0 0 0 0 0 0 0 0 0 0 0 0 0 0 0 0 0 0 0 0 0 0 0 0 0 0 0 0 0 0 0 0 0 0 0 0 0 0 0 0 0 0 0 0 0 0 0 0 0 0 0 0 0 0 0 0 0 0 0 0 0 0 0 0 0 0 0 0 0 0 0 0 0 0 0 0 0 0 0 0 0 0 0 0 0 0 0 0 0 0 0 0 0 0 0 0 0 0 0 0 0 0 0 0 0 0 0 0 0 0 0 0 0 0 0 0 0 0 0 0 0 0 0 0 0 0 0 0 0 0 0 0 0 0 0 0 0 0 0 0 0 0 0 0 0 0 0 0 0 0 0 0 0 0 0 0 0 0 0 0 0 0 0 0 0 0 0 0 0 0 0 0 0 0 0 0 0 0 0 0 0 0 0 0 0 0 0 0 0 0 0 0 0 0 0 0 0 0 0 0 0 0 0 0 0 0 0 0 0 0 0 0 0 0 0 0 0 0 0 0 0 0 0 0 0 0 0 0 0 0 0 0 0 0 0 0 0 0 0 0 0 0 0 0 0 0 0 0 0 0 0 0 0 0 0 0 0 0 0 0 0 0 0 0 0 0 0 0 0 0 0 0 0 0 0 0 0 0 0 0 0 0 0 0 0 0 0 0 0 0 0 0 0 0 0 0 0 0 0 0 0 0 0 0 0 0 0 0 0 0 0 0 0 0 0 0 0 0 0 0 0 0 0 0 0 0 0 0 0 0 0 0 0 0 0 0 0 0 0 0 0 0 0 0 0 0 0 0 0 0 0 0 0 0 0 0 0 0 0 0 0 0 0 0 0 0 0 0 0 0 0 0 0 0 0 0 0 0 0 0 0 0 0 0 0 0 0 0 0 0 0 0 0 0 0 0 0 0 0 0 0 0 0 0 0 0 0 0 0 0 0 0 0 0 0 0 0 0 0 0 0 0 0 0 0 0 0 0 0 0 0 0 0 0 0 0 0 0 0 0 0 0 0 0 0 0 0 0 0 0 0 0 0 0 0 0 0 0 0 0 0 0 0 0 0 0 0 0 0 0 0 0 0 0 0 0 0 0 0 0 0 0 0 0 0 0 0 0 0 0 0 0 0 0 0 0 0 0 0 0 0 0 0 0 0 0 0 0 0 0 0 0 0 0 0 0 0 0 0 0 0 0 0 0 0 0 0 0 0 0 0 0 0 0 0 0 0 0 0 0 0 0 0 0 0 0 0 0 0 0 0 0 0 0 0 0 0 0 0 0 0 0 0 0 0 0 0 0 0 0 0 0 0 0 0 0 0 0 0 0 0 0 0 0 0 0 0 0 0 0 0 0 0 0 0 0 0 0 0 0 0 0 0 0 0 0 0 0 0 0 0 0 0 0 0 0 0 0 0 0 0 0 0 0 0 0 0 0 0 0 0 0 0 0 0 0 0 0 0 0 0 0 0 0 0 0 0 0 0 0 0 0 0 0 0 0 0 0 0 0 0 0 0 0 0 0 0 0 0 0 0 0 0 0 0 0 0 0 0 0 0 0 0 0 0 0 0 0 0 0 0 0 0 0 0 0 0 0 0 0 0 0 0 0 0 0 0 0 0 0 0 0 0 0 0 0 0 0 0 0 0 0 0 0 0 0 0 0 0 0 0 0 0 0 0 0 0 0 0 0 0 0 0 0 0 0 0 0 0 0 0 0 0 0 0 0 0 0 0 0 0 0 0 0 0 0 0 0 0 0 0 0 0 0 0 0 0 0 0 0 0 0 0 0 0 0 0 0 0 0 0 0 0 0 0 0 0 0 0 0 0 0 0 0 0 0 0 0 0 0 0 0 0 0 0 0 0 0 0 0 0 0 0 0 0 0 0 0 0 0 0 0 0 0 0 0 0 0 0 0 0 0 0 0 0 0 0 0 0 0 0 0 0 0 0 0 0 0 0 0 0 0 0 0 0 0 0 0 0 0 0 0 0 0 0 0 0 0 0 0 0 0 0 0 0 0 0 0 0 0 0 0 0 0 0 0 0 0 0 0 0 0 0 0 0 0 0 0 0 0 0 0 0 0 0 0 0 0 0 0 0 0 0 0 0 0 0 0 0 0 0 0 0 0 0 0 0 0 0 0 0 0 0 0 0 0 0 0 0 0 0 0 0 0 0 0 0 0 0 0 0 0 0 0 0 0 0 0 0 0 0 0 0 0 0 0 0 0 0 0 0 0 0 0 0 0 0 0 0 0 0 0 0 0 0 0 0 0 0 0 0 0 0 0 0 0 0 0 0 0 0 0 0 0 0 0 0 0 0 0 0 0 0 0 0 0 0 0 0 0 0 0 0 0 0 0 0 0 0 0 0 0 0 0 0 0 0 0 0 0 0 0 0 0 0 0 0 0 0 0 0 0 0 0 0 0 0 0 0 0 0 0 0 0 0 0 0 0 0 0 0 0 0 0 0 0 0 0 0 0 0 0 0 0 0 0 0 0 0 0 0 0 0 0 0 0 0 0 0 0 0 0 0 0 0 0 0 0 0 0 0 0 0 0 0 0 0 0 0 0 0 0 0 0 0 0 0 0 0 0 0 0 0 0 0 0 0 0 0 0 0 0 0 0 0 0 0 0 0 0 0 0 0 0 0 0 0 0 0 0 0 0 0 0 0 0 0 0 0 0 0 0 0 0 0 0 0 0 0 0 0 0 0 0 0 0 0 0 0 0 0 0 0 0 0 0 0 0 0 0 0 0 0 0 0 0 0 0 0 0 0 0 0 0 0 0 0 0 0 0 0 0 0 0 0 0 0 0 0 0 0 0 0 0 0 0 0 0 0 0 0 0 0 0 0 0 0 0 0 0 0 0 0 0 0 0 0 0 0 0 0 0 0 0 0 0 0 0 0 0 0 0 0 0 0 0 0 0 0 0 0 0 0 0 0 0 0 0 0 0 0 0 0 0 0 0 0 0 0 0 0 0 0 0 0 0 0 0 0 0 0 0 0 0 0 0 0 0 0 0 0 0 0 0 0 0 0 0 0 0 0 0 0 0 0 0 0 0 0 0 0 0 0 0 0 0 0 0 0 0 0 0 0 0 0 0 0 0 0 0 0 0 0 0 0 0 0 0 0 0 0 0 0 0 0 0 0 0 0 0 0 0 0 0 0 0 0 0 0 0 0 0 0 0 0 0 0 0 0 0 0 0 0 0 0 0 0 0 0 0 0 0 0 0 0 0 0 0 0 0 0 0 0 0 0 0 0 0 0 0 0 0 0 0 0 0 0 0 0 0 0 0 0 0 0 0 0 0 0 0 0 0 0 0 0 0 0 0 0 0 0 0 0 0 0 0 0 0 0 0 0 0 0 0 0 0 0 0 0 0 0 0 0 0 0 0 0 0 0 0 0 0 0 0 0 0 0 0 0 0 0 0 0 0 0 0 0 0 0 0 0 0 0 0 0 0 0 0 0 0 0 0 0 0 0 0 0 0 0 0 0 0 0 0 0 0 0 0 0 0 0 0 0 0 0 0 0 0 0 0 0 0 0 0 0 0 0 0 0 0 0 0 0 0 0 0 0 0 0 0 0 0 0 0 0 0 0 0 0 0 0 0 0 0 0 0 0 0 0 0 0 0 0 0 0 0 0 0 0 0 0 0 0 0 0 0 0 0 0 0 0 0 0 0 0 0 0 0 0 0 0 0 0 0 0 0 0 0 0 0 0 0 0 0 0 0 0 0 0 0 0 0 0 0 0 0 0 0 0 0 0 0 0 0 0 0 0 0 0 0 0 0 0 0 0 0 0 0 0 0 0 0 0 0 0 0 0 0 0 0 0 0 0 0 0 0 0 0 0 0 0 0 0 0 0 0 0 0 0 0 0 0 0 0 0 0 0 0 0 0 0 0 0 0 0 0 0 0 0 0 0 0 0 0 0 0 0 0 0 0 0 0 0 0 0 0 0 0 0 0 0 0 0 0 0 0 0 0 0 0 0 0 0 0 0 0 0 0 0 0 0 0 0 0 0 0 0 0 0 0 0 0 0 0 0 0 0 0 0 0 0 0 0 0 0 0 0 0 0 0 0 0 0 0 0 0 0 0 0 0 0 0 0 0 0 0 0 0 0 0 0 0 0 0 0 0 0 0 0 0 0 0 0 0 0 0 0 0 0 0 0 0 0 0 0 0 0 0 0 0 0 0 0 0 0 0 0 0 0 0 0 0 0 0 0 0 0 0 0 0 0 0 0 0 0 0 0 0 0 0 0 0 0 0 0 0 0 0 0 0 0 0 0 0 0 0 0 0 0 0 0 0 0 0 0 0 0 0 0 0 0 0 0 0 0 0 0 0 0 0 0 0 0 0 0 0 0 0 0 0 0 0 0 0 0 0 0 0 0 0 0 0 0 0 0 0 0 0 0 0 0 0 0 0 0 0 0 0 0 0 0 0 0 0 0 0 0 0 0 0 0 0 0 0 0 0 0 0 0 0 0 0 0 0 0 0 0 0 0 0 0 0 0 0 0 0 0 0 0 0 0 0 0 0 0 0 0 0 0 0 0 0 0 0 0 0 0 0 0 0 0 0 0 0 0 0 0 0 0 0 0 0 0 0 0 0 0 0 0 0 0 0 0 0 0 0 0 0 0 0 0 0 0 0 0 0 0 0 0 0 0 0 0 0 0 0 0 0 0 0 0 0 0 0 0 0 0 0 0 0 0 0 0 0 0 0 0 0 0 0 0 0 0 0 0 0 0 0 0 0 0 0 0 0 0 0 0 0 0 0 0 0 0 0 0 0 0 0 0 0 0 0 0 0 0 0 0 0 0 0 0 0 0 0 0 0 0 0 0 0 0 0 0 0 0 0 0 0 0 0 0 0 0 0 0 0 0 0 0 0 0 0 0 0 0 0 0 0 0 0 0 0 0 0 0 0 0 0 0 0 0 0 0 0 0 0 0 0 0 0 0 0 0 0 0 0 0 0 0 0 0 0 0 0 0 0 0 0 0 0 0 0 0 0 0 0 0 0 0 0 0 0 0 0 0 0 0 0 0 0 0 0 0 0 0 0 0 0 0 0 0 0 0 0 0 0 0 0 0 0 0 0 0 0 0 0 0 0 0 0 0 0 0 0 0 0 0 0 0 0 0 0 0 0 0 0 0 0 0 0 0 0 0 0 0 0 0 0 0 0 0 0 0 0 0 0 0 0 0 0 0 0 0 0 0 0 0 0 0 0 0 0 0 0 0 0 0 0 0 0 0 0 0 0 0 0 0 0 0 0 0 0 0 0 0 0 0 0 0 0 0 0 0 0 0 0 0 0 0 0 0 0 0 0 0 0 0 0 0 0 0 0 0 0 0 0 0 0 0 0 0 0 0 0 0 0 0 0 0 0 0 0 0 0 0 0 0 0 0 0 0 0 0 0 0 0 0 0 0 0 0 0 0 0 0 0 0 0 0 0 0 0 0 0 0 0 0 0 0 0 0 0 0 0 0 0 0 0 0 0 0 0 0 0 0 0 0 0 0 0 0 0 0 0 0 0 0 0 0 0 0 0 0 0 0 0 0 0 0 0 0 0 0 0 0 0 0 0 0 0 0 0 0 0 0 0 0 0 0 0 0 0 0 0 0 0 0 0 0 0 0 0 0 0 0 0 0 0 0 0 0 0 0 0 0 0 0 0 0 0 0 0 0 0 0 0 0 0 0 0 0 0 0 0 0 0 0 0 0 0 0 0 0 0 0 0 0 0 0 0 0 0 0 0 0 0 0 0 0 0 0 0 0 0 0 0 0 0 0 0 0 0 0 0 0 0 0 0 0 0 0 0 0 0 0 0 0 0 0 0 0 0 0 0 0 0 0 0 0 0 0 0 0 0 0 0 0 0 0 0 0 0 0 0 0 0 0 0 0 0 0 0 0 0 0 0 0 0 0 0 0 0 0 0 0 0 0 0 0 0 0 0 0 0 0 0 0 0 0 0 0 0 0 0 0 0 0 0 0 0 0 0 0 0 0 0 0 0 0 0 0 0 0 0 0 0 0 0 0 0 0 0 0 0 0 0 0 0 0 0 0 0 0 0 0 0 0 0 0 0 0 0 0 0 0 0 0 0 0 0 0 0 0 0 0 0 0 0 0 0 0 0 0 0 0 0 0 0 0 0 0 0 0 0 0 0 0 0 0 0 0 0 0 0 0 0 0 0 0 0 0 0 0 0 0 0 0 0 0 0 0 0 0 0 0 0 0 0 0 0 0 0 0 0 0 0 0 0 0 0 0 0 0 0 0 0 0 0 0 0 0 0 0 0 0 0 0 0 0 0 0 0 0 0 0 0 0 0 0 0 0 0 0 0 0 0 0 0 0 0 0 0 0 0 0 0 0 0 0 0 0 0 0 0 0 0 0 0 0 0 0 0 0 0 0 0 0 0 0 0 0 0 0 0 0 0 0 0 0 0 0 0 0 0 0 0 0 0 0 0 0 0 0 0 0 0 0 0 0 0 0 0 0 0 0 0 0 0 0 0 0 0 0 0 0 0 0 0 0 0 0 0 0 0 0 0 0 0 0 0 0 0 0 0 0 0 0 0 0 0 0 0 0 0 0 0 0 0 0 0 0 0 0 0 0 0 0 0 0 0 0 0 0 0 0 0 0 0 0 0 0 0 0 0 0 0 0 0 0 0 0 0 0 0 0 0 0 0 0 0 0 0 0 0 0 0 0 0 0 0 0 0 0 0 0 0 0 0 0 0 0 0 0 0 0 0 0 0 0 0 0 0 0 0 0 0 0 0 0 0 0 0 0 0 0 0 0 0 0 0 0 0 0 0 0 0 0 0 0 0 0 0 0 0 0 0 0 0 0 0 0 0 0 0 0 0 0 0 0 0 0 0 0 0 0 0 0 0 0 0 0 0 0 0 0 0 0 0 0 0 0 0 0 0 0 0 0 0 0 0 0 0 0 0 0 0 0 0 0 0 0 0 0 0 0 0 0 0 0 0 0 0 0 0 0 0 0 0 0 0 0 0 0 0 0 0 0 0 0 0 0 0 0 0 0 0 0 0 0 0 0 0 0 0 0 0 0 0 0 0 0 0 0 0 0 0 0 0 0 0 0 0 0 0 0 0 0 0 0 0 0 0 0 0 0 0 0 0 0 0 0 0 0 0 0 0 0 0 0 0 0 0 0 0 0 0 0 0 0 0 0 0 0 0 0 0 0 0 0 0 0 0 0 0 0 0 0 0 0 0 0 0 0 0 0 0 0 0 0 0 0 0 0 0 0 0 0 0 0 0 0 0 0 0 0 0 0 0 0 0 0 0 0 0 0 0 0 0 0 0 0 0 0 0 0 0 0 0 0 0 0 0 0 0 0 0 0 0 0 0 0 0 0 0 0 0 0 0 0 0 0 0 0 0 0 0 0 0 0 0 0 0 0 0 0 0 0 0 0 0 0 0 0 0 0 0 0 0 0 0 0 0 0 0 0 0 0 0 0 0 0 0 0 0 0 0 0 0 0 0 0 0 0 0 0 0 0 0 0 0 0 0 0 0 0 0 0 0 0 0 0 0 0 0 0 0 0 0 0 0 0 0 0 0 0 0 0 0 0 0 0 0 0 0 0 0 0 0 0 0 0 0 0 0 0 0 0 0 0 0 0 0 0 0 0 0 0 0 0 0 0 0 0 0 0 0 0 0 0 0 0 0 0 0 0 0 0 0 0 0 0 0 0 0 0 0 0 0 0 0 0 0 0 0 0 0 0 0 0 0 0 0 0 0 0 0 0 0 0 0 0 0 0 0 0 0 0 0 0 0 0 0 0 0 0 0 0 0 0 0 0 0 0 0 0 0 0 0 0 0 0 0 0 0 0 0 0 0 0 0 0 0 0 0 0 0 0 0 0 0 0 0 0 0 0 0 0 0 0 0 0 0 0 0 0 0 0 0 0 0 0 0 0 0 0 0 0 0 0 0 0 0 0 0 0 0 0 0 0 0 0 0 0 0 0 0 0 0 0 0 0 0 0 0 0 0 0 0 0 0 0 0 0 0 0 0 0 0 0 0 0 0 0 0 0 0 0 0 0 0 0 0 0 0 0 0 0 0 0 0 0 0 0 0 0 0 0 0 0 0 0 0 0 0 0 0 0 0 0 0 0 0 0 0 0 0 0 0 0 0 0 0 0 0 0 0 0 0 0 0 0 0 0 0 0 0 0 0 0 0 0 0 0 0 0 0 0 0 0 0 0 0 0 0 0 0 0 0 0 0 0 0 0 0 0 0 0 0 0 0 0 0 0 0 0 0 0 0 0 0 0 0 0 0 0 0 0 0 0 0 0 0 0 0 0 0 0 0 0 0 0 0 0 0 0 0 0 0 0 0 0 0 0 0 0 0 0 0 0 0 0 0 0 0 0 0 0 0 0 0 0 0 0 0 0 0 0 0 0 0 0 0 0 0 0 0 0 0 0 0 0 0 0 0 0 0 0 0 0 0 0 0 0 0 0 0 0 0 0 0 0 0 0 0 0 0 0 0 0 0 0 0 0 0 0 0 0 0 0 0 0 0 0 0 0 0 0 0 0 0 0 0 0 0 0 0 0 0 0 0 0 0 0 0 0 0 0 0 0 0 0 0 0 0 0 0 0 0 0 0 0 0 0 0 0 0 0 0 0 0 0 0 0 0 0 0 0 0 0 0 0 0 0 0 0 0 0 0 0 0 0 0 0 0 0 0 0 0 0 0 0 0 0 0 0 0 0 0 0 0 0 0 0 0 0 0 0 0 0 0 0 0 0 0 0 0 0 0 0 0 0 0 0 0 0 0 0 0 0 0 0 0 0 0 0 0 0 0 0 0 0 0 0 0 0 0 0 0 0 0 0 0 0 0 0 0 0 0 0 0 0 0 0 0 0 0 0 0 0 0 0 0 0 0 0 0 0 0 0 0 0 0 0 0 0 0 0 0 0 0 0 0 0 0 0 0 0 0 0 0 0 0 0 0 0 0 0 0 0 0 0 0 0 0 0 0 0 0 0 0 0 0 0 0 0 0 0 0 0 0 0 0 0 0 0 0 0 0 0 0 0 0 0 0 0 0 0 0 0 0 0 0 0 0 0 0 0 0 0 0 0 0 0 0 0 0 0 0 0 0 0 0 0 0 0 0 0 0 0 0 0 0 0 0 0 0 0 0 0 0 0 0 0 0 0 0 0 0 0 0 0 0 0 0 0 0 0 0 0 0 0 0 0 0 0 0 0 0 0 0 0 0 0 0 0 0 0 0 0 0 0 0 0 0 0 0 0 0 0 0 0 0 0 0 0 0 0 0 0 0 0 0 0 0 0 0 0 0 0 0 0 0 0 0 0 0 0 0 0 0 0 0 0 0 0 0 0 0 0 0 0 0 0 0 0 0 0 0 0 0 0 0 0 0 0 0 0 0 0 0 0 0 0 0 0 0 0 0 0 0 0 0 0 0 0 0 0 0 0 0 0 0 0 0 0 0 0 0 0 0 0 0 0 0 0 0 0 0 0 0 0 0 0 0 0 0 0 0 0 0 0 0 0 0 0 0 0 0 0 0 0 0 0 0 0 0 0 0 0 0 0 0 0 0 0 0 0 0 0 0 0 0 0 0 0 0 0 0 0 0 0 0 0 0 0 0 0 0 0 0 0 0 0 0 0 0 0 0 0 0 0 0 0 0 0 0 0 0 0 0 0 0 0 0 0 0 0 0 0 0 0 0 0 0 0 0 0 0 0 0 0 0 0 0 0 0 0 0 0 0 0 0 0 0 0 0 0 0 0 0 0 0 0 0 0 0 0 0 0 0 0 0 0 0 0 0 0 0 0 0 0 0 0 0 0 0 0 0 0 0 0 0 0 0 0 0 0 0 0 0 0 0 0 0 0 0 0 0 0 0 0 0 0 0 0 0 0 0 0 0 0 0 0 0 0 0 0 0 0 0 0 0 0 0 0 0 0 0 0 0 0 0 0 0 0 0 0 0 0 0 0 0 0 0 0 0 0 0 0 0 0 0 0 0 0 0 0 0 0 0 0 0 0 0 0 0 0 0 0 0 0 0 0 0 0 0 0 0 0 0 0 0 0 0 0 0 0 0 0 0 0 0 0 0 0 0 0 0 0 0 0 0 0 0 0 0 0 0 0 0 0 0 0 0 0 0 0 0 0 0 0 0 0 0 0 0 0 0 0 0 0 0 0 0 0 0 0 0 0 0 0 0 0 0 0 0 0 0 0 0 0 0 0 0 0 0 0 0 0 0 0 0 0 0 0 0 0 0 0 0 0 0 0 0 0 0 0 0 0 0 0 0 0 0 0 0 0 0 0 0 0 0 0 0 0 0 0 0 0 0 0 0 0 0 0 0 0 0 0 0 0 0 0 0 0 0 0 0 0 0 0 0 0 0 0 0 0 0 0 0 0 0 0 0 0 0 0 0 0 0 0 0 0 0 0 0 0 0 0 0 0 0 0 0 0 0 0 0 0 0 0 0 0 0 0 0 0 0 0 0 0 0 0 0 0 0 0 0 0 0 0 0 0 0 0 0 0 0 0 0 0 0 0 0 0 0 0 0 0 0 0 0 0 0 0 0 0 0 0 0 0 0 0 0 0 0 0 0 0 0 0 0 0 0 0 0 0 0 0 0 0 0 0 0 0 0 0 0 0 0 0 0 0 0 0 0 0 0 0 0 0 0 0 0 0 0 0 0 0 0 0 0 0 0 0 0 0 0 0 0 0 0 0 0 0 0 0 0 0 0 0 0 0 0 0 0 0 0 0 0 0 0 0 0 0 0 0 0 0 0 0 0 0 0 0 0 0 0 0 0 0 0 0 0 0 0 0 0 0 0 0 0 0 0 0 0 0 0 0 0 0 0 0 0 0 0 0 0 0 0 0 0 0 0 0 0 0 0 0 0 0 0 0 0 0 0 0 0 0 0 0 0 0 0 0 0 0 0 0 0 0 0 0 0 0 0 0 0 0 0 0 0 0 0 0 0 0 0 0 0 0 0 0 0 0 0 0 0 0 0 0 0 0 0 0 0 0 0 0 0 0 0 0 0 0 0 0 0 0 0 0 0 0 0 0 0 0 0 0 0 0 0 0 0 0 0 0 0 0 0 0 0 0 0 0 0 0 0 0 0 0 0 0 0 0 0 0 0 0 0 0 0 0 0 0 0 0 0 0 0 0 0 0 0 0 0 0 0 0 0 0 0 0 0 0 0 0 0 0 0 0 0 0 0 0 0 0 0 0 0 0 0 0 0 0 0 0 0 0 0 0 0 0 0 0 0 0 0 0 0 0 0 0 0 0 0 0 0 0 0 0 0 0 0 0 0 0 0 0 0 0 0 0 0 0 0 0 0 0 0 0 0 0 0 0 0 0 0 0 0 0 0 0 0 0 0 0 0 0 0 0 0 0 0 0 0 0 0 0 0 0 0 0 0 0 0 0 0 0 0 0 0 0 0 0 0 0 0 0 0 0 0 0 0 0 0 0 0 0 0 0 0 0 0 0 0 0 0 0 0 0 0 0 0 0 0 0 0 0 0 0 0 0 0 0 0 0</float_array>
					<technique_common>
						<accessor source="#3003|MB|42-mesh-map-3-array" count="3144" stride="2">
							<param name="S" type="float"/>
							<param name="T" type="float"/>
						</accessor>
					</technique_common>
				</source>
				<vertices id="3003|MB|42-mesh-vertices">
					<input semantic="POSITION" source="#3003|MB|42-mesh-positions"/>
				</vertices>
				<triangles material="MB|42-material" count="1048">
					<input semantic="VERTEX" source="#3003|MB|42-mesh-vertices" offset="0"/>
					<input semantic="NORMAL" source="#3003|MB|42-mesh-normals" offset="1"/>
					<input semantic="TEXCOORD" source="#3003|MB|42-mesh-map-0" offset="2" set="0"/>
					<input semantic="TEXCOORD" source="#3003|MB|42-mesh-map-1" offset="2" set="1"/>
					<input semantic="TEXCOORD" source="#3003|MB|42-mesh-map-2" offset="2" set="2"/>
					<input semantic="TEXCOORD" source="#3003|MB|42-mesh-map-3" offset="2" set="3"/>
					<p>134 134 0 27 27 1 184 184 2 27 27 3 240 240 4 184 184 5 130 130 6 237 237 7 194 194 8 237 237 9 196 196 10 194 194 11 222 222 12 199 199 13 195 195 14 199 199 15 200 200 16 195 195 17 25 25 18 223 223 19 201 201 20 223 223 21 202 202 22 201 201 23 205 205 24 206 206 25 209 209 26 206 206 27 210 210 28 209 209 29 205 205 30 209 209 31 204 204 32 209 209 33 83 83 34 204 204 35 207 207 36 211 211 37 206 206 38 211 211 39 210 210 40 206 206 41 208 208 42 212 212 43 207 207 44 212 212 45 211 211 46 207 207 47 129 129 48 126 126 49 15 15 50 126 126 51 4 4 52 15 15 53 15 15 54 4 4 55 14 14 56 4 4 57 5 5 58 14 14 59 14 14 60 5 5 61 13 13 62 5 5 63 6 6 64 13 13 65 239 239 66 13 13 67 85 85 68 13 13 69 6 6 70 85 85 71 12 12 72 7 7 73 128 128 74 7 7 75 127 127 76 128 128 77 11 11 78 8 8 79 12 12 80 8 8 81 7 7 82 12 12 83 10 10 84 9 9 85 11 11 86 9 9 87 8 8 88 11 11 89 49 49 90 81 81 91 10 10 92 81 81 93 9 9 94 10 10 95 215 215 96 218 218 97 213 213 98 218 218 99 217 217 100 213 213 101 216 216 102 219 219 103 19 19 104 219 219 105 20 20 106 19 19 107 16 16 108 23 23 109 214 214 110 23 23 111 220 220 112 214 214 113 17 17 114 22 22 115 18 18 116 22 22 117 21 21 118 18 18 119 132 132 120 224 224 121 200 200 122 224 224 123 195 195 124 200 200 125 0 0 126 197 197 127 26 26 128 197 197 129 198 198 130 26 26 131 2 2 132 203 203 133 226 226 134 203 203 135 225 225 136 226 226 137 221 221 138 84 84 139 25 25 140 84 84 141 223 223 142 25 25 143 227 227 144 69 69 145 222 222 146 69 69 147 199 199 148 222 222 149 238 238 150 24 24 151 183 183 152 24 24 153 125 125 154 183 183 155 26 26 156 198 198 157 68 68 158 198 198 159 82 82 160 68 68 161 229 229 162 228 228 163 236 236 164 228 228 165 29 29 166 236 236 167 235 235 168 36 36 169 230 230 170 36 36 171 28 28 172 230 230 173 234 234 174 30 30 175 232 232 176 30 30 177 31 31 178 232 232 179 38 38 180 37 37 181 34 34 182 37 37 183 35 35 184 34 34 185 33 33 186 233 233 187 38 38 188 233 233 189 37 37 190 38 38 191 32 32 192 231 231 193 235 235 194 231 231 195 36 36 196 235 235 197 24 24 198 1 1 199 125 125 200 1 1 201 131 131 202 125 125 203 133 133 204 3 3 205 134 134 206 3 3 207 27 27 208 134 134 209 193 193 210 184 184 211 67 67 212 184 184 213 240 240 214 67 67 215 189 189 216 241 241 217 281 281 218 241 241 219 243 243 220 281 281 221 267 267 222 242 242 223 246 246 224 242 242 225 247 247 226 246 246 227 65 65 228 248 248 229 268 268 230 248 248 231 249 249 232 268 268 233 251 251 234 255 255 235 252 252 236 255 255 237 256 256 238 252 252 239 251 251 240 204 204 241 255 255 242 204 204 243 83 83 244 255 255 245 253 253 246 252 252 247 257 257 248 252 252 249 256 256 250 257 257 251 254 254 252 253 253 253 258 258 254 253 253 255 257 257 256 258 258 257 188 188 258 55 55 259 185 185 260 55 55 261 43 43 262 185 185 263 55 55 264 54 54 265 43 43 266 54 54 267 44 44 268 43 43 269 54 54 270 53 53 271 44 44 272 53 53 273 45 45 274 44 44 275 239 239 276 85 85 277 53 53 278 85 85 279 45 45 280 53 53 281 52 52 282 187 187 283 46 46 284 187 187 285 186 186 286 46 46 287 51 51 288 52 52 289 47 47 290 52 52 291 46 46 292 47 47 293 50 50 294 51 51 295 48 48 296 51 51 297 47 47 298 48 48 299 49 49 300 50 50 301 81 81 302 50 50 303 48 48 304 81 81 305 261 261 306 259 259 307 264 264 308 259 259 309 263 263 310 264 264 311 262 262 312 59 59 313 265 265 314 59 59 315 60 60 316 265 265 317 56 56 318 260 260 319 63 63 320 260 260 321 266 266 322 63 63 323 57 57 324 58 58 325 62 62 326 58 58 327 61 61 328 62 62 329 191 191 330 247 247 331 269 269 332 247 247 333 242 242 334 269 269 335 39 39 336 66 66 337 244 244 338 66 66 339 245 245 340 244 244 341 41 41 342 271 271 343 250 250 344 271 271 345 270 270 346 250 250 347 221 221 348 65 65 349 84 84 350 65 65 351 268 268 352 84 84 353 227 227 354 267 267 355 69 69 356 267 267 357 246 246 358 69 69 359 238 238 360 183 183 361 64 64 362 183 183 363 182 182 364 64 64 365 66 66 366 68 68 367 245 245 368 68 68 369 82 82 370 245 245 371 273 273 372 280 280 373 272 272 374 280 280 375 71 71 376 272 272 377 279 279 378 274 274 379 78 78 380 274 274 381 70 70 382 78 78 383 278 278 384 276 276 385 72 72 386 276 276 387 73 73 388 72 72 389 80 80 390 76 76 391 79 79 392 76 76 393 77 77 394 79 79 395 75 75 396 80 80 397 277 277 398 80 80 399 79 79 400 277 277 401 74 74 402 279 279 403 275 275 404 279 279 405 78 78 406 275 275 407 64 64 408 182 182 409 40 40 410 182 182 411 190 190 412 40 40 413 192 192 414 193 193 415 42 42 416 193 193 417 67 67 418 42 42 419 134 134 420 184 184 421 113 113 422 184 184 423 322 322 424 113 113 425 130 130 426 282 282 427 237 237 428 282 282 429 284 284 430 237 237 431 308 308 432 283 283 433 287 287 434 283 283 435 288 288 436 287 287 437 111 111 438 289 289 439 309 309 440 289 289 441 290 290 442 309 309 443 293 293 444 296 296 445 294 294 446 296 296 447 297 297 448 294 294 449 293 293 450 292 292 451 296 296 452 292 292 453 179 179 454 296 296 455 295 295 456 294 294 457 298 298 458 294 294 459 297 297 460 298 298 461 208 208 462 295 295 463 212 212 464 295 295 465 298 298 466 212 212 467 129 129 468 101 101 469 126 126 470 101 101 471 90 90 472 126 126 473 101 101 474 100 100 475 90 90 476 100 100 477 91 91 478 90 90 479 100 100 480 99 99 481 91 91 482 99 99 483 92 92 484 91 91 485 321 321 486 181 181 487 99 99 488 181 181 489 92 92 490 99 99 491 98 98 492 128 128 493 93 93 494 128 128 495 127 127 496 93 93 497 97 97 498 98 98 499 94 94 500 98 98 501 93 93 502 94 94 503 96 96 504 97 97 505 95 95 506 97 97 507 94 94 508 95 95 509 145 145 510 96 96 511 177 177 512 96 96 513 95 95 514 177 177 515 301 301 516 299 299 517 304 304 518 299 299 519 303 303 520 304 304 521 302 302 522 105 105 523 305 305 524 105 105 525 106 106 526 305 305 527 102 102 528 300 300 529 109 109 530 300 300 531 306 306 532 109 109 533 103 103 534 104 104 535 108 108 536 104 104 537 107 107 538 108 108 539 132 132 540 288 288 541 224 224 542 288 288 543 283 283 544 224 224 545 86 86 546 112 112 547 285 285 548 112 112 549 286 286 550 285 285 551 88 88 552 226 226 553 291 291 554 226 226 555 225 225 556 291 291 557 307 307 558 111 111 559 180 180 560 111 111 561 309 309 562 180 180 563 310 310 564 308 308 565 165 165 566 308 308 567 287 287 568 165 165 569 320 320 570 183 183 571 110 110 572 183 183 573 125 125 574 110 110 575 112 112 576 164 164 577 286 286 578 164 164 579 178 178 580 286 286 581 312 312 582 319 319 583 311 311 584 319 319 585 115 115 586 311 311 587 318 318 588 313 313 589 122 122 590 313 313 591 114 114 592 122 122 593 317 317 594 315 315 595 116 116 596 315 315 597 117 117 598 116 116 599 124 124 600 120 120 601 123 123 602 120 120 603 121 121 604 123 123 605 119 119 606 124 124 607 316 316 608 124 124 609 123 123 610 316 316 611 118 118 612 318 318 613 314 314 614 318 318 615 122 122 616 314 314 617 110 110 618 125 125 619 87 87 620 125 125 621 131 131 622 87 87 623 133 133 624 134 134 625 89 89 626 134 134 627 113 113 628 89 89 629 193 193 630 163 163 631 184 184 632 163 163 633 322 322 634 184 184 635 189 189 636 281 281 637 323 323 638 281 281 639 325 325 640 323 323 641 347 347 642 328 328 643 324 324 644 328 328 645 329 329 646 324 324 647 161 161 648 348 348 649 330 330 650 348 348 651 331 331 652 330 330 653 333 333 654 334 334 655 336 336 656 334 334 657 337 337 658 336 336 659 333 333 660 336 336 661 292 292 662 336 336 663 179 179 664 292 292 665 335 335 666 338 338 667 334 334 668 338 338 669 337 337 670 334 334 671 254 254 672 258 258 673 335 335 674 258 258 675 338 338 676 335 335 677 188 188 678 185 185 679 151 151 680 185 185 681 139 139 682 151 151 683 151 151 684 139 139 685 150 150 686 139 139 687 140 140 688 150 150 689 150 150 690 140 140 691 149 149 692 140 140 693 141 141 694 149 149 695 321 321 696 149 149 697 181 181 698 149 149 699 141 141 700 181 181 701 148 148 702 142 142 703 187 187 704 142 142 705 186 186 706 187 187 707 147 147 708 143 143 709 148 148 710 143 143 711 142 142 712 148 148 713 146 146 714 144 144 715 147 147 716 144 144 717 143 143 718 147 147 719 145 145 720 177 177 721 146 146 722 177 177 723 144 144 724 146 146 725 341 341 726 344 344 727 339 339 728 344 344 729 343 343 730 339 339 731 342 342 732 345 345 733 155 155 734 345 345 735 156 156 736 155 155 737 152 152 738 159 159 739 340 340 740 159 159 741 346 346 742 340 340 743 153 153 744 158 158 745 154 154 746 158 158 747 157 157 748 154 154 749 191 191 750 269 269 751 329 329 752 269 269 753 324 324 754 329 329 755 135 135 756 326 326 757 162 162 758 326 326 759 327 327 760 162 162 761 137 137 762 332 332 763 271 271 764 332 332 765 270 270 766 271 271 767 307 307 768 180 180 769 161 161 770 180 180 771 348 348 772 161 161 773 310 310 774 165 165 775 347 347 776 165 165 777 328 328 778 347 347 779 320 320 780 160 160 781 183 183 782 160 160 783 182 182 784 183 183 785 162 162 786 327 327 787 164 164 788 327 327 789 178 178 790 164 164 791 350 350 792 349 349 793 357 357 794 349 349 795 167 167 796 357 357 797 356 356 798 174 174 799 351 351 800 174 174 801 166 166 802 351 351 803 355 355 804 168 168 805 353 353 806 168 168 807 169 169 808 353 353 809 176 176 810 175 175 811 172 172 812 175 175 813 173 173 814 172 172 815 171 171 816 354 354 817 176 176 818 354 354 819 175 175 820 176 176 821 170 170 822 352 352 823 356 356 824 352 352 825 174 174 826 356 356 827 160 160 828 136 136 829 182 182 830 136 136 831 190 190 832 182 182 833 192 192 834 138 138 835 193 193 836 138 138 837 163 163 838 193 193 839 365 365 840 408 408 841 367 367 842 408 408 843 407 407 844 367 367 845 394 394 846 398 398 847 425 425 848 398 398 849 422 422 850 425 425 851 413 413 852 392 392 853 412 412 854 392 392 855 389 389 856 412 412 857 409 409 858 412 412 859 380 380 860 412 412 861 382 382 862 380 380 863 397 397 864 395 395 865 401 401 866 395 395 867 414 414 868 401 401 869 404 404 870 411 411 871 359 359 872 411 411 873 408 408 874 359 359 875 412 412 876 389 389 877 382 382 878 389 389 879 386 386 880 382 382 881 371 371 882 406 406 883 374 374 884 406 406 885 377 377 886 374 374 887 401 401 888 414 414 889 404 404 890 414 414 891 411 411 892 404 404 893 414 414 894 395 395 895 413 413 896 395 395 897 392 392 898 413 413 899 359 359 900 408 408 901 361 361 902 408 408 903 365 365 904 361 361 905 367 367 906 407 407 907 371 371 908 407 407 909 406 406 910 371 371 911 406 406 912 409 409 913 377 377 914 409 409 915 380 380 916 377 377 917 362 362 918 363 363 919 364 364 920 363 363 921 366 366 922 364 364 923 363 363 924 361 361 925 366 366 926 361 361 927 365 365 928 366 366 929 368 368 930 369 369 931 370 370 932 369 369 933 372 372 934 370 370 935 369 369 936 367 367 937 372 372 938 367 367 939 371 371 940 372 372 941 383 383 942 384 384 943 385 385 944 384 384 945 387 387 946 385 385 947 384 384 948 382 382 949 387 387 950 382 382 951 386 386 952 387 387 953 370 370 954 372 372 955 373 373 956 372 372 957 375 375 958 373 373 959 372 372 960 371 371 961 375 375 962 371 371 963 374 374 964 375 375 965 373 373 966 375 375 967 376 376 968 375 375 969 378 378 970 376 376 971 375 375 972 374 374 973 378 378 974 374 374 975 377 377 976 378 378 977 385 385 978 387 387 979 388 388 980 387 387 981 390 390 982 388 388 983 387 387 984 386 386 985 390 390 986 386 386 987 389 389 988 390 390 989 388 388 990 390 390 991 391 391 992 390 390 993 393 393 994 391 391 995 390 390 996 389 389 997 393 393 998 389 389 999 392 392 1000 393 393 1001 398 398 1002 399 399 1003 400 400 1004 399 399 1005 402 402 1006 400 400 1007 399 399 1008 397 397 1009 402 402 1010 397 397 1011 401 401 1012 402 402 1013 376 376 1014 378 378 1015 379 379 1016 378 378 1017 381 381 1018 379 379 1019 378 378 1020 377 377 1021 381 381 1022 377 377 1023 380 380 1024 381 381 1025 379 379 1026 381 381 1027 383 383 1028 381 381 1029 384 384 1030 383 383 1031 381 381 1032 380 380 1033 384 384 1034 380 380 1035 382 382 1036 384 384 1037 391 391 1038 393 393 1039 394 394 1040 393 393 1041 396 396 1042 394 394 1043 393 393 1044 392 392 1045 396 396 1046 392 392 1047 395 395 1048 396 396 1049 394 394 1050 396 396 1051 398 398 1052 396 396 1053 399 399 1054 398 398 1055 396 396 1056 395 395 1057 399 399 1058 395 395 1059 397 397 1060 399 399 1061 400 400 1062 402 402 1063 403 403 1064 402 402 1065 405 405 1066 403 403 1067 402 402 1068 401 401 1069 405 405 1070 401 401 1071 404 404 1072 405 405 1073 364 364 1074 366 366 1075 368 368 1076 366 366 1077 369 369 1078 368 368 1079 366 366 1080 365 365 1081 369 369 1082 365 365 1083 367 367 1084 369 369 1085 403 403 1086 405 405 1087 358 358 1088 405 405 1089 360 360 1090 358 358 1091 405 405 1092 404 404 1093 360 360 1094 404 404 1095 359 359 1096 360 360 1097 358 358 1098 360 360 1099 362 362 1100 360 360 1101 363 363 1102 362 362 1103 360 360 1104 359 359 1105 363 363 1106 359 359 1107 361 361 1108 363 363 1109 407 407 1110 410 410 1111 406 406 1112 410 410 1113 409 409 1114 406 406 1115 410 410 1116 413 413 1117 409 409 1118 413 413 1119 412 412 1120 409 409 1121 408 408 1122 411 411 1123 407 407 1124 411 411 1125 410 410 1126 407 407 1127 411 411 1128 414 414 1129 410 410 1130 414 414 1131 413 413 1132 410 410 1133 419 419 1134 415 415 1135 420 420 1136 415 415 1137 417 417 1138 420 420 1139 420 420 1140 417 417 1141 418 418 1142 417 417 1143 416 416 1144 418 418 1145 422 422 1146 419 419 1147 423 423 1148 419 419 1149 420 420 1150 423 423 1151 423 423 1152 420 420 1153 421 421 1154 420 420 1155 418 418 1156 421 421 1157 425 425 1158 422 422 1159 426 426 1160 422 422 1161 423 423 1162 426 426 1163 426 426 1164 423 423 1165 424 424 1166 423 423 1167 421 421 1168 424 424 1169 428 428 1170 425 425 1171 429 429 1172 425 425 1173 426 426 1174 429 429 1175 429 429 1176 426 426 1177 427 427 1178 426 426 1179 424 424 1180 427 427 1181 431 431 1182 428 428 1183 432 432 1184 428 428 1185 429 429 1186 432 432 1187 432 432 1188 429 429 1189 430 430 1190 429 429 1191 427 427 1192 430 430 1193 434 434 1194 431 431 1195 435 435 1196 431 431 1197 432 432 1198 435 435 1199 435 435 1200 432 432 1201 433 433 1202 432 432 1203 430 430 1204 433 433 1205 437 437 1206 434 434 1207 438 438 1208 434 434 1209 435 435 1210 438 438 1211 438 438 1212 435 435 1213 436 436 1214 435 435 1215 433 433 1216 436 436 1217 440 440 1218 437 437 1219 441 441 1220 437 437 1221 438 438 1222 441 441 1223 441 441 1224 438 438 1225 439 439 1226 438 438 1227 436 436 1228 439 439 1229 443 443 1230 440 440 1231 444 444 1232 440 440 1233 441 441 1234 444 444 1235 444 444 1236 441 441 1237 442 442 1238 441 441 1239 439 439 1240 442 442 1241 446 446 1242 443 443 1243 447 447 1244 443 443 1245 444 444 1246 447 447 1247 447 447 1248 444 444 1249 445 445 1250 444 444 1251 442 442 1252 445 445 1253 449 449 1254 446 446 1255 450 450 1256 446 446 1257 447 447 1258 450 450 1259 450 450 1260 447 447 1261 448 448 1262 447 447 1263 445 445 1264 448 448 1265 452 452 1266 449 449 1267 453 453 1268 449 449 1269 450 450 1270 453 453 1271 453 453 1272 450 450 1273 451 451 1274 450 450 1275 448 448 1276 451 451 1277 455 455 1278 452 452 1279 456 456 1280 452 452 1281 453 453 1282 456 456 1283 456 456 1284 453 453 1285 454 454 1286 453 453 1287 451 451 1288 454 454 1289 458 458 1290 455 455 1291 459 459 1292 455 455 1293 456 456 1294 459 459 1295 459 459 1296 456 456 1297 457 457 1298 456 456 1299 454 454 1300 457 457 1301 461 461 1302 458 458 1303 462 462 1304 458 458 1305 459 459 1306 462 462 1307 462 462 1308 459 459 1309 460 460 1310 459 459 1311 457 457 1312 460 460 1313 415 415 1314 461 461 1315 417 417 1316 461 461 1317 462 462 1318 417 417 1319 417 417 1320 462 462 1321 416 416 1322 462 462 1323 460 460 1324 416 416 1325 373 373 1326 376 376 1327 446 446 1328 376 376 1329 443 443 1330 446 446 1331 398 398 1332 400 400 1333 422 422 1334 400 400 1335 419 419 1336 422 422 1337 376 376 1338 379 379 1339 443 443 1340 379 379 1341 440 440 1342 443 443 1343 415 415 1344 403 403 1345 461 461 1346 403 403 1347 358 358 1348 461 461 1349 400 400 1350 403 403 1351 419 419 1352 403 403 1353 415 415 1354 419 419 1355 379 379 1356 383 383 1357 440 440 1358 383 383 1359 437 437 1360 440 440 1361 461 461 1362 358 358 1363 458 458 1364 358 358 1365 362 362 1366 458 458 1367 383 383 1368 385 385 1369 437 437 1370 385 385 1371 434 434 1372 437 437 1373 362 362 1374 364 364 1375 458 458 1376 364 364 1377 455 455 1378 458 458 1379 385 385 1380 388 388 1381 434 434 1382 388 388 1383 431 431 1384 434 434 1385 364 364 1386 368 368 1387 455 455 1388 368 368 1389 452 452 1390 455 455 1391 388 388 1392 391 391 1393 431 431 1394 391 391 1395 428 428 1396 431 431 1397 368 368 1398 370 370 1399 452 452 1400 370 370 1401 449 449 1402 452 452 1403 391 391 1404 394 394 1405 428 428 1406 394 394 1407 425 425 1408 428 428 1409 370 370 1410 373 373 1411 449 449 1412 373 373 1413 446 446 1414 449 449 1415 470 470 1416 513 513 1417 472 472 1418 513 513 1419 512 512 1420 472 472 1421 499 499 1422 503 503 1423 530 530 1424 503 503 1425 527 527 1426 530 530 1427 518 518 1428 497 497 1429 517 517 1430 497 497 1431 494 494 1432 517 517 1433 514 514 1434 517 517 1435 485 485 1436 517 517 1437 487 487 1438 485 485 1439 502 502 1440 500 500 1441 506 506 1442 500 500 1443 519 519 1444 506 506 1445 509 509 1446 516 516 1447 464 464 1448 516 516 1449 513 513 1450 464 464 1451 517 517 1452 494 494 1453 487 487 1454 494 494 1455 491 491 1456 487 487 1457 476 476 1458 511 511 1459 479 479 1460 511 511 1461 482 482 1462 479 479 1463 506 506 1464 519 519 1465 509 509 1466 519 519 1467 516 516 1468 509 509 1469 519 519 1470 500 500 1471 518 518 1472 500 500 1473 497 497 1474 518 518 1475 464 464 1476 513 513 1477 466 466 1478 513 513 1479 470 470 1480 466 466 1481 472 472 1482 512 512 1483 476 476 1484 512 512 1485 511 511 1486 476 476 1487 511 511 1488 514 514 1489 482 482 1490 514 514 1491 485 485 1492 482 482 1493 467 467 1494 468 468 1495 469 469 1496 468 468 1497 471 471 1498 469 469 1499 468 468 1500 466 466 1501 471 471 1502 466 466 1503 470 470 1504 471 471 1505 473 473 1506 474 474 1507 475 475 1508 474 474 1509 477 477 1510 475 475 1511 474 474 1512 472 472 1513 477 477 1514 472 472 1515 476 476 1516 477 477 1517 488 488 1518 489 489 1519 490 490 1520 489 489 1521 492 492 1522 490 490 1523 489 489 1524 487 487 1525 492 492 1526 487 487 1527 491 491 1528 492 492 1529 475 475 1530 477 477 1531 478 478 1532 477 477 1533 480 480 1534 478 478 1535 477 477 1536 476 476 1537 480 480 1538 476 476 1539 479 479 1540 480 480 1541 478 478 1542 480 480 1543 481 481 1544 480 480 1545 483 483 1546 481 481 1547 480 480 1548 479 479 1549 483 483 1550 479 479 1551 482 482 1552 483 483 1553 490 490 1554 492 492 1555 493 493 1556 492 492 1557 495 495 1558 493 493 1559 492 492 1560 491 491 1561 495 495 1562 491 491 1563 494 494 1564 495 495 1565 493 493 1566 495 495 1567 496 496 1568 495 495 1569 498 498 1570 496 496 1571 495 495 1572 494 494 1573 498 498 1574 494 494 1575 497 497 1576 498 498 1577 503 503 1578 504 504 1579 505 505 1580 504 504 1581 507 507 1582 505 505 1583 504 504 1584 502 502 1585 507 507 1586 502 502 1587 506 506 1588 507 507 1589 481 481 1590 483 483 1591 484 484 1592 483 483 1593 486 486 1594 484 484 1595 483 483 1596 482 482 1597 486 486 1598 482 482 1599 485 485 1600 486 486 1601 484 484 1602 486 486 1603 488 488 1604 486 486 1605 489 489 1606 488 488 1607 486 486 1608 485 485 1609 489 489 1610 485 485 1611 487 487 1612 489 489 1613 496 496 1614 498 498 1615 499 499 1616 498 498 1617 501 501 1618 499 499 1619 498 498 1620 497 497 1621 501 501 1622 497 497 1623 500 500 1624 501 501 1625 499 499 1626 501 501 1627 503 503 1628 501 501 1629 504 504 1630 503 503 1631 501 501 1632 500 500 1633 504 504 1634 500 500 1635 502 502 1636 504 504 1637 505 505 1638 507 507 1639 508 508 1640 507 507 1641 510 510 1642 508 508 1643 507 507 1644 506 506 1645 510 510 1646 506 506 1647 509 509 1648 510 510 1649 469 469 1650 471 471 1651 473 473 1652 471 471 1653 474 474 1654 473 473 1655 471 471 1656 470 470 1657 474 474 1658 470 470 1659 472 472 1660 474 474 1661 508 508 1662 510 510 1663 463 463 1664 510 510 1665 465 465 1666 463 463 1667 510 510 1668 509 509 1669 465 465 1670 509 509 1671 464 464 1672 465 465 1673 463 463 1674 465 465 1675 467 467 1676 465 465 1677 468 468 1678 467 467 1679 465 465 1680 464 464 1681 468 468 1682 464 464 1683 466 466 1684 468 468 1685 512 512 1686 515 515 1687 511 511 1688 515 515 1689 514 514 1690 511 511 1691 515 515 1692 518 518 1693 514 514 1694 518 518 1695 517 517 1696 514 514 1697 513 513 1698 516 516 1699 512 512 1700 516 516 1701 515 515 1702 512 512 1703 516 516 1704 519 519 1705 515 515 1706 519 519 1707 518 518 1708 515 515 1709 524 524 1710 520 520 1711 525 525 1712 520 520 1713 522 522 1714 525 525 1715 525 525 1716 522 522 1717 523 523 1718 522 522 1719 521 521 1720 523 523 1721 527 527 1722 524 524 1723 528 528 1724 524 524 1725 525 525 1726 528 528 1727 528 528 1728 525 525 1729 526 526 1730 525 525 1731 523 523 1732 526 526 1733 530 530 1734 527 527 1735 531 531 1736 527 527 1737 528 528 1738 531 531 1739 531 531 1740 528 528 1741 529 529 1742 528 528 1743 526 526 1744 529 529 1745 533 533 1746 530 530 1747 534 534 1748 530 530 1749 531 531 1750 534 534 1751 534 534 1752 531 531 1753 532 532 1754 531 531 1755 529 529 1756 532 532 1757 536 536 1758 533 533 1759 537 537 1760 533 533 1761 534 534 1762 537 537 1763 537 537 1764 534 534 1765 535 535 1766 534 534 1767 532 532 1768 535 535 1769 539 539 1770 536 536 1771 540 540 1772 536 536 1773 537 537 1774 540 540 1775 540 540 1776 537 537 1777 538 538 1778 537 537 1779 535 535 1780 538 538 1781 542 542 1782 539 539 1783 543 543 1784 539 539 1785 540 540 1786 543 543 1787 543 543 1788 540 540 1789 541 541 1790 540 540 1791 538 538 1792 541 541 1793 545 545 1794 542 542 1795 546 546 1796 542 542 1797 543 543 1798 546 546 1799 546 546 1800 543 543 1801 544 544 1802 543 543 1803 541 541 1804 544 544 1805 548 548 1806 545 545 1807 549 549 1808 545 545 1809 546 546 1810 549 549 1811 549 549 1812 546 546 1813 547 547 1814 546 546 1815 544 544 1816 547 547 1817 551 551 1818 548 548 1819 552 552 1820 548 548 1821 549 549 1822 552 552 1823 552 552 1824 549 549 1825 550 550 1826 549 549 1827 547 547 1828 550 550 1829 554 554 1830 551 551 1831 555 555 1832 551 551 1833 552 552 1834 555 555 1835 555 555 1836 552 552 1837 553 553 1838 552 552 1839 550 550 1840 553 553 1841 557 557 1842 554 554 1843 558 558 1844 554 554 1845 555 555 1846 558 558 1847 558 558 1848 555 555 1849 556 556 1850 555 555 1851 553 553 1852 556 556 1853 560 560 1854 557 557 1855 561 561 1856 557 557 1857 558 558 1858 561 561 1859 561 561 1860 558 558 1861 559 559 1862 558 558 1863 556 556 1864 559 559 1865 563 563 1866 560 560 1867 564 564 1868 560 560 1869 561 561 1870 564 564 1871 564 564 1872 561 561 1873 562 562 1874 561 561 1875 559 559 1876 562 562 1877 566 566 1878 563 563 1879 567 567 1880 563 563 1881 564 564 1882 567 567 1883 567 567 1884 564 564 1885 565 565 1886 564 564 1887 562 562 1888 565 565 1889 520 520 1890 566 566 1891 522 522 1892 566 566 1893 567 567 1894 522 522 1895 522 522 1896 567 567 1897 521 521 1898 567 567 1899 565 565 1900 521 521 1901 478 478 1902 481 481 1903 551 551 1904 481 481 1905 548 548 1906 551 551 1907 503 503 1908 505 505 1909 527 527 1910 505 505 1911 524 524 1912 527 527 1913 481 481 1914 484 484 1915 548 548 1916 484 484 1917 545 545 1918 548 548 1919 520 520 1920 508 508 1921 566 566 1922 508 508 1923 463 463 1924 566 566 1925 505 505 1926 508 508 1927 524 524 1928 508 508 1929 520 520 1930 524 524 1931 484 484 1932 488 488 1933 545 545 1934 488 488 1935 542 542 1936 545 545 1937 566 566 1938 463 463 1939 563 563 1940 463 463 1941 467 467 1942 563 563 1943 488 488 1944 490 490 1945 542 542 1946 490 490 1947 539 539 1948 542 542 1949 467 467 1950 469 469 1951 563 563 1952 469 469 1953 560 560 1954 563 563 1955 490 490 1956 493 493 1957 539 539 1958 493 493 1959 536 536 1960 539 539 1961 469 469 1962 473 473 1963 560 560 1964 473 473 1965 557 557 1966 560 560 1967 493 493 1968 496 496 1969 536 536 1970 496 496 1971 533 533 1972 536 536 1973 473 473 1974 475 475 1975 557 557 1976 475 475 1977 554 554 1978 557 557 1979 496 496 1980 499 499 1981 533 533 1982 499 499 1983 530 530 1984 533 533 1985 475 475 1986 478 478 1987 554 554 1988 478 478 1989 551 551 1990 554 554 1991 575 575 1992 618 618 1993 577 577 1994 618 618 1995 617 617 1996 577 577 1997 604 604 1998 608 608 1999 635 635 2000 608 608 2001 632 632 2002 635 635 2003 623 623 2004 602 602 2005 622 622 2006 602 602 2007 599 599 2008 622 622 2009 619 619 2010 622 622 2011 590 590 2012 622 622 2013 592 592 2014 590 590 2015 607 607 2016 605 605 2017 611 611 2018 605 605 2019 624 624 2020 611 611 2021 614 614 2022 621 621 2023 569 569 2024 621 621 2025 618 618 2026 569 569 2027 622 622 2028 599 599 2029 592 592 2030 599 599 2031 596 596 2032 592 592 2033 581 581 2034 616 616 2035 584 584 2036 616 616 2037 587 587 2038 584 584 2039 611 611 2040 624 624 2041 614 614 2042 624 624 2043 621 621 2044 614 614 2045 624 624 2046 605 605 2047 623 623 2048 605 605 2049 602 602 2050 623 623 2051 569 569 2052 618 618 2053 571 571 2054 618 618 2055 575 575 2056 571 571 2057 577 577 2058 617 617 2059 581 581 2060 617 617 2061 616 616 2062 581 581 2063 616 616 2064 619 619 2065 587 587 2066 619 619 2067 590 590 2068 587 587 2069 572 572 2070 573 573 2071 574 574 2072 573 573 2073 576 576 2074 574 574 2075 573 573 2076 571 571 2077 576 576 2078 571 571 2079 575 575 2080 576 576 2081 578 578 2082 579 579 2083 580 580 2084 579 579 2085 582 582 2086 580 580 2087 579 579 2088 577 577 2089 582 582 2090 577 577 2091 581 581 2092 582 582 2093 593 593 2094 594 594 2095 595 595 2096 594 594 2097 597 597 2098 595 595 2099 594 594 2100 592 592 2101 597 597 2102 592 592 2103 596 596 2104 597 597 2105 580 580 2106 582 582 2107 583 583 2108 582 582 2109 585 585 2110 583 583 2111 582 582 2112 581 581 2113 585 585 2114 581 581 2115 584 584 2116 585 585 2117 583 583 2118 585 585 2119 586 586 2120 585 585 2121 588 588 2122 586 586 2123 585 585 2124 584 584 2125 588 588 2126 584 584 2127 587 587 2128 588 588 2129 595 595 2130 597 597 2131 598 598 2132 597 597 2133 600 600 2134 598 598 2135 597 597 2136 596 596 2137 600 600 2138 596 596 2139 599 599 2140 600 600 2141 598 598 2142 600 600 2143 601 601 2144 600 600 2145 603 603 2146 601 601 2147 600 600 2148 599 599 2149 603 603 2150 599 599 2151 602 602 2152 603 603 2153 608 608 2154 609 609 2155 610 610 2156 609 609 2157 612 612 2158 610 610 2159 609 609 2160 607 607 2161 612 612 2162 607 607 2163 611 611 2164 612 612 2165 586 586 2166 588 588 2167 589 589 2168 588 588 2169 591 591 2170 589 589 2171 588 588 2172 587 587 2173 591 591 2174 587 587 2175 590 590 2176 591 591 2177 589 589 2178 591 591 2179 593 593 2180 591 591 2181 594 594 2182 593 593 2183 591 591 2184 590 590 2185 594 594 2186 590 590 2187 592 592 2188 594 594 2189 601 601 2190 603 603 2191 604 604 2192 603 603 2193 606 606 2194 604 604 2195 603 603 2196 602 602 2197 606 606 2198 602 602 2199 605 605 2200 606 606 2201 604 604 2202 606 606 2203 608 608 2204 606 606 2205 609 609 2206 608 608 2207 606 606 2208 605 605 2209 609 609 2210 605 605 2211 607 607 2212 609 609 2213 610 610 2214 612 612 2215 613 613 2216 612 612 2217 615 615 2218 613 613 2219 612 612 2220 611 611 2221 615 615 2222 611 611 2223 614 614 2224 615 615 2225 574 574 2226 576 576 2227 578 578 2228 576 576 2229 579 579 2230 578 578 2231 576 576 2232 575 575 2233 579 579 2234 575 575 2235 577 577 2236 579 579 2237 613 613 2238 615 615 2239 568 568 2240 615 615 2241 570 570 2242 568 568 2243 615 615 2244 614 614 2245 570 570 2246 614 614 2247 569 569 2248 570 570 2249 568 568 2250 570 570 2251 572 572 2252 570 570 2253 573 573 2254 572 572 2255 570 570 2256 569 569 2257 573 573 2258 569 569 2259 571 571 2260 573 573 2261 617 617 2262 620 620 2263 616 616 2264 620 620 2265 619 619 2266 616 616 2267 620 620 2268 623 623 2269 619 619 2270 623 623 2271 622 622 2272 619 619 2273 618 618 2274 621 621 2275 617 617 2276 621 621 2277 620 620 2278 617 617 2279 621 621 2280 624 624 2281 620 620 2282 624 624 2283 623 623 2284 620 620 2285 629 629 2286 625 625 2287 630 630 2288 625 625 2289 627 627 2290 630 630 2291 630 630 2292 627 627 2293 628 628 2294 627 627 2295 626 626 2296 628 628 2297 632 632 2298 629 629 2299 633 633 2300 629 629 2301 630 630 2302 633 633 2303 633 633 2304 630 630 2305 631 631 2306 630 630 2307 628 628 2308 631 631 2309 635 635 2310 632 632 2311 636 636 2312 632 632 2313 633 633 2314 636 636 2315 636 636 2316 633 633 2317 634 634 2318 633 633 2319 631 631 2320 634 634 2321 638 638 2322 635 635 2323 639 639 2324 635 635 2325 636 636 2326 639 639 2327 639 639 2328 636 636 2329 637 637 2330 636 636 2331 634 634 2332 637 637 2333 641 641 2334 638 638 2335 642 642 2336 638 638 2337 639 639 2338 642 642 2339 642 642 2340 639 639 2341 640 640 2342 639 639 2343 637 637 2344 640 640 2345 644 644 2346 641 641 2347 645 645 2348 641 641 2349 642 642 2350 645 645 2351 645 645 2352 642 642 2353 643 643 2354 642 642 2355 640 640 2356 643 643 2357 647 647 2358 644 644 2359 648 648 2360 644 644 2361 645 645 2362 648 648 2363 648 648 2364 645 645 2365 646 646 2366 645 645 2367 643 643 2368 646 646 2369 650 650 2370 647 647 2371 651 651 2372 647 647 2373 648 648 2374 651 651 2375 651 651 2376 648 648 2377 649 649 2378 648 648 2379 646 646 2380 649 649 2381 653 653 2382 650 650 2383 654 654 2384 650 650 2385 651 651 2386 654 654 2387 654 654 2388 651 651 2389 652 652 2390 651 651 2391 649 649 2392 652 652 2393 656 656 2394 653 653 2395 657 657 2396 653 653 2397 654 654 2398 657 657 2399 657 657 2400 654 654 2401 655 655 2402 654 654 2403 652 652 2404 655 655 2405 659 659 2406 656 656 2407 660 660 2408 656 656 2409 657 657 2410 660 660 2411 660 660 2412 657 657 2413 658 658 2414 657 657 2415 655 655 2416 658 658 2417 662 662 2418 659 659 2419 663 663 2420 659 659 2421 660 660 2422 663 663 2423 663 663 2424 660 660 2425 661 661 2426 660 660 2427 658 658 2428 661 661 2429 665 665 2430 662 662 2431 666 666 2432 662 662 2433 663 663 2434 666 666 2435 666 666 2436 663 663 2437 664 664 2438 663 663 2439 661 661 2440 664 664 2441 668 668 2442 665 665 2443 669 669 2444 665 665 2445 666 666 2446 669 669 2447 669 669 2448 666 666 2449 667 667 2450 666 666 2451 664 664 2452 667 667 2453 671 671 2454 668 668 2455 672 672 2456 668 668 2457 669 669 2458 672 672 2459 672 672 2460 669 669 2461 670 670 2462 669 669 2463 667 667 2464 670 670 2465 625 625 2466 671 671 2467 627 627 2468 671 671 2469 672 672 2470 627 627 2471 627 627 2472 672 672 2473 626 626 2474 672 672 2475 670 670 2476 626 626 2477 583 583 2478 586 586 2479 656 656 2480 586 586 2481 653 653 2482 656 656 2483 608 608 2484 610 610 2485 632 632 2486 610 610 2487 629 629 2488 632 632 2489 586 586 2490 589 589 2491 653 653 2492 589 589 2493 650 650 2494 653 653 2495 625 625 2496 613 613 2497 671 671 2498 613 613 2499 568 568 2500 671 671 2501 610 610 2502 613 613 2503 629 629 2504 613 613 2505 625 625 2506 629 629 2507 589 589 2508 593 593 2509 650 650 2510 593 593 2511 647 647 2512 650 650 2513 671 671 2514 568 568 2515 668 668 2516 568 568 2517 572 572 2518 668 668 2519 593 593 2520 595 595 2521 647 647 2522 595 595 2523 644 644 2524 647 647 2525 572 572 2526 574 574 2527 668 668 2528 574 574 2529 665 665 2530 668 668 2531 595 595 2532 598 598 2533 644 644 2534 598 598 2535 641 641 2536 644 644 2537 574 574 2538 578 578 2539 665 665 2540 578 578 2541 662 662 2542 665 665 2543 598 598 2544 601 601 2545 641 641 2546 601 601 2547 638 638 2548 641 641 2549 578 578 2550 580 580 2551 662 662 2552 580 580 2553 659 659 2554 662 662 2555 601 601 2556 604 604 2557 638 638 2558 604 604 2559 635 635 2560 638 638 2561 580 580 2562 583 583 2563 659 659 2564 583 583 2565 656 656 2566 659 659 2567 680 680 2568 723 723 2569 682 682 2570 723 723 2571 722 722 2572 682 682 2573 709 709 2574 713 713 2575 740 740 2576 713 713 2577 737 737 2578 740 740 2579 728 728 2580 707 707 2581 727 727 2582 707 707 2583 704 704 2584 727 727 2585 724 724 2586 727 727 2587 695 695 2588 727 727 2589 697 697 2590 695 695 2591 712 712 2592 710 710 2593 716 716 2594 710 710 2595 729 729 2596 716 716 2597 719 719 2598 726 726 2599 674 674 2600 726 726 2601 723 723 2602 674 674 2603 727 727 2604 704 704 2605 697 697 2606 704 704 2607 701 701 2608 697 697 2609 686 686 2610 721 721 2611 689 689 2612 721 721 2613 692 692 2614 689 689 2615 716 716 2616 729 729 2617 719 719 2618 729 729 2619 726 726 2620 719 719 2621 729 729 2622 710 710 2623 728 728 2624 710 710 2625 707 707 2626 728 728 2627 674 674 2628 723 723 2629 676 676 2630 723 723 2631 680 680 2632 676 676 2633 682 682 2634 722 722 2635 686 686 2636 722 722 2637 721 721 2638 686 686 2639 721 721 2640 724 724 2641 692 692 2642 724 724 2643 695 695 2644 692 692 2645 677 677 2646 678 678 2647 679 679 2648 678 678 2649 681 681 2650 679 679 2651 678 678 2652 676 676 2653 681 681 2654 676 676 2655 680 680 2656 681 681 2657 683 683 2658 684 684 2659 685 685 2660 684 684 2661 687 687 2662 685 685 2663 684 684 2664 682 682 2665 687 687 2666 682 682 2667 686 686 2668 687 687 2669 698 698 2670 699 699 2671 700 700 2672 699 699 2673 702 702 2674 700 700 2675 699 699 2676 697 697 2677 702 702 2678 697 697 2679 701 701 2680 702 702 2681 685 685 2682 687 687 2683 688 688 2684 687 687 2685 690 690 2686 688 688 2687 687 687 2688 686 686 2689 690 690 2690 686 686 2691 689 689 2692 690 690 2693 688 688 2694 690 690 2695 691 691 2696 690 690 2697 693 693 2698 691 691 2699 690 690 2700 689 689 2701 693 693 2702 689 689 2703 692 692 2704 693 693 2705 700 700 2706 702 702 2707 703 703 2708 702 702 2709 705 705 2710 703 703 2711 702 702 2712 701 701 2713 705 705 2714 701 701 2715 704 704 2716 705 705 2717 703 703 2718 705 705 2719 706 706 2720 705 705 2721 708 708 2722 706 706 2723 705 705 2724 704 704 2725 708 708 2726 704 704 2727 707 707 2728 708 708 2729 713 713 2730 714 714 2731 715 715 2732 714 714 2733 717 717 2734 715 715 2735 714 714 2736 712 712 2737 717 717 2738 712 712 2739 716 716 2740 717 717 2741 691 691 2742 693 693 2743 694 694 2744 693 693 2745 696 696 2746 694 694 2747 693 693 2748 692 692 2749 696 696 2750 692 692 2751 695 695 2752 696 696 2753 694 694 2754 696 696 2755 698 698 2756 696 696 2757 699 699 2758 698 698 2759 696 696 2760 695 695 2761 699 699 2762 695 695 2763 697 697 2764 699 699 2765 706 706 2766 708 708 2767 709 709 2768 708 708 2769 711 711 2770 709 709 2771 708 708 2772 707 707 2773 711 711 2774 707 707 2775 710 710 2776 711 711 2777 709 709 2778 711 711 2779 713 713 2780 711 711 2781 714 714 2782 713 713 2783 711 711 2784 710 710 2785 714 714 2786 710 710 2787 712 712 2788 714 714 2789 715 715 2790 717 717 2791 718 718 2792 717 717 2793 720 720 2794 718 718 2795 717 717 2796 716 716 2797 720 720 2798 716 716 2799 719 719 2800 720 720 2801 679 679 2802 681 681 2803 683 683 2804 681 681 2805 684 684 2806 683 683 2807 681 681 2808 680 680 2809 684 684 2810 680 680 2811 682 682 2812 684 684 2813 718 718 2814 720 720 2815 673 673 2816 720 720 2817 675 675 2818 673 673 2819 720 720 2820 719 719 2821 675 675 2822 719 719 2823 674 674 2824 675 675 2825 673 673 2826 675 675 2827 677 677 2828 675 675 2829 678 678 2830 677 677 2831 675 675 2832 674 674 2833 678 678 2834 674 674 2835 676 676 2836 678 678 2837 722 722 2838 725 725 2839 721 721 2840 725 725 2841 724 724 2842 721 721 2843 725 725 2844 728 728 2845 724 724 2846 728 728 2847 727 727 2848 724 724 2849 723 723 2850 726 726 2851 722 722 2852 726 726 2853 725 725 2854 722 722 2855 726 726 2856 729 729 2857 725 725 2858 729 729 2859 728 728 2860 725 725 2861 734 734 2862 730 730 2863 735 735 2864 730 730 2865 732 732 2866 735 735 2867 735 735 2868 732 732 2869 733 733 2870 732 732 2871 731 731 2872 733 733 2873 737 737 2874 734 734 2875 738 738 2876 734 734 2877 735 735 2878 738 738 2879 738 738 2880 735 735 2881 736 736 2882 735 735 2883 733 733 2884 736 736 2885 740 740 2886 737 737 2887 741 741 2888 737 737 2889 738 738 2890 741 741 2891 741 741 2892 738 738 2893 739 739 2894 738 738 2895 736 736 2896 739 739 2897 743 743 2898 740 740 2899 744 744 2900 740 740 2901 741 741 2902 744 744 2903 744 744 2904 741 741 2905 742 742 2906 741 741 2907 739 739 2908 742 742 2909 746 746 2910 743 743 2911 747 747 2912 743 743 2913 744 744 2914 747 747 2915 747 747 2916 744 744 2917 745 745 2918 744 744 2919 742 742 2920 745 745 2921 749 749 2922 746 746 2923 750 750 2924 746 746 2925 747 747 2926 750 750 2927 750 750 2928 747 747 2929 748 748 2930 747 747 2931 745 745 2932 748 748 2933 752 752 2934 749 749 2935 753 753 2936 749 749 2937 750 750 2938 753 753 2939 753 753 2940 750 750 2941 751 751 2942 750 750 2943 748 748 2944 751 751 2945 755 755 2946 752 752 2947 756 756 2948 752 752 2949 753 753 2950 756 756 2951 756 756 2952 753 753 2953 754 754 2954 753 753 2955 751 751 2956 754 754 2957 758 758 2958 755 755 2959 759 759 2960 755 755 2961 756 756 2962 759 759 2963 759 759 2964 756 756 2965 757 757 2966 756 756 2967 754 754 2968 757 757 2969 761 761 2970 758 758 2971 762 762 2972 758 758 2973 759 759 2974 762 762 2975 762 762 2976 759 759 2977 760 760 2978 759 759 2979 757 757 2980 760 760 2981 764 764 2982 761 761 2983 765 765 2984 761 761 2985 762 762 2986 765 765 2987 765 765 2988 762 762 2989 763 763 2990 762 762 2991 760 760 2992 763 763 2993 767 767 2994 764 764 2995 768 768 2996 764 764 2997 765 765 2998 768 768 2999 768 768 3000 765 765 3001 766 766 3002 765 765 3003 763 763 3004 766 766 3005 770 770 3006 767 767 3007 771 771 3008 767 767 3009 768 768 3010 771 771 3011 771 771 3012 768 768 3013 769 769 3014 768 768 3015 766 766 3016 769 769 3017 773 773 3018 770 770 3019 774 774 3020 770 770 3021 771 771 3022 774 774 3023 774 774 3024 771 771 3025 772 772 3026 771 771 3027 769 769 3028 772 772 3029 776 776 3030 773 773 3031 777 777 3032 773 773 3033 774 774 3034 777 777 3035 777 777 3036 774 774 3037 775 775 3038 774 774 3039 772 772 3040 775 775 3041 730 730 3042 776 776 3043 732 732 3044 776 776 3045 777 777 3046 732 732 3047 732 732 3048 777 777 3049 731 731 3050 777 777 3051 775 775 3052 731 731 3053 688 688 3054 691 691 3055 761 761 3056 691 691 3057 758 758 3058 761 761 3059 713 713 3060 715 715 3061 737 737 3062 715 715 3063 734 734 3064 737 737 3065 691 691 3066 694 694 3067 758 758 3068 694 694 3069 755 755 3070 758 758 3071 730 730 3072 718 718 3073 776 776 3074 718 718 3075 673 673 3076 776 776 3077 715 715 3078 718 718 3079 734 734 3080 718 718 3081 730 730 3082 734 734 3083 694 694 3084 698 698 3085 755 755 3086 698 698 3087 752 752 3088 755 755 3089 776 776 3090 673 673 3091 773 773 3092 673 673 3093 677 677 3094 773 773 3095 698 698 3096 700 700 3097 752 752 3098 700 700 3099 749 749 3100 752 752 3101 677 677 3102 679 679 3103 773 773 3104 679 679 3105 770 770 3106 773 773 3107 700 700 3108 703 703 3109 749 749 3110 703 703 3111 746 746 3112 749 749 3113 679 679 3114 683 683 3115 770 770 3116 683 683 3117 767 767 3118 770 770 3119 703 703 3120 706 706 3121 746 746 3122 706 706 3123 743 743 3124 746 746 3125 683 683 3126 685 685 3127 767 767 3128 685 685 3129 764 764 3130 767 767 3131 706 706 3132 709 709 3133 743 743 3134 709 709 3135 740 740 3136 743 743 3137 685 685 3138 688 688 3139 764 764 3140 688 688 3141 761 761 3142 764 764 3143</p>
				</triangles>
			</mesh>
		</geometry>
	</library_geometries>
	<library_visual_scenes>
		<visual_scene id="Scene" name="Scene">
			<node id="Part_0" name="Part.0" type="NODE">
				<matrix sid="transform">1 0 0 0 0 1 0 0 0 0 1 40 0 0 0 1</matrix>
				<instance_geometry url="#3001|MB|42-mesh">
					<bind_material>
						<technique_common>
							<instance_material symbol="MB|42-material" target="#MB|42-material"/>
						</technique_common>
					</bind_material>
				</instance_geometry>
			</node>
			<node id="Part_1" name="Part.1" type="NODE">
				<matrix sid="transform">1 0 0 -16 0 1 0 9.6 0 0 1 40 0 0 0 1</matrix>
				<instance_geometry url="#3001|MB|42-mesh">
					<bind_material>
						<technique_common>
							<instance_material symbol="MB|42-material" target="#MB|42-material"/>
						</technique_common>
					</bind_material>
				</instance_geometry>
			</node>
			<node id="Part_2" name="Part.2" type="NODE">
				<matrix sid="transform">1 0 0 16 0 1 0 9.6 0 0 1 40 0 0 0 1</matrix>
				<instance_geometry url="#3001|MB|42-mesh">
					<bind_material>
						<technique_common>
							<instance_material symbol="MB|42-material" target="#MB|42-material"/>
						</technique_common>
					</bind_material>
				</instance_geometry>
			</node>
			<node id="Part_3" name="Part.3" type="NODE">
				<matrix sid="transform">1 0 0 -16 0 1 0 28.8 0 0 1 40 0 0 0 1</matrix>
				<instance_geometry url="#3001|MB|42-mesh">
					<bind_material>
						<technique_common>
							<instance_material symbol="MB|42-material" target="#MB|42-material"/>
						</technique_common>
					</bind_material>
				</instance_geometry>
			</node>
			<node id="Part_4" name="Part.4" type="NODE">
				<matrix sid="transform">1 0 0 16 0 1 0 28.8 0 0 1 40 0 0 0 1</matrix>
				<instance_geometry url="#3001|MB|42-mesh">
					<bind_material>
						<technique_common>
							<instance_material symbol="MB|42-material" target="#MB|42-material"/>
						</technique_common>
					</bind_material>
				</instance_geometry>
			</node>
			<node id="Part_5" name="Part.5" type="NODE">
				<matrix sid="transform">0 0 1 -24 0 1 0 0 -1 0 0 16 0 0 0 1</matrix>
				<instance_geometry url="#3001|MB|42-mesh">
					<bind_material>
						<technique_common>
							<instance_material symbol="MB|42-material" target="#MB|42-material"/>
						</technique_common>
					</bind_material>
				</instance_geometry>
			</node>
			<node id="Part_6" name="Part.6" type="NODE">
				<matrix sid="transform">0 0 1 -24 0 1 0 19.2 -1 0 0 16 0 0 0 1</matrix>
				<instance_geometry url="#3001|MB|42-mesh">
					<bind_material>
						<technique_common>
							<instance_material symbol="MB|42-material" target="#MB|42-material"/>
						</technique_common>
					</bind_material>
				</instance_geometry>
			</node>
			<node id="Part_7" name="Part.7" type="NODE">
				<matrix sid="transform">0 0 1 24 0 1 0 0 -1 0 0 16 0 0 0 1</matrix>
				<instance_geometry url="#3001|MB|42-mesh">
					<bind_material>
						<technique_common>
							<instance_material symbol="MB|42-material" target="#MB|42-material"/>
						</technique_common>
					</bind_material>
				</instance_geometry>
			</node>
			<node id="Part_8" name="Part.8" type="NODE">
				<matrix sid="transform">0 0 1 24 0 1 0 19.2 -1 0 0 16 0 0 0 1</matrix>
				<instance_geometry url="#3001|MB|42-mesh">
					<bind_material>
						<technique_common>
							<instance_material symbol="MB|42-material" target="#MB|42-material"/>
						</technique_common>
					</bind_material>
				</instance_geometry>
			</node>
			<node id="Part_9" name="Part.9" type="NODE">
				<matrix sid="transform">1 0 0 16 0 1 0 28.8 0 0 1 8 0 0 0 1</matrix>
				<instance_geometry url="#3001|MB|42-mesh">
					<bind_material>
						<technique_common>
							<instance_material symbol="MB|42-material" target="#MB|42-material"/>
						</technique_common>
					</bind_material>
				</instance_geometry>
			</node>
			<node id="Part_10" name="Part.10" type="NODE">
				<matrix sid="transform">1 0 0 -16 0 1 0 28.8 0 0 1 8 0 0 0 1</matrix>
				<instance_geometry url="#3001|MB|42-mesh">
					<bind_material>
						<technique_common>
							<instance_material symbol="MB|42-material" target="#MB|42-material"/>
						</technique_common>
					</bind_material>
				</instance_geometry>
			</node>
			<node id="Part_11" name="Part.11" type="NODE">
				<matrix sid="transform">0 0 1 24 0 1 0 38.4 -1 0 0 24 0 0 0 1</matrix>
				<instance_geometry url="#3001|MB|42-mesh">
					<bind_material>
						<technique_common>
							<instance_material symbol="MB|42-material" target="#MB|42-material"/>
						</technique_common>
					</bind_material>
				</instance_geometry>
			</node>
			<node id="Part_12" name="Part.12" type="NODE">
				<matrix sid="transform">0 0 1 -24 0 1 0 38.4 -1 0 0 24 0 0 0 1</matrix>
				<instance_geometry url="#3001|MB|42-mesh">
					<bind_material>
						<technique_common>
							<instance_material symbol="MB|42-material" target="#MB|42-material"/>
						</technique_common>
					</bind_material>
				</instance_geometry>
			</node>
			<node id="Part_13" name="Part.13" type="NODE">
				<matrix sid="transform">1 0 0 0 0 1 0 38.4 0 0 1 32 0 0 0 1</matrix>
				<instance_geometry url="#3001|MB|42-mesh">
					<bind_material>
						<technique_common>
							<instance_material symbol="MB|42-material" target="#MB|42-material"/>
						</technique_common>
					</bind_material>
				</instance_geometry>
			</node>
			<node id="Part_14" name="Part.14" type="NODE">
				<matrix sid="transform">1 0 0 0 0 1 0 38.4 0 0 1 16 0 0 0 1</matrix>
				<instance_geometry url="#3001|MB|42-mesh">
					<bind_material>
						<technique_common>
							<instance_material symbol="MB|42-material" target="#MB|42-material"/>
						</technique_common>
					</bind_material>
				</instance_geometry>
			</node>
			<node id="Part_15" name="Part.15" type="NODE">
				<matrix sid="transform">1 0 0 0 0 1 0 48 0 0 1 24 0 0 0 1</matrix>
				<instance_geometry url="#3001|MB|42-mesh">
					<bind_material>
						<technique_common>
							<instance_material symbol="MB|42-material" target="#MB|42-material"/>
						</technique_common>
					</bind_material>
				</instance_geometry>
			</node>
			<node id="Part_16" name="Part.16" type="NODE">
				<matrix sid="transform">1 0 0 24 0 1 0 0 0 0 1 40 0 0 0 1</matrix>
				<instance_geometry url="#3003|MB|42-mesh">
					<bind_material>
						<technique_common>
							<instance_material symbol="MB|42-material" target="#MB|42-material"/>
						</technique_common>
					</bind_material>
				</instance_geometry>
			</node>
			<node id="Part_17" name="Part.17" type="NODE">
				<matrix sid="transform">1 0 0 -24 0 1 0 0 0 0 1 40 0 0 0 1</matrix>
				<instance_geometry url="#3003|MB|42-mesh">
					<bind_material>
						<technique_common>
							<instance_material symbol="MB|42-material" target="#MB|42-material"/>
						</technique_common>
					</bind_material>
				</instance_geometry>
			</node>
			<node id="Part_18" name="Part.18" type="NODE">
				<matrix sid="transform">1 0 0 24 0 1 0 19.2 0 0 1 40 0 0 0 1</matrix>
				<instance_geometry url="#3003|MB|42-mesh">
					<bind_material>
						<technique_common>
							<instance_material symbol="MB|42-material" target="#MB|42-material"/>
						</technique_common>
					</bind_material>
				</instance_geometry>
			</node>
			<node id="Part_19" name="Part.19" type="NODE">
				<matrix sid="transform">1 0 0 -24 0 1 0 19.2 0 0 1 40 0 0 0 1</matrix>
				<instance_geometry url="#3003|MB|42-mesh">
					<bind_material>
						<technique_common>
							<instance_material symbol="MB|42-material" target="#MB|42-material"/>
						</technique_common>
					</bind_material>
				</instance_geometry>
			</node>
			<node id="Part_20" name="Part.20" type="NODE">
				<matrix sid="transform">0 0 1 24 0 1 0 48 -1 0 0 24 0 0 0 1</matrix>
				<instance_geometry url="#3003|MB|42-mesh">
					<bind_material>
						<technique_common>
							<instance_material symbol="MB|42-material" target="#MB|42-material"/>
						</technique_common>
					</bind_material>
				</instance_geometry>
			</node>
			<node id="Part_21" name="Part.21" type="NODE">
				<matrix sid="transform">1 0 0 -24 0 1 0 28.8 0 0 1 24 0 0 0 1</matrix>
				<instance_geometry url="#3003|MB|42-mesh">
					<bind_material>
						<technique_common>
							<instance_material symbol="MB|42-material" target="#MB|42-material"/>
						</technique_common>
					</bind_material>
				</instance_geometry>
			</node>
			<node id="Part_22" name="Part.22" type="NODE">
				<matrix sid="transform">0 0 1 -24 0 1 0 9.6 -1 0 0 8 0 0 0 1</matrix>
				<instance_geometry url="#3003|MB|42-mesh">
					<bind_material>
						<technique_common>
							<instance_material symbol="MB|42-material" target="#MB|42-material"/>
						</technique_common>
					</bind_material>
				</instance_geometry>
			</node>
			<node id="Part_23" name="Part.23" type="NODE">
				<matrix sid="transform">0 0 1 -24 0 1 0 9.6 -1 0 0 24 0 0 0 1</matrix>
				<instance_geometry url="#3003|MB|42-mesh">
					<bind_material>
						<technique_common>
							<instance_material symbol="MB|42-material" target="#MB|42-material"/>
						</technique_common>
					</bind_material>
				</instance_geometry>
			</node>
			<node id="Part_24" name="Part.24" type="NODE">
				<matrix sid="transform">0 0 1 24 0 1 0 9.6 -1 0 0 24 0 0 0 1</matrix>
				<instance_geometry url="#3003|MB|42-mesh">
					<bind_material>
						<technique_common>
							<instance_material symbol="MB|42-material" target="#MB|42-material"/>
						</technique_common>
					</bind_material>
				</instance_geometry>
			</node>
			<node id="Part_25" name="Part.25" type="NODE">
				<matrix sid="transform">0 0 1 24 0 1 0 9.6 -1 0 0 8 0 0 0 1</matrix>
				<instance_geometry url="#3003|MB|42-mesh">
					<bind_material>
						<technique_common>
							<instance_material symbol="MB|42-material" target="#MB|42-material"/>
						</technique_common>
					</bind_material>
				</instance_geometry>
			</node>
			<node id="Part_26" name="Part.26" type="NODE">
				<matrix sid="transform">0 0 1 24 0 1 0 28.8 -1 0 0 24 0 0 0 1</matrix>
				<instance_geometry url="#3003|MB|42-mesh">
					<bind_material>
						<technique_common>
							<instance_material symbol="MB|42-material" target="#MB|42-material"/>
						</technique_common>
					</bind_material>
				</instance_geometry>
			</node>
			<node id="Part_27" name="Part.27" type="NODE">
				<matrix sid="transform">0 0 1 -24 0 1 0 48 -1 0 0 24 0 0 0 1</matrix>
				<instance_geometry url="#3003|MB|42-mesh">
					<bind_material>
						<technique_common>
							<instance_material symbol="MB|42-material" target="#MB|42-material"/>
						</technique_common>
					</bind_material>
				</instance_geometry>
			</node>
			<node id="Part_28" name="Part.28" type="NODE">
				<matrix sid="transform">1 0 0 8 0 1 0 0 0 0 1 8 0 0 0 1</matrix>
				<instance_geometry url="#3003|MB|42-mesh">
					<bind_material>
						<technique_common>
							<instance_material symbol="MB|42-material" target="#MB|42-material"/>
						</technique_common>
					</bind_material>
				</instance_geometry>
			</node>
			<node id="Part_29" name="Part.29" type="NODE">
				<matrix sid="transform">1 0 0 8 0 1 0 9.6 0 0 1 8 0 0 0 1</matrix>
				<instance_geometry url="#3003|MB|42-mesh">
					<bind_material>
						<technique_common>
							<instance_material symbol="MB|42-material" target="#MB|42-material"/>
						</technique_common>
					</bind_material>
				</instance_geometry>
			</node>
			<node id="Part_30" name="Part.30" type="NODE">
				<matrix sid="transform">1 0 0 8 0 1 0 19.2 0 0 1 8 0 0 0 1</matrix>
				<instance_geometry url="#3003|MB|42-mesh">
					<bind_material>
						<technique_common>
							<instance_material symbol="MB|42-material" target="#MB|42-material"/>
						</technique_common>
					</bind_material>
				</instance_geometry>
			</node>
		</visual_scene>
	</library_visual_scenes>
	<scene>
		<instance_visual_scene url="#Scene"/>
	</scene>
</COLLADA>